ticket_id,text,category,priority,channel,sentiment,resolution_status,response_time_hours,resolution_time_hours,customer_satisfaction,word_count,char_count,cleaned_text,text_length,unique_words
TKT-1001,"Hi, The item I received is defective and I need replacement Please let me know what steps I should take.",Returns & Refunds,Medium,Chat,Negative,Pending,2.04,8.14,2,20,104,item received defective need replacement please let know step take,104,10
TKT-1002,"Dear Support, My data is not syncing across devices properly I need urgent assistance with this.",Technical Support,High,Email,Negative,Pending,14.01,35.45,2,16,96,dear support data syncing across device properly need urgent assistance,96,10
TKT-1003,My store credit was not applied to my account I need urgent assistance with this.,Returns & Refunds,Low,Chat,Neutral,Resolved,13.57,38.36,5,15,81,store credit applied account need urgent assistance,81,7
TKT-1004,"Hi, Can I expedite the shipping on my recent order Please help me resolve this as soon as possible.",Shipping & Delivery,Low,Chat,Neutral,Resolved,36.91,52.95,4,19,99,expedite shipping recent order please help resolve soon possible,99,9
TKT-1005,"Good day, Why was my card declined when making a payment Please help me resolve this as soon as possible.",Billing & Payments,Medium,Email,Positive,Resolved,0.81,107.86,5,20,105,good day card declined making payment please help resolve soon possible,105,11
TKT-1006,I want to change the delivery address for my order Thank you for your help.,Shipping & Delivery,High,Phone,Neutral,Resolved,2.32,3.88,4,15,75,want change delivery address order thank help,75,7
TKT-1007,"Hi there, Error message appears every time I try to save Please help me resolve this as soon as possible.",Technical Support,Low,Phone,Negative,Resolved,8.97,61.82,4,20,105,error message appears every time try save please help resolve soon possible,105,12
TKT-1008,"Hi team, The export function produces corrupt files I have been waiting for a while now.",Technical Support,Low,Web Form,Negative,Pending,54.05,119.65,4,16,88,team export function produce corrupt file waiting,88,7
TKT-1009,"Good day, I need to change the email address on my account I have been waiting for a while now.",Account Management,Low,Email,Neutral,Resolved,11.81,34.6,5,20,95,good day need change email address account waiting,95,8
TKT-1010,"Hi team, My invoice shows incorrect amount, please fix it I need urgent assistance with this.",Billing & Payments,Medium,Email,Neutral,Resolved,19.45,22.23,5,16,93,team invoice show incorrect amount please fix need urgent assistance,93,10
TKT-1011,"Hi there, Please update my personal information in the system Please help me resolve this as soon as possible.",Account Management,High,Phone,Neutral,Resolved,4.91,20.58,5,19,110,please update personal information system please help resolve soon possible,110,9
TKT-1012,I sent the return package but got no confirmation I need urgent assistance with this.,Returns & Refunds,Low,Web Form,Neutral,Resolved,23.43,52.36,3,15,85,sent return package got confirmation need urgent assistance,85,8
TKT-1013,Can you explain the difference between basic and pro Please let me know what steps I should take.,Product Information,Medium,Chat,Neutral,Pending,26.19,49.19,2,18,97,explain difference basic pro please let know step take,97,9
TKT-1014,"To whom it may concern, I need a prepaid return label for my item This is affecting my work significantly.",Returns & Refunds,High,Phone,Negative,Resolved,2.72,11.6,4,20,106,may concern need prepaid return label item affecting work significantly,106,10
TKT-1015,"Hi, The item I received is defective and I need replacement This is affecting my work significantly.",Returns & Refunds,Low,Chat,Positive,Resolved,9.06,60.21,5,17,100,item received defective need replacement affecting work significantly,100,8
TKT-1016,"Good day, Please help me delete my account permanently I need urgent assistance with this.",Account Management,Low,Email,Neutral,Pending,1.92,26.56,2,15,90,good day please help delete account permanently need urgent assistance,90,10
TKT-1017,"Dear team, Is there a free trial available for your enterprise plan I have been waiting for a while now.",Product Information,Critical,Web Form,Negative,Resolved,1.63,2.63,5,20,104,dear team free trial available enterprise plan waiting,104,8
TKT-1018,"To whom it may concern, I keep getting disconnected from the server This is affecting my work significantly.",Technical Support,Medium,Email,Negative,Pending,1.4,10.71,3,18,108,may concern keep getting disconnected server affecting work significantly,108,9
TKT-1019,"Hello, I was denied a refund but the product is faulty Looking forward to your prompt response.",Returns & Refunds,High,Chat,Negative,Resolved,2.16,5.18,3,17,95,hello denied refund product faulty looking forward prompt response,95,9
TKT-1020,"Good day, The courier left my package in the wrong location Looking forward to your prompt response.",Shipping & Delivery,Medium,Chat,Negative,Resolved,14.57,30.84,5,17,100,good day courier left package wrong location looking forward prompt response,100,11
TKT-1021,"Hi there, Does your product comply with GDPR regulations This is affecting my work significantly.",Product Information,Critical,Email,Neutral,Resolved,0.5,1.5,5,15,97,product comply gdpr regulation affecting work significantly,97,7
TKT-1022,"Hi, Can I exchange the product for a different size This is affecting my work significantly.",Returns & Refunds,Medium,Web Form,Positive,Resolved,3.29,8.92,4,16,92,exchange product different size affecting work significantly,92,7
TKT-1023,"Hi team, Please update my payment method to a new card Please let me know what steps I should take.",Billing & Payments,Critical,Phone,Neutral,Pending,0.5,4.41,2,20,99,team please update payment method new card please let know step take,99,11
TKT-1024,"To whom it may concern, Why was my card declined when making a payment This is affecting my work significantly.",Billing & Payments,Medium,Email,Negative,Resolved,21.64,35.57,3,20,111,may concern card declined making payment affecting work significantly,111,9
TKT-1025,"Hi team, I sent the return package but got no confirmation",Returns & Refunds,Low,Email,Negative,Pending,17.22,35.71,3,11,58,team sent return package got confirmation,58,6
TKT-1026,"Dear Support, The mobile app is very slow and unresponsive This is affecting my work significantly.",Technical Support,Low,Web Form,Negative,Resolved,3.55,33.58,3,16,99,dear support mobile app slow unresponsive affecting work significantly,99,9
TKT-1027,Please process my refund to the original payment method Please let me know what steps I should take.,Returns & Refunds,Critical,Phone,Negative,Resolved,1.7,4.13,4,18,100,please process refund original payment method please let know step take,100,10
TKT-1028,"Hi team, I need a prepaid return label for my item Thank you for your help.",Returns & Refunds,Low,Web Form,Positive,Pending,24.06,53.88,2,16,75,team need prepaid return label item thank help,75,8
TKT-1029,"Dear Support, My account has been locked and I cannot access it",Account Management,High,Phone,Negative,Pending,4.11,5.16,2,12,63,dear support account locked cannot access,63,6
TKT-1030,"Hello, I was charged twice for my subscription this month Looking forward to your prompt response.",Billing & Payments,High,Email,Negative,Resolved,4.36,5.36,3,16,98,hello charged twice subscription month looking forward prompt response,98,9
TKT-1031,"Hi team, My refund has not been processed after two weeks I need urgent assistance with this.",Returns & Refunds,Medium,Email,Negative,Pending,14.95,24.69,2,17,93,team refund processed two week need urgent assistance,93,8
TKT-1032,"Dear team, Does your product comply with GDPR regulations Please let me know what steps I should take.",Product Information,High,Phone,Negative,Pending,3.36,4.54,2,18,102,dear team product comply gdpr regulation please let know step take,102,11
TKT-1033,"Hello, My order has not arrived yet and it is overdue Please let me know what steps I should take.",Shipping & Delivery,Low,Chat,Neutral,Escalated,53.43,125.23,2,20,98,hello order arrived yet overdue please let know step take,98,10
TKT-1034,"Hello, Can I exchange the product for a different size Please let me know what steps I should take.",Returns & Refunds,Medium,Email,Negative,Resolved,15.38,27.25,3,19,99,hello exchange product different size please let know step take,99,10
TKT-1035,"Dear team, Does the product support integration with Salesforce Please help me resolve this as soon as possible.",Product Information,Medium,Web Form,Neutral,Escalated,29.56,46.2,1,18,112,dear team product support integration salesforce please help resolve soon possible,112,11
TKT-1036,"Hi there, My store credit was not applied to my account Looking forward to your prompt response.",Returns & Refunds,Critical,Web Form,Neutral,Escalated,1.92,2.96,1,17,96,store credit applied account looking forward prompt response,96,8
TKT-1037,"Hi there, I received a damaged item in my shipment This is affecting my work significantly.",Shipping & Delivery,High,Chat,Neutral,Resolved,11.01,25.3,4,16,91,received damaged item shipment affecting work significantly,91,7
TKT-1038,"Dear Support, I keep getting disconnected from the server Please help me resolve this as soon as possible.",Technical Support,Low,Email,Negative,Escalated,17.53,168.63,2,18,106,dear support keep getting disconnected server please help resolve soon possible,106,11
TKT-1039,"Dear team, I need to cancel my order before it is shipped Please help me resolve this as soon as possible.",Shipping & Delivery,Medium,Email,Negative,Resolved,19.89,79.7,5,21,106,dear team need cancel order shipped please help resolve soon possible,106,11
TKT-1040,"Hi there, Please update my payment method to a new card This is affecting my work significantly.",Billing & Payments,Critical,Phone,Negative,Resolved,1.05,4.68,5,17,96,please update payment method new card affecting work significantly,96,9
TKT-1041,"Hello, Why was my card declined when making a payment I need urgent assistance with this.",Billing & Payments,High,Email,Neutral,Resolved,3.45,4.45,4,16,89,hello card declined making payment need urgent assistance,89,8
TKT-1042,"Hello, I sent the return package but got no confirmation Looking forward to your prompt response.",Returns & Refunds,Medium,Email,Neutral,Resolved,0.5,62.76,4,16,97,hello sent return package got confirmation looking forward prompt response,97,10
TKT-1043,"Dear team, Dashboard is not loading any data for me Looking forward to your prompt response.",Technical Support,Low,Email,Negative,Pending,23.41,29.83,2,16,92,dear team dashboard loading data looking forward prompt response,92,9
TKT-1044,"Hi team, I need to transfer my account to another user This is affecting my work significantly.",Account Management,Medium,Phone,Negative,Resolved,44.68,70.83,4,17,95,team need transfer account another user affecting work significantly,95,9
TKT-1045,"Good day, The courier left my package in the wrong location Please let me know what steps I should take.",Shipping & Delivery,High,Email,Neutral,Resolved,0.5,39.95,5,20,104,good day courier left package wrong location please let know step take,104,12
TKT-1046,"To whom it may concern, What languages does your platform currently support",Product Information,Medium,Email,Neutral,Resolved,3.46,32.14,5,12,75,may concern language platform currently support,75,6
TKT-1047,"Hello, I received the wrong item in my package This is affecting my work significantly.",Shipping & Delivery,Medium,Phone,Neutral,Escalated,9.7,43.76,1,15,87,hello received wrong item package affecting work significantly,87,8
TKT-1048,"To whom it may concern, I cannot log in to my account after the update Please help me resolve this as soon as possible.",Technical Support,Low,Email,Neutral,Pending,2.96,6.35,2,24,119,may concern cannot log account update please help resolve soon possible,119,11
TKT-1049,"Good day, The delivery estimate keeps getting pushed further This is affecting my work significantly.",Shipping & Delivery,High,Email,Negative,Resolved,2.71,10.4,3,15,101,good day delivery estimate keep getting pushed affecting work significantly,101,10
TKT-1050,"Hi, My invoice shows incorrect amount, please fix it This is affecting my work significantly.",Billing & Payments,Medium,Chat,Neutral,Resolved,0.56,17.45,5,15,93,invoice show incorrect amount please fix affecting work significantly,93,9
TKT-1051,"To whom it may concern, I was charged twice for my subscription this month I need urgent assistance with this.",Billing & Payments,Medium,Email,Negative,Pending,0.88,37.9,2,20,110,may concern charged twice subscription month need urgent assistance,110,9
TKT-1052,"Hi there, I want to change the delivery address for my order",Shipping & Delivery,Medium,Chat,Negative,Resolved,12.37,34.44,4,12,60,want change delivery address order,60,5
TKT-1053,"Dear Support, The software is not compatible with my operating system",Technical Support,Critical,Web Form,Neutral,Escalated,0.5,1.5,1,11,69,dear support software compatible operating system,69,6
TKT-1054,"Hi team, Error message appears every time I try to save This is affecting my work significantly.",Technical Support,Low,Email,Positive,Pending,9.22,143.39,2,17,96,team error message appears every time try save affecting work significantly,96,11
TKT-1055,"Hi team, My invoice shows incorrect amount, please fix it I have been waiting for a while now.",Billing & Payments,High,Phone,Neutral,Resolved,3.97,29.16,5,18,94,team invoice show incorrect amount please fix waiting,94,8
TKT-1056,"Dear team, Does your product comply with GDPR regulations Please help me resolve this as soon as possible.",Product Information,High,Phone,Neutral,Resolved,6.58,62.46,4,18,106,dear team product comply gdpr regulation please help resolve soon possible,106,11
TKT-1057,"Hello, The replacement item also arrived damaged Please help me resolve this as soon as possible.",Returns & Refunds,Medium,Web Form,Negative,Resolved,23.46,43.63,5,16,97,hello replacement item also arrived damaged please help resolve soon possible,97,11
TKT-1058,"To whom it may concern, Is there an API available for custom integrations I need urgent assistance with this.",Product Information,High,Chat,Positive,Escalated,7.01,11.63,3,19,109,may concern api available custom integration need urgent assistance,109,9
TKT-1059,"Good day, My data is not syncing across devices properly",Technical Support,Medium,Email,Positive,Escalated,4.62,112.51,3,10,56,good day data syncing across device properly,56,7
TKT-1060,"Dear Support, The feature stopped working after the last update Please let me know what steps I should take.",Technical Support,Medium,Email,Negative,Resolved,4.78,44.97,5,19,108,dear support feature stopped working last update please let know step take,108,12
TKT-1061,"Hello, What are the system requirements for your software",Product Information,High,Chat,Negative,Resolved,0.5,10.07,4,9,57,hello system requirement software,57,4
TKT-1062,"Hi, I received a damaged item in my shipment Please help me resolve this as soon as possible.",Shipping & Delivery,High,Email,Neutral,Resolved,5.73,17.29,3,18,93,received damaged item shipment please help resolve soon possible,93,9
TKT-1063,"Dear Support, Why was my card declined when making a payment Thank you for your help.",Billing & Payments,Low,Phone,Negative,Resolved,29.4,35.51,3,16,85,dear support card declined making payment thank help,85,8
TKT-1064,"Good day, What is the data retention policy for your service Thank you for your help.",Product Information,Critical,Phone,Neutral,Resolved,2.94,15.75,5,16,85,good day data retention policy service thank help,85,8
TKT-1065,"Hi team, I need a refund for the payment made last week Please help me resolve this as soon as possible.",Billing & Payments,Medium,Chat,Positive,Pending,6.62,91.88,2,21,104,team need refund payment made last week please help resolve soon possible,104,12
TKT-1066,"Dear team, Is there a free trial available for your enterprise plan Please let me know what steps I should take.",Product Information,Medium,Email,Positive,Resolved,1.52,6.02,5,21,112,dear team free trial available enterprise plan please let know step take,112,12
TKT-1067,Is there an API available for custom integrations,Product Information,High,Chat,Negative,Escalated,1.35,25.7,1,8,49,api available custom integration,49,4
TKT-1068,"Hi there, My data is not syncing across devices properly This is affecting my work significantly.",Technical Support,Critical,Email,Positive,Escalated,2.22,4.47,3,16,97,data syncing across device properly affecting work significantly,97,8
TKT-1069,The payment gateway keeps showing an error Please help me resolve this as soon as possible.,Billing & Payments,Low,Chat,Negative,Escalated,23.82,109.5,1,16,91,payment gateway keep showing error please help resolve soon possible,91,10
TKT-1070,"Hi, Can I exchange the product for a different size Please help me resolve this as soon as possible.",Returns & Refunds,Medium,Email,Negative,Escalated,3.96,112.1,3,19,100,exchange product different size please help resolve soon possible,100,9
TKT-1071,I received the wrong item in my package Looking forward to your prompt response.,Shipping & Delivery,Medium,Email,Negative,Resolved,7.48,23.17,4,14,80,received wrong item package looking forward prompt response,80,8
TKT-1072,"Hello, I need a copy of my tax invoice for last year Looking forward to your prompt response.",Billing & Payments,Low,Phone,Negative,Escalated,18.43,45.1,3,18,93,hello need copy tax invoice last year looking forward prompt response,93,11
TKT-1073,"Hello, The payment gateway keeps showing an error This is affecting my work significantly.",Billing & Payments,Medium,Phone,Neutral,Escalated,35.9,82.47,2,14,90,hello payment gateway keep showing error affecting work significantly,90,9
TKT-1074,"Good day, Can you explain the difference between basic and pro Please help me resolve this as soon as possible.",Product Information,Medium,Email,Negative,Pending,0.5,17.5,4,20,111,good day explain difference basic pro please help resolve soon possible,111,11
TKT-1075,"Hi team, I received a damaged item in my shipment I have been waiting for a while now.",Shipping & Delivery,Critical,Chat,Neutral,Resolved,3.5,9.04,5,18,86,team received damaged item shipment waiting,86,6
TKT-1076,"To whom it may concern, My account has been locked and I cannot access it This is affecting my work significantly.",Account Management,Medium,Email,Neutral,Resolved,24.01,84.35,5,21,114,may concern account locked cannot access affecting work significantly,114,9
TKT-1077,"Dear Support, I cannot verify my email address with the link sent Please let me know what steps I should take.",Account Management,Critical,Web Form,Negative,Pending,1.89,2.89,3,21,110,dear support cannot verify email address link sent please let know step take,110,13
TKT-1078,"Hello, How many users can I add under a single license Please help me resolve this as soon as possible.",Product Information,Low,Email,Negative,Resolved,26.73,96.04,4,20,103,hello many user add single license please help resolve soon possible,103,11
TKT-1079,"Hello, Do you offer any educational or nonprofit discounts I need urgent assistance with this.",Product Information,Low,Phone,Negative,Resolved,17.62,155.27,4,15,94,hello offer educational nonprofit discount need urgent assistance,94,8
TKT-1080,I want to change the delivery address for my order Please let me know what steps I should take.,Shipping & Delivery,Medium,Email,Negative,Resolved,0.5,51.15,5,19,95,want change delivery address order please let know step take,95,10
TKT-1081,"Hello, I keep getting disconnected from the server This is affecting my work significantly.",Technical Support,High,Email,Neutral,Resolved,1.73,12.42,4,14,91,hello keep getting disconnected server affecting work significantly,91,8
TKT-1082,"Dear Support, I want to merge two accounts into one",Account Management,Medium,Chat,Negative,Resolved,18.37,36.55,5,10,51,dear support want merge two account one,51,7
TKT-1083,"Hi there, The courier left my package in the wrong location Please help me resolve this as soon as possible.",Shipping & Delivery,High,Web Form,Negative,Resolved,2.71,6.29,4,20,108,courier left package wrong location please help resolve soon possible,108,10
TKT-1084,"Hi there, Please process my refund to the original payment method I need urgent assistance with this.",Returns & Refunds,Critical,Chat,Neutral,Resolved,0.5,1.5,3,17,101,please process refund original payment method need urgent assistance,101,9
TKT-1085,"Hello, The mobile app is very slow and unresponsive I need urgent assistance with this.",Technical Support,Low,Chat,Neutral,Resolved,4.82,35.36,5,15,87,hello mobile app slow unresponsive need urgent assistance,87,8
TKT-1086,"Dear Support, Please process my refund to the original payment method Please let me know what steps I should take.",Returns & Refunds,Medium,Email,Negative,Resolved,0.5,7.16,4,20,114,dear support please process refund original payment method please let know step take,114,12
TKT-1087,"Good day, Please remove the two factor authentication from my account I have been waiting for a while now.",Account Management,Low,Chat,Positive,Resolved,5.55,38.16,4,19,106,good day please remove two factor authentication account waiting,106,9
TKT-1088,"Hi there, Dashboard is not loading any data for me",Technical Support,Medium,Chat,Positive,Pending,1.02,75.48,4,10,50,dashboard loading data,50,3
TKT-1089,"Hello, I forgot my password and need to reset it Thank you for your help.",Account Management,Low,Phone,Neutral,Pending,4.9,21.81,2,15,73,hello forgot password need reset thank help,73,7
TKT-1090,"Hi, I forgot my password and need to reset it I have been waiting for a while now.",Account Management,Medium,Chat,Negative,Resolved,16.51,17.86,4,18,82,forgot password need reset waiting,82,5
TKT-1091,"Hi there, Dashboard is not loading any data for me Looking forward to your prompt response.",Technical Support,High,Chat,Negative,Resolved,0.5,7.62,4,16,91,dashboard loading data looking forward prompt response,91,7
TKT-1092,I sent the return package but got no confirmation Thank you for your help.,Returns & Refunds,Low,Email,Neutral,Resolved,9.33,26.43,4,14,74,sent return package got confirmation thank help,74,7
TKT-1093,"Hello, My order has not arrived yet and it is overdue I need urgent assistance with this.",Shipping & Delivery,Low,Phone,Negative,Resolved,37.36,87.04,3,17,89,hello order arrived yet overdue need urgent assistance,89,8
TKT-1094,My refund has not been processed after two weeks Please help me resolve this as soon as possible.,Returns & Refunds,Medium,Chat,Negative,Pending,1.64,13.65,2,18,97,refund processed two week please help resolve soon possible,97,9
TKT-1095,Please remove the two factor authentication from my account Looking forward to your prompt response.,Account Management,Medium,Web Form,Negative,Resolved,11.17,20.92,3,15,100,please remove two factor authentication account looking forward prompt response,100,10
TKT-1096,"Hi, Does the product support integration with Salesforce Please let me know what steps I should take.",Product Information,Low,Email,Neutral,Resolved,8.05,21.76,5,17,101,product support integration salesforce please let know step take,101,9
TKT-1097,"To whom it may concern, I forgot my password and need to reset it This is affecting my work significantly.",Account Management,Low,Web Form,Negative,Resolved,2.85,39.37,5,20,106,may concern forgot password need reset affecting work significantly,106,9
TKT-1098,"Hello, How do I initiate a return for an online purchase I have been waiting for a while now.",Returns & Refunds,High,Email,Negative,Resolved,4.42,36.22,4,19,93,hello initiate return online purchase waiting,93,6
TKT-1099,"Dear Support, Can I expedite the shipping on my recent order This is affecting my work significantly.",Shipping & Delivery,Medium,Email,Neutral,Pending,4.69,24.64,3,17,101,dear support expedite shipping recent order affecting work significantly,101,9
TKT-1100,"Hi team, The website is showing a 500 internal server error Please help me resolve this as soon as possible.",Technical Support,Low,Email,Positive,Resolved,20.89,32.96,4,20,108,team website showing internal server error please help resolve soon possible,108,11
TKT-1101,"To whom it may concern, The export function produces corrupt files Thank you for your help.",Technical Support,Medium,Email,Positive,Resolved,0.79,166.43,4,16,91,may concern export function produce corrupt file thank help,91,9
TKT-1102,"Good day, My store credit was not applied to my account Please let me know what steps I should take.",Returns & Refunds,High,Phone,Neutral,Pending,3.62,11.28,3,20,100,good day store credit applied account please let know step take,100,11
TKT-1103,"Hello, The export function produces corrupt files Thank you for your help.",Technical Support,Medium,Web Form,Negative,Pending,1.59,48.84,4,12,74,hello export function produce corrupt file thank help,74,8
TKT-1104,"Good day, My promo code is not being applied to my bill This is affecting my work significantly.",Billing & Payments,Low,Chat,Positive,Pending,44.26,55.1,3,18,96,good day promo code applied bill affecting work significantly,96,9
TKT-1105,"Hi there, How many users can I add under a single license This is affecting my work significantly.",Product Information,Low,Phone,Neutral,Resolved,26.26,79.57,4,18,98,many user add single license affecting work significantly,98,8
TKT-1106,"Good day, The application keeps crashing when I open it Thank you for your help.",Technical Support,High,Chat,Neutral,Pending,1.89,9.35,2,15,80,good day application keep crashing open thank help,80,8
TKT-1107,"Hello, I want to merge two accounts into one Please let me know what steps I should take.",Account Management,High,Web Form,Negative,Resolved,1.94,11.35,5,18,89,hello want merge two account one please let know step take,89,11
TKT-1108,I want to change my username on the platform Thank you for your help.,Account Management,Medium,Chat,Positive,Escalated,4.89,10.29,2,14,69,want change username platform thank help,69,6
TKT-1109,"To whom it may concern, Please process my refund to the original payment method Please help me resolve this as soon as possible.",Returns & Refunds,Medium,Phone,Negative,Pending,1.97,15.42,2,23,128,may concern please process refund original payment method please help resolve soon possible,128,12
TKT-1110,"Dear Support, I cannot find my billing history on the portal Please let me know what steps I should take.",Billing & Payments,High,Phone,Positive,Resolved,8.37,13.4,5,20,105,dear support cannot find billing history portal please let know step take,105,12
TKT-1111,"Hi team, My invoice shows incorrect amount, please fix it I have been waiting for a while now.",Billing & Payments,Low,Chat,Negative,Resolved,38.3,50.0,4,18,94,team invoice show incorrect amount please fix waiting,94,8
TKT-1112,"Hi team, Can I exchange the product for a different size I need urgent assistance with this.",Returns & Refunds,High,Phone,Negative,Resolved,3.13,6.61,4,17,92,team exchange product different size need urgent assistance,92,8
TKT-1113,"Good day, Do you offer any educational or nonprofit discounts Please let me know what steps I should take.",Product Information,Low,Chat,Negative,Resolved,14.88,226.76,3,19,106,good day offer educational nonprofit discount please let know step take,106,11
TKT-1114,"Hi team, Subscription fee was deducted twice this month Please help me resolve this as soon as possible.",Billing & Payments,Medium,Email,Negative,Resolved,24.68,121.52,4,18,104,team subscription fee deducted twice month please help resolve soon possible,104,11
TKT-1115,"Good day, The delivery estimate keeps getting pushed further I have been waiting for a while now.",Shipping & Delivery,Medium,Email,Negative,Pending,10.3,43.9,3,17,97,good day delivery estimate keep getting pushed waiting,97,8
TKT-1116,"To whom it may concern, Can you explain the difference between basic and pro I have been waiting for a while now.",Product Information,High,Chat,Negative,Escalated,0.5,50.77,3,22,113,may concern explain difference basic pro waiting,113,7
TKT-1117,"Hi there, The item I received is defective and I need replacement Please let me know what steps I should take.",Returns & Refunds,Low,Chat,Negative,Pending,21.47,58.13,2,21,110,item received defective need replacement please let know step take,110,10
TKT-1118,"To whom it may concern, The return window has passed but the item is broken Thank you for your help.",Returns & Refunds,Medium,Email,Negative,Resolved,6.09,33.85,5,20,100,may concern return window passed item broken thank help,100,9
TKT-1119,I was denied a refund but the product is faulty Looking forward to your prompt response.,Returns & Refunds,Medium,Chat,Neutral,Pending,3.05,24.73,2,16,88,denied refund product faulty looking forward prompt response,88,8
TKT-1120,"Hi team, The feature stopped working after the last update Looking forward to your prompt response.",Technical Support,Low,Web Form,Neutral,Resolved,10.8,73.36,5,16,99,team feature stopped working last update looking forward prompt response,99,10
TKT-1121,"Hi there, My package was returned to sender by mistake Thank you for your help.",Shipping & Delivery,Low,Web Form,Negative,Resolved,3.86,42.42,3,15,79,package returned sender mistake thank help,79,6
TKT-1122,"Hi there, My order has not arrived yet and it is overdue Please let me know what steps I should take.",Shipping & Delivery,Critical,Email,Negative,Resolved,1.39,2.39,5,21,101,order arrived yet overdue please let know step take,101,9
TKT-1123,"To whom it may concern, The feature stopped working after the last update",Technical Support,Low,Chat,Neutral,Resolved,19.97,24.86,5,13,73,may concern feature stopped working last update,73,7
TKT-1124,"Good day, What is the data retention policy for your service",Product Information,Medium,Chat,Negative,Resolved,9.84,15.92,3,11,60,good day data retention policy service,60,6
TKT-1125,"Hello, My refund has not been processed after two weeks Please let me know what steps I should take.",Returns & Refunds,High,Email,Negative,Resolved,4.13,10.44,3,19,100,hello refund processed two week please let know step take,100,10
TKT-1126,"To whom it may concern, I need to schedule a redelivery for my parcel I need urgent assistance with this.",Shipping & Delivery,Low,Email,Negative,Pending,6.02,24.94,3,20,105,may concern need schedule redelivery parcel need urgent assistance,105,8
TKT-1127,"Hi there, Dashboard is not loading any data for me This is affecting my work significantly.",Technical Support,Low,Email,Positive,Pending,25.38,44.97,2,16,91,dashboard loading data affecting work significantly,91,6
TKT-1128,"Hi, The website is showing a 500 internal server error Please help me resolve this as soon as possible.",Technical Support,Low,Phone,Negative,Pending,12.15,91.55,2,19,103,website showing internal server error please help resolve soon possible,103,10
TKT-1129,"Hello, Error message appears every time I try to save",Technical Support,Low,Email,Negative,Resolved,5.59,7.53,3,10,53,hello error message appears every time try save,53,8
TKT-1130,"Good day, What languages does your platform currently support Thank you for your help.",Product Information,Medium,Phone,Neutral,Pending,5.02,15.83,2,14,86,good day language platform currently support thank help,86,8
TKT-1131,"Good day, Does your product comply with GDPR regulations Looking forward to your prompt response.",Product Information,Medium,Chat,Neutral,Resolved,9.64,30.26,4,15,97,good day product comply gdpr regulation looking forward prompt response,97,10
TKT-1132,"Hi, My store credit was not applied to my account I need urgent assistance with this.",Returns & Refunds,Critical,Web Form,Negative,Resolved,0.67,7.42,5,16,85,store credit applied account need urgent assistance,85,7
TKT-1133,"Dear Support, What are the system requirements for your software",Product Information,Medium,Chat,Positive,Resolved,12.04,22.78,3,10,64,dear support system requirement software,64,5
TKT-1134,"Good day, I need a copy of my tax invoice for last year I need urgent assistance with this.",Billing & Payments,High,Email,Negative,Resolved,1.27,2.27,5,19,91,good day need copy tax invoice last year need urgent assistance,91,10
TKT-1135,"Dear team, Does the product support integration with Salesforce I have been waiting for a while now.",Product Information,Low,Chat,Negative,Resolved,25.29,152.76,4,17,100,dear team product support integration salesforce waiting,100,7
TKT-1136,Do you offer any educational or nonprofit discounts Thank you for your help.,Product Information,Low,Web Form,Positive,Escalated,21.84,87.9,2,13,76,offer educational nonprofit discount thank help,76,6
TKT-1137,"Dear Support, I received the wrong item in my package",Shipping & Delivery,Low,Chat,Negative,Resolved,17.56,21.02,3,10,53,dear support received wrong item package,53,6
TKT-1138,"Good day, Is there a free trial available for your enterprise plan Please let me know what steps I should take.",Product Information,High,Email,Positive,Resolved,1.97,6.06,4,21,111,good day free trial available enterprise plan please let know step take,111,12
TKT-1139,"Good day, I received the wrong item in my package Please let me know what steps I should take.",Shipping & Delivery,High,Chat,Neutral,Resolved,4.36,37.5,5,19,94,good day received wrong item package please let know step take,94,11
TKT-1140,"Hi there, Can you explain the difference between basic and pro This is affecting my work significantly.",Product Information,Low,Chat,Positive,Resolved,1.27,50.65,4,17,103,explain difference basic pro affecting work significantly,103,7
TKT-1141,"To whom it may concern, Please update my personal information in the system I need urgent assistance with this.",Account Management,Medium,Email,Negative,Resolved,15.63,40.26,5,19,111,may concern please update personal information system need urgent assistance,111,10
TKT-1142,"Good day, The website is showing a 500 internal server error Thank you for your help.",Technical Support,Medium,Phone,Neutral,Pending,14.24,25.67,3,16,85,good day website showing internal server error thank help,85,9
TKT-1143,"Good day, My refund has not been processed after two weeks I need urgent assistance with this.",Returns & Refunds,Medium,Email,Positive,Escalated,36.01,57.27,1,17,94,good day refund processed two week need urgent assistance,94,9
TKT-1144,"To whom it may concern, Does your product comply with GDPR regulations",Product Information,Medium,Phone,Negative,Pending,12.9,55.33,4,12,70,may concern product comply gdpr regulation,70,6
TKT-1145,"Good day, What features are included in the premium plan Thank you for your help.",Product Information,Low,Web Form,Neutral,Resolved,69.2,72.1,5,15,81,good day feature included premium plan thank help,81,8
TKT-1146,"Hi, Do you offer any educational or nonprofit discounts Thank you for your help.",Product Information,Critical,Web Form,Neutral,Resolved,0.5,4.09,4,14,80,offer educational nonprofit discount thank help,80,6
TKT-1147,"To whom it may concern, What features are included in the premium plan Please let me know what steps I should take.",Product Information,Critical,Chat,Negative,Escalated,1.98,7.57,1,22,115,may concern feature included premium plan please let know step take,115,11
TKT-1148,Does your product comply with GDPR regulations This is affecting my work significantly.,Product Information,High,Email,Positive,Resolved,0.51,1.51,5,13,87,product comply gdpr regulation affecting work significantly,87,7
TKT-1149,"Hi there, What are the system requirements for your software Thank you for your help.",Product Information,Medium,Email,Negative,Resolved,9.31,65.61,4,15,85,system requirement software thank help,85,5
TKT-1150,"Hi team, What features are included in the premium plan I have been waiting for a while now.",Product Information,Medium,Email,Negative,Resolved,0.5,73.98,3,18,92,team feature included premium plan waiting,92,6
TKT-1151,"Hi team, The replacement item also arrived damaged Looking forward to your prompt response.",Returns & Refunds,High,Phone,Negative,Escalated,24.73,29.91,2,14,91,team replacement item also arrived damaged looking forward prompt response,91,10
TKT-1152,Does the product support integration with Salesforce Please help me resolve this as soon as possible.,Product Information,Medium,Web Form,Neutral,Resolved,49.68,102.32,4,16,101,product support integration salesforce please help resolve soon possible,101,9
TKT-1153,"Hi, Do you offer any educational or nonprofit discounts I need urgent assistance with this.",Product Information,Medium,Email,Negative,Resolved,5.26,17.44,4,15,91,offer educational nonprofit discount need urgent assistance,91,7
TKT-1154,"Dear Support, The return window has passed but the item is broken",Returns & Refunds,Low,Web Form,Positive,Resolved,13.4,48.32,5,12,65,dear support return window passed item broken,65,7
TKT-1155,"Hi there, The application keeps crashing when I open it Thank you for your help.",Technical Support,Low,Email,Negative,Pending,12.97,165.11,4,15,80,application keep crashing open thank help,80,6
TKT-1156,"Dear team, My account has been locked and I cannot access it I have been waiting for a while now.",Account Management,Medium,Web Form,Negative,Resolved,3.16,106.12,5,20,97,dear team account locked cannot access waiting,97,7
TKT-1157,"Hi there, I cannot verify my email address with the link sent Thank you for your help.",Account Management,Medium,Email,Negative,Resolved,2.99,10.42,5,17,86,cannot verify email address link sent thank help,86,8
TKT-1158,"Dear team, Please help me delete my account permanently Please help me resolve this as soon as possible.",Account Management,Medium,Web Form,Positive,Escalated,31.53,221.61,1,18,104,dear team please help delete account permanently please help resolve soon possible,104,10
TKT-1159,"Hi, Please process my refund to the original payment method I have been waiting for a while now.",Returns & Refunds,Medium,Email,Negative,Pending,20.3,29.45,2,18,96,please process refund original payment method waiting,96,7
TKT-1160,"Hello, Dashboard is not loading any data for me Please help me resolve this as soon as possible.",Technical Support,Medium,Email,Negative,Resolved,25.19,36.31,3,18,96,hello dashboard loading data please help resolve soon possible,96,9
TKT-1161,"Good day, Why was my card declined when making a payment Please help me resolve this as soon as possible.",Billing & Payments,High,Phone,Negative,Pending,4.26,13.86,2,20,105,good day card declined making payment please help resolve soon possible,105,11
TKT-1162,"Good day, The tracking number provided is not working Looking forward to your prompt response.",Shipping & Delivery,Medium,Phone,Neutral,Resolved,8.22,11.26,4,15,94,good day tracking number provided working looking forward prompt response,94,10
TKT-1163,"Hello, What languages does your platform currently support This is affecting my work significantly.",Product Information,Medium,Chat,Positive,Pending,7.86,40.17,4,14,99,hello language platform currently support affecting work significantly,99,8
TKT-1164,"Hi there, Is there an API available for custom integrations I have been waiting for a while now.",Product Information,Medium,Email,Negative,Resolved,25.31,82.79,5,18,96,api available custom integration waiting,96,5
TKT-1165,"Hello, I cannot install the application on my laptop Looking forward to your prompt response.",Technical Support,High,Phone,Negative,Pending,4.78,18.46,3,15,93,hello cannot install application laptop looking forward prompt response,93,9
TKT-1166,"Hi, Please help me delete my account permanently Please let me know what steps I should take.",Account Management,High,Web Form,Neutral,Pending,0.5,21.47,2,17,93,please help delete account permanently please let know step take,93,9
TKT-1167,"Hi team, I need to schedule a redelivery for my parcel Thank you for your help.",Shipping & Delivery,Medium,Phone,Negative,Resolved,21.42,46.91,3,16,79,team need schedule redelivery parcel thank help,79,7
TKT-1168,"Hello, How do I initiate a return for an online purchase This is affecting my work significantly.",Returns & Refunds,Low,Chat,Negative,Escalated,7.22,79.59,2,17,97,hello initiate return online purchase affecting work significantly,97,8
TKT-1169,"Hi there, Subscription fee was deducted twice this month I need urgent assistance with this.",Billing & Payments,High,Chat,Positive,Pending,13.19,18.21,3,15,92,subscription fee deducted twice month need urgent assistance,92,8
TKT-1170,"To whom it may concern, My order has not arrived yet and it is overdue Thank you for your help.",Shipping & Delivery,Critical,Phone,Positive,Escalated,0.5,1.57,2,20,95,may concern order arrived yet overdue thank help,95,8
TKT-1171,"Hello, Can I exchange the product for a different size I have been waiting for a while now.",Returns & Refunds,Low,Chat,Negative,Resolved,1.12,148.88,5,18,91,hello exchange product different size waiting,91,6
TKT-1172,"Dear team, I was billed after cancelling my account I need urgent assistance with this.",Billing & Payments,Critical,Phone,Negative,Resolved,0.5,1.5,4,15,87,dear team billed cancelling account need urgent assistance,87,8
TKT-1173,"Dear team, How many users can I add under a single license Looking forward to your prompt response.",Product Information,Medium,Chat,Negative,Pending,3.84,214.49,3,18,99,dear team many user add single license looking forward prompt response,99,11
TKT-1174,Does the product support integration with Salesforce Please let me know what steps I should take.,Product Information,Medium,Phone,Neutral,Pending,2.99,6.09,3,16,97,product support integration salesforce please let know step take,97,9
TKT-1175,"Dear team, The delivery estimate keeps getting pushed further",Shipping & Delivery,Medium,Email,Neutral,Escalated,6.79,110.32,1,9,61,dear team delivery estimate keep getting pushed,61,7
TKT-1176,"Hi there, Is there an API available for custom integrations I have been waiting for a while now.",Product Information,Medium,Web Form,Neutral,Resolved,6.32,87.15,4,18,96,api available custom integration waiting,96,5
TKT-1177,"Hi there, I cannot log in to my account after the update",Technical Support,Low,Chat,Positive,Pending,47.95,94.09,4,12,56,cannot log account update,56,4
TKT-1178,"Hi team, Error message appears every time I try to save I have been waiting for a while now.",Technical Support,Low,Phone,Negative,Pending,44.71,147.77,3,19,92,team error message appears every time try save waiting,92,9
TKT-1179,"To whom it may concern, My promo code is not being applied to my bill Looking forward to your prompt response.",Billing & Payments,Low,Chat,Positive,Escalated,38.21,85.51,1,21,110,may concern promo code applied bill looking forward prompt response,110,10
TKT-1180,"To whom it may concern, What are the system requirements for your software Please let me know what steps I should take.",Product Information,Low,Email,Negative,Resolved,16.24,21.01,4,22,119,may concern system requirement software please let know step take,119,10
TKT-1181,"Hi there, I want to merge two accounts into one Please help me resolve this as soon as possible.",Account Management,Low,Chat,Negative,Resolved,0.5,5.91,4,19,96,want merge two account one please help resolve soon possible,96,10
TKT-1182,"Hello, I want to change the delivery address for my order This is affecting my work significantly.",Shipping & Delivery,Medium,Phone,Negative,Resolved,23.6,78.09,3,17,98,hello want change delivery address order affecting work significantly,98,9
TKT-1183,"Dear team, The return window has passed but the item is broken This is affecting my work significantly.",Returns & Refunds,Medium,Web Form,Positive,Resolved,1.84,26.72,5,18,103,dear team return window passed item broken affecting work significantly,103,10
TKT-1184,"Dear team, I sent the return package but got no confirmation",Returns & Refunds,High,Email,Negative,Resolved,2.92,4.02,4,11,60,dear team sent return package got confirmation,60,7
TKT-1185,"Hi there, My invoice shows incorrect amount, please fix it This is affecting my work significantly.",Billing & Payments,Low,Email,Positive,Resolved,20.12,104.32,5,16,99,invoice show incorrect amount please fix affecting work significantly,99,9
TKT-1186,"Good day, Is there an API available for custom integrations Please let me know what steps I should take.",Product Information,Low,Chat,Neutral,Resolved,29.42,31.73,5,19,104,good day api available custom integration please let know step take,104,11
TKT-1187,"To whom it may concern, I need a prepaid return label for my item",Returns & Refunds,Low,Web Form,Negative,Pending,30.05,146.55,2,14,65,may concern need prepaid return label item,65,7
TKT-1188,"To whom it may concern, The delivery estimate keeps getting pushed further Thank you for your help.",Shipping & Delivery,High,Chat,Positive,Pending,6.8,14.02,3,17,99,may concern delivery estimate keep getting pushed thank help,99,9
TKT-1189,"To whom it may concern, Please process my refund to the original payment method I have been waiting for a while now.",Returns & Refunds,Medium,Email,Negative,Resolved,3.41,9.66,5,22,116,may concern please process refund original payment method waiting,116,9
TKT-1190,"Hi there, I sent the return package but got no confirmation Please let me know what steps I should take.",Returns & Refunds,Low,Email,Negative,Resolved,37.42,114.82,4,20,104,sent return package got confirmation please let know step take,104,10
TKT-1191,"Hello, My account has been locked and I cannot access it This is affecting my work significantly.",Account Management,Medium,Web Form,Negative,Resolved,44.17,81.99,3,17,97,hello account locked cannot access affecting work significantly,97,8
TKT-1192,Please help me delete my account permanently Looking forward to your prompt response.,Account Management,Medium,Email,Positive,Resolved,7.45,80.43,5,13,85,please help delete account permanently looking forward prompt response,85,9
TKT-1193,"Dear team, My data is not syncing across devices properly Please let me know what steps I should take.",Technical Support,High,Chat,Neutral,Resolved,17.58,18.58,5,19,102,dear team data syncing across device properly please let know step take,102,12
TKT-1194,I need a prepaid return label for my item Please let me know what steps I should take.,Returns & Refunds,Medium,Chat,Neutral,Pending,24.8,107.95,3,18,86,need prepaid return label item please let know step take,86,10
TKT-1195,"Hi there, Why was my card declined when making a payment This is affecting my work significantly.",Billing & Payments,Low,Email,Negative,Escalated,23.41,95.3,2,17,97,card declined making payment affecting work significantly,97,7
TKT-1196,"Hi there, I need to change the email address on my account Please help me resolve this as soon as possible.",Account Management,Low,Email,Negative,Escalated,6.51,262.41,1,21,107,need change email address account please help resolve soon possible,107,10
TKT-1197,"Dear Support, Please process my refund to the original payment method Please let me know what steps I should take.",Returns & Refunds,High,Web Form,Neutral,Resolved,2.36,11.04,4,20,114,dear support please process refund original payment method please let know step take,114,12
TKT-1198,I was charged twice for my subscription this month Please let me know what steps I should take.,Billing & Payments,Medium,Web Form,Neutral,Resolved,3.58,42.08,4,18,95,charged twice subscription month please let know step take,95,9
TKT-1199,"Dear team, My refund has not been processed after two weeks I need urgent assistance with this.",Returns & Refunds,High,Chat,Positive,Escalated,1.08,2.08,1,17,95,dear team refund processed two week need urgent assistance,95,9
TKT-1200,"Hi there, The payment gateway keeps showing an error",Billing & Payments,Medium,Chat,Neutral,Pending,3.43,38.0,3,9,52,payment gateway keep showing error,52,5
TKT-1201,"To whom it may concern, What is the data retention policy for your service Looking forward to your prompt response.",Product Information,Low,Phone,Neutral,Resolved,26.16,72.5,5,20,115,may concern data retention policy service looking forward prompt response,115,10
TKT-1202,"Dear team, I cannot find my billing history on the portal I need urgent assistance with this.",Billing & Payments,High,Email,Negative,Pending,0.5,4.27,2,17,93,dear team cannot find billing history portal need urgent assistance,93,10
TKT-1203,"Dear team, I was billed after cancelling my account I need urgent assistance with this.",Billing & Payments,Medium,Email,Negative,Resolved,7.22,105.01,4,15,87,dear team billed cancelling account need urgent assistance,87,8
TKT-1204,"Hi, I need to schedule a redelivery for my parcel Looking forward to your prompt response.",Shipping & Delivery,Medium,Web Form,Positive,Resolved,40.27,41.27,5,16,90,need schedule redelivery parcel looking forward prompt response,90,8
TKT-1205,"Hi there, I cannot install the application on my laptop I need urgent assistance with this.",Technical Support,Medium,Chat,Negative,Resolved,8.05,47.62,3,16,91,cannot install application laptop need urgent assistance,91,7
TKT-1206,I cannot log in to my account after the update Thank you for your help.,Technical Support,Low,Email,Neutral,Pending,26.86,279.12,2,15,71,cannot log account update thank help,71,6
TKT-1207,"Good day, My package was returned to sender by mistake Thank you for your help.",Shipping & Delivery,Medium,Email,Neutral,Pending,14.16,79.71,4,15,79,good day package returned sender mistake thank help,79,8
TKT-1208,"Hi there, What is the data retention policy for your service Thank you for your help.",Product Information,Medium,Web Form,Neutral,Resolved,10.14,11.26,5,16,85,data retention policy service thank help,85,6
TKT-1209,"Hi, Please remove the two factor authentication from my account I need urgent assistance with this.",Account Management,Medium,Phone,Negative,Resolved,6.01,43.93,3,16,99,please remove two factor authentication account need urgent assistance,99,9
TKT-1210,"Good day, Dashboard is not loading any data for me Please let me know what steps I should take.",Technical Support,Medium,Web Form,Negative,Resolved,6.27,79.93,5,19,95,good day dashboard loading data please let know step take,95,10
TKT-1211,"Dear Support, The item I received is defective and I need replacement This is affecting my work significantly.",Returns & Refunds,Medium,Chat,Negative,Pending,4.75,44.4,4,18,110,dear support item received defective need replacement affecting work significantly,110,10
TKT-1212,"Hello, The software is not compatible with my operating system Looking forward to your prompt response.",Technical Support,High,Phone,Negative,Resolved,0.51,9.95,3,16,103,hello software compatible operating system looking forward prompt response,103,9
TKT-1213,"Dear team, I was billed after cancelling my account",Billing & Payments,Medium,Phone,Neutral,Resolved,5.9,27.34,4,9,51,dear team billed cancelling account,51,5
TKT-1214,"Good day, I forgot my password and need to reset it Please let me know what steps I should take.",Account Management,Medium,Chat,Neutral,Resolved,13.24,48.02,4,20,96,good day forgot password need reset please let know step take,96,11
TKT-1215,"Dear team, I was denied a refund but the product is faulty I need urgent assistance with this.",Returns & Refunds,Medium,Chat,Negative,Resolved,0.5,15.53,4,18,94,dear team denied refund product faulty need urgent assistance,94,9
TKT-1216,"Hi there, How do I initiate a return for an online purchase This is affecting my work significantly.",Returns & Refunds,Medium,Chat,Negative,Resolved,17.37,77.73,5,18,100,initiate return online purchase affecting work significantly,100,7
TKT-1217,Can you explain the difference between basic and pro This is affecting my work significantly.,Product Information,Critical,Email,Positive,Resolved,1.04,7.89,4,15,93,explain difference basic pro affecting work significantly,93,7
TKT-1218,"Hi there, My refund has not been processed after two weeks Looking forward to your prompt response.",Returns & Refunds,Critical,Chat,Positive,Escalated,0.5,2.5,1,17,99,refund processed two week looking forward prompt response,99,8
TKT-1219,"Dear Support, I was charged twice for my subscription this month Please let me know what steps I should take.",Billing & Payments,Low,Chat,Neutral,Pending,8.95,76.81,3,20,109,dear support charged twice subscription month please let know step take,109,11
TKT-1220,"Hi there, The courier left my package in the wrong location",Shipping & Delivery,Low,Email,Neutral,Resolved,27.43,41.85,4,11,59,courier left package wrong location,59,5
TKT-1221,"Hi there, My promo code is not being applied to my bill Thank you for your help.",Billing & Payments,High,Email,Positive,Resolved,13.18,21.11,5,17,80,promo code applied bill thank help,80,6
TKT-1222,I need to transfer my account to another user,Account Management,Medium,Web Form,Positive,Resolved,11.04,72.61,5,9,45,need transfer account another user,45,5
TKT-1223,"Hi, Can you explain the difference between basic and pro Thank you for your help.",Product Information,Low,Chat,Neutral,Resolved,43.96,209.76,4,15,81,explain difference basic pro thank help,81,6
TKT-1224,"Hi there, Can I exchange the product for a different size Please help me resolve this as soon as possible.",Returns & Refunds,Low,Phone,Negative,Resolved,13.23,92.52,3,20,106,exchange product different size please help resolve soon possible,106,9
TKT-1225,"Hi, Why was my card declined when making a payment Please let me know what steps I should take.",Billing & Payments,Medium,Email,Neutral,Resolved,16.02,87.53,4,19,95,card declined making payment please let know step take,95,9
TKT-1226,"Dear Support, My order has not arrived yet and it is overdue",Shipping & Delivery,Low,Chat,Positive,Resolved,18.99,37.99,4,12,60,dear support order arrived yet overdue,60,6
TKT-1227,"Dear team, I need to schedule a redelivery for my parcel Please let me know what steps I should take.",Shipping & Delivery,Medium,Email,Neutral,Escalated,14.26,32.9,1,20,101,dear team need schedule redelivery parcel please let know step take,101,11
TKT-1228,"Hi team, I cannot install the application on my laptop",Technical Support,High,Email,Negative,Escalated,0.5,15.96,2,10,54,team cannot install application laptop,54,5
TKT-1229,"To whom it may concern, My promo code is not being applied to my bill Thank you for your help.",Billing & Payments,Low,Web Form,Positive,Resolved,5.11,33.24,4,20,94,may concern promo code applied bill thank help,94,8
TKT-1230,"Hello, Please update my personal information in the system Looking forward to your prompt response.",Account Management,Medium,Email,Positive,Resolved,19.33,28.92,4,15,99,hello please update personal information system looking forward prompt response,99,10
TKT-1231,"Dear team, I cannot verify my email address with the link sent Please let me know what steps I should take.",Account Management,High,Email,Negative,Resolved,1.62,14.91,5,21,107,dear team cannot verify email address link sent please let know step take,107,13
TKT-1232,The return window has passed but the item is broken Please help me resolve this as soon as possible.,Returns & Refunds,Medium,Chat,Negative,Pending,0.74,30.49,4,19,100,return window passed item broken please help resolve soon possible,100,10
TKT-1233,"To whom it may concern, Can you explain the difference between basic and pro Please let me know what steps I should take.",Product Information,Low,Chat,Negative,Resolved,2.44,45.53,5,23,121,may concern explain difference basic pro please let know step take,121,11
TKT-1234,"Hi team, Please help me delete my account permanently Please help me resolve this as soon as possible.",Account Management,Medium,Web Form,Negative,Pending,3.21,21.56,2,18,102,team please help delete account permanently please help resolve soon possible,102,9
TKT-1235,"Dear team, Please process my refund to the original payment method Thank you for your help.",Returns & Refunds,Critical,Phone,Negative,Resolved,0.74,3.67,3,16,91,dear team please process refund original payment method thank help,91,10
TKT-1236,Why was my card declined when making a payment I have been waiting for a while now.,Billing & Payments,High,Phone,Positive,Pending,4.93,5.93,2,17,83,card declined making payment waiting,83,5
TKT-1237,"Dear team, I received the wrong item in my package Please help me resolve this as soon as possible.",Shipping & Delivery,Low,Web Form,Neutral,Resolved,19.37,45.62,4,19,99,dear team received wrong item package please help resolve soon possible,99,11
TKT-1238,The mobile app is very slow and unresponsive Looking forward to your prompt response.,Technical Support,Medium,Web Form,Negative,Resolved,8.25,182.78,5,14,85,mobile app slow unresponsive looking forward prompt response,85,8
TKT-1239,"Dear team, My account shows wrong subscription plan I need urgent assistance with this.",Account Management,Low,Phone,Negative,Resolved,11.5,162.95,5,14,87,dear team account show wrong subscription plan need urgent assistance,87,10
TKT-1240,"Good day, I want to upgrade my plan but billing is confusing Looking forward to your prompt response.",Billing & Payments,High,Email,Negative,Resolved,2.06,4.35,5,18,101,good day want upgrade plan billing confusing looking forward prompt response,101,11
TKT-1241,"Hi, I need to transfer my account to another user Thank you for your help.",Account Management,Medium,Phone,Negative,Resolved,1.71,73.01,5,15,74,need transfer account another user thank help,74,7
TKT-1242,"Hello, Why was my card declined when making a payment",Billing & Payments,Medium,Email,Negative,Pending,8.38,26.69,2,10,53,hello card declined making payment,53,5
TKT-1243,"Dear Support, I want to upgrade my plan but billing is confusing",Billing & Payments,Medium,Email,Positive,Resolved,39.6,68.31,5,12,64,dear support want upgrade plan billing confusing,64,7
TKT-1244,I was denied a refund but the product is faulty Please let me know what steps I should take.,Returns & Refunds,Medium,Chat,Neutral,Resolved,1.34,38.2,4,19,92,denied refund product faulty please let know step take,92,9
TKT-1245,"Dear team, What is the data retention policy for your service This is affecting my work significantly.",Product Information,Medium,Email,Negative,Resolved,18.21,40.38,3,17,102,dear team data retention policy service affecting work significantly,102,9
TKT-1246,"Dear Support, Can I use the product offline without internet connection Thank you for your help.",Product Information,Critical,Web Form,Positive,Pending,0.5,1.5,2,16,96,dear support use product offline without internet connection thank help,96,10
TKT-1247,I cannot install the application on my laptop Looking forward to your prompt response.,Technical Support,Medium,Email,Positive,Pending,8.55,214.21,4,14,86,cannot install application laptop looking forward prompt response,86,8
TKT-1248,"Hi team, I cannot find my billing history on the portal I have been waiting for a while now.",Billing & Payments,Medium,Chat,Neutral,Resolved,6.66,11.71,5,19,92,team cannot find billing history portal waiting,92,7
TKT-1249,"Hi, My order was marked delivered but I did not receive it Please let me know what steps I should take.",Shipping & Delivery,Medium,Chat,Neutral,Resolved,21.09,68.71,5,21,103,order marked delivered receive please let know step take,103,9
TKT-1250,"Dear team, I was denied a refund but the product is faulty Looking forward to your prompt response.",Returns & Refunds,Low,Email,Neutral,Resolved,7.22,110.06,3,18,99,dear team denied refund product faulty looking forward prompt response,99,10
TKT-1251,"Dear team, Can I use the product offline without internet connection I have been waiting for a while now.",Product Information,Medium,Email,Neutral,Resolved,44.69,102.91,5,19,105,dear team use product offline without internet connection waiting,105,9
TKT-1252,I need to transfer my account to another user Thank you for your help.,Account Management,Medium,Chat,Positive,Resolved,22.32,26.04,4,14,70,need transfer account another user thank help,70,7
TKT-1253,"Good day, How many users can I add under a single license This is affecting my work significantly.",Product Information,Low,Chat,Neutral,Pending,11.31,47.43,3,18,98,good day many user add single license affecting work significantly,98,10
TKT-1254,"Good day, Can I expedite the shipping on my recent order Thank you for your help.",Shipping & Delivery,High,Phone,Negative,Escalated,1.52,15.5,1,16,81,good day expedite shipping recent order thank help,81,8
TKT-1255,"Dear team, Please update my payment method to a new card Thank you for your help.",Billing & Payments,Low,Web Form,Negative,Resolved,14.85,87.86,5,16,81,dear team please update payment method new card thank help,81,10
TKT-1256,"Dear Support, What languages does your platform currently support",Product Information,High,Email,Negative,Resolved,2.92,4.88,5,9,65,dear support language platform currently support,65,5
TKT-1257,I need a refund for the payment made last week I have been waiting for a while now.,Billing & Payments,Medium,Email,Negative,Resolved,15.12,17.81,3,18,83,need refund payment made last week waiting,83,7
TKT-1258,"Hello, My promo code is not being applied to my bill",Billing & Payments,Low,Chat,Negative,Pending,8.44,39.43,3,11,52,hello promo code applied bill,52,5
TKT-1259,"Dear Support, Subscription fee was deducted twice this month Thank you for your help.",Billing & Payments,Medium,Email,Neutral,Resolved,12.96,64.99,4,14,85,dear support subscription fee deducted twice month thank help,85,9
TKT-1260,"Hello, My refund has not been processed after two weeks",Returns & Refunds,Low,Email,Positive,Escalated,35.19,105.75,1,10,55,hello refund processed two week,55,5
TKT-1261,"Hi team, Please update my personal information in the system I need urgent assistance with this.",Account Management,Low,Phone,Positive,Resolved,24.78,79.19,3,16,96,team please update personal information system need urgent assistance,96,9
TKT-1262,I want to change my username on the platform Thank you for your help.,Account Management,Critical,Web Form,Negative,Resolved,0.92,3.54,5,14,69,want change username platform thank help,69,6
TKT-1263,"Dear team, I want to change my username on the platform Please help me resolve this as soon as possible.",Account Management,High,Email,Negative,Resolved,10.53,13.58,4,20,104,dear team want change username platform please help resolve soon possible,104,11
TKT-1264,"Good day, I received a damaged item in my shipment Please let me know what steps I should take.",Shipping & Delivery,Medium,Web Form,Neutral,Resolved,3.3,7.97,3,19,95,good day received damaged item shipment please let know step take,95,11
TKT-1265,"Hello, The export function produces corrupt files Thank you for your help.",Technical Support,High,Phone,Negative,Resolved,7.9,30.39,5,12,74,hello export function produce corrupt file thank help,74,8
TKT-1266,"Hello, I want to upgrade my plan but billing is confusing",Billing & Payments,Low,Phone,Negative,Resolved,31.29,139.15,5,11,57,hello want upgrade plan billing confusing,57,6
TKT-1267,"Hi there, The export function produces corrupt files Please help me resolve this as soon as possible.",Technical Support,Low,Web Form,Negative,Escalated,1.06,14.03,1,17,101,export function produce corrupt file please help resolve soon possible,101,10
TKT-1268,"Hi, Please update my payment method to a new card Please let me know what steps I should take.",Billing & Payments,High,Chat,Negative,Resolved,7.35,23.19,4,19,94,please update payment method new card please let know step take,94,10
TKT-1269,"Hi team, Please update my personal information in the system Looking forward to your prompt response.",Account Management,Medium,Chat,Negative,Resolved,14.01,88.39,5,16,101,team please update personal information system looking forward prompt response,101,10
TKT-1270,"Hi team, The software is not compatible with my operating system Looking forward to your prompt response.",Technical Support,High,Email,Neutral,Resolved,1.13,16.69,5,17,105,team software compatible operating system looking forward prompt response,105,9
TKT-1271,"Hello, The website is showing a 500 internal server error Thank you for your help.",Technical Support,Low,Email,Neutral,Pending,19.44,114.53,3,15,82,hello website showing internal server error thank help,82,8
TKT-1272,"Good day, I need to schedule a redelivery for my parcel",Shipping & Delivery,Low,Chat,Neutral,Pending,0.5,103.55,2,11,55,good day need schedule redelivery parcel,55,6
TKT-1273,"Good day, The tracking number provided is not working",Shipping & Delivery,High,Chat,Neutral,Escalated,1.58,3.52,1,9,53,good day tracking number provided working,53,6
TKT-1274,"Dear team, I was denied a refund but the product is faulty Please let me know what steps I should take.",Returns & Refunds,High,Chat,Negative,Resolved,5.12,31.2,4,21,103,dear team denied refund product faulty please let know step take,103,11
TKT-1275,"Dear team, I want to return the product I bought last week Please let me know what steps I should take.",Returns & Refunds,Medium,Email,Neutral,Pending,11.6,27.41,3,21,103,dear team want return product bought last week please let know step take,103,13
TKT-1276,"Dear Support, Please process my refund to the original payment method I need urgent assistance with this.",Returns & Refunds,Low,Chat,Negative,Resolved,1.61,64.07,4,17,105,dear support please process refund original payment method need urgent assistance,105,11
TKT-1277,"Hi there, How many users can I add under a single license Thank you for your help.",Product Information,Medium,Phone,Negative,Pending,3.77,66.53,3,17,82,many user add single license thank help,82,7
TKT-1278,"Dear team, I was denied a refund but the product is faulty Please let me know what steps I should take.",Returns & Refunds,Low,Phone,Positive,Resolved,29.52,141.41,4,21,103,dear team denied refund product faulty please let know step take,103,11
TKT-1279,"Dear team, The feature stopped working after the last update I need urgent assistance with this.",Technical Support,Medium,Chat,Positive,Resolved,1.11,10.09,4,16,96,dear team feature stopped working last update need urgent assistance,96,10
TKT-1280,"To whom it may concern, The feature stopped working after the last update Please let me know what steps I should take.",Technical Support,High,Chat,Negative,Escalated,2.19,14.32,2,22,118,may concern feature stopped working last update please let know step take,118,12
TKT-1281,"Hi, I was denied a refund but the product is faulty Thank you for your help.",Returns & Refunds,Low,Chat,Neutral,Pending,20.36,84.16,2,16,76,denied refund product faulty thank help,76,6
TKT-1282,"Hi, I forgot my password and need to reset it",Account Management,Medium,Email,Neutral,Resolved,21.38,32.87,4,10,45,forgot password need reset,45,4
TKT-1283,"To whom it may concern, My account has been locked and I cannot access it This is affecting my work significantly.",Account Management,Low,Chat,Negative,Resolved,49.47,182.3,3,21,114,may concern account locked cannot access affecting work significantly,114,9
TKT-1284,"Hi there, How do I initiate a return for an online purchase Looking forward to your prompt response.",Returns & Refunds,High,Email,Neutral,Resolved,0.5,16.12,4,18,100,initiate return online purchase looking forward prompt response,100,8
TKT-1285,"Hi, The item I received is defective and I need replacement Please let me know what steps I should take.",Returns & Refunds,Medium,Email,Negative,Pending,11.31,16.54,3,20,104,item received defective need replacement please let know step take,104,10
TKT-1286,"To whom it may concern, What features are included in the premium plan Looking forward to your prompt response.",Product Information,Medium,Email,Negative,Resolved,3.98,14.9,4,19,111,may concern feature included premium plan looking forward prompt response,111,10
TKT-1287,"To whom it may concern, I cannot find my billing history on the portal Thank you for your help.",Billing & Payments,Critical,Phone,Neutral,Resolved,0.6,5.1,3,19,95,may concern cannot find billing history portal thank help,95,9
TKT-1288,"Dear Support, My data is not syncing across devices properly I have been waiting for a while now.",Technical Support,Medium,Web Form,Positive,Resolved,1.8,29.17,4,18,97,dear support data syncing across device properly waiting,97,8
TKT-1289,"Hi there, The delivery estimate keeps getting pushed further Looking forward to your prompt response.",Shipping & Delivery,Medium,Phone,Negative,Resolved,39.69,69.26,5,15,101,delivery estimate keep getting pushed looking forward prompt response,101,9
TKT-1290,"Hi there, My account shows wrong subscription plan I have been waiting for a while now.",Account Management,Low,Phone,Neutral,Resolved,95.5,116.84,5,16,87,account show wrong subscription plan waiting,87,6
TKT-1291,"Hello, My promo code is not being applied to my bill Looking forward to your prompt response.",Billing & Payments,Low,Web Form,Negative,Resolved,22.51,53.47,3,17,93,hello promo code applied bill looking forward prompt response,93,9
TKT-1292,"Hi team, Dashboard is not loading any data for me I have been waiting for a while now.",Technical Support,Low,Web Form,Neutral,Resolved,19.77,73.13,3,18,86,team dashboard loading data waiting,86,5
TKT-1293,"Hi, I was billed after cancelling my account Please let me know what steps I should take.",Billing & Payments,High,Phone,Negative,Resolved,3.14,4.16,4,17,89,billed cancelling account please let know step take,89,8
TKT-1294,"Dear team, I received a damaged item in my shipment I have been waiting for a while now.",Shipping & Delivery,Medium,Phone,Neutral,Escalated,13.27,35.6,1,18,88,dear team received damaged item shipment waiting,88,7
TKT-1295,"Hi there, My store credit was not applied to my account Thank you for your help.",Returns & Refunds,Medium,Chat,Negative,Resolved,19.7,41.84,3,16,80,store credit applied account thank help,80,6
TKT-1296,"Hello, Can I exchange the product for a different size This is affecting my work significantly.",Returns & Refunds,High,Email,Neutral,Resolved,1.6,18.57,4,16,95,hello exchange product different size affecting work significantly,95,8
TKT-1297,What features are included in the premium plan I have been waiting for a while now.,Product Information,Low,Web Form,Negative,Pending,6.55,49.76,4,16,83,feature included premium plan waiting,83,5
TKT-1298,"Hello, I want to change the delivery address for my order",Shipping & Delivery,High,Chat,Positive,Resolved,9.6,18.88,4,11,57,hello want change delivery address order,57,6
TKT-1299,"Hi team, I was denied a refund but the product is faulty I need urgent assistance with this.",Returns & Refunds,Low,Chat,Negative,Pending,35.87,276.17,2,18,92,team denied refund product faulty need urgent assistance,92,8
TKT-1300,"Hi, The application keeps crashing when I open it Please let me know what steps I should take.",Technical Support,Medium,Chat,Neutral,Pending,12.08,69.65,2,18,94,application keep crashing open please let know step take,94,9
TKT-1301,"Hello, Can you explain the difference between basic and pro This is affecting my work significantly.",Product Information,Critical,Phone,Negative,Resolved,1.58,2.72,5,16,100,hello explain difference basic pro affecting work significantly,100,8
TKT-1302,"Hi team, The tracking number provided is not working",Shipping & Delivery,Critical,Email,Neutral,Escalated,0.5,1.5,3,9,52,team tracking number provided working,52,5
TKT-1303,I want to change my username on the platform Thank you for your help.,Account Management,Medium,Chat,Neutral,Resolved,1.05,78.11,5,14,69,want change username platform thank help,69,6
TKT-1304,"Dear Support, The courier left my package in the wrong location Thank you for your help.",Shipping & Delivery,Medium,Web Form,Negative,Resolved,13.23,49.48,3,16,88,dear support courier left package wrong location thank help,88,9
TKT-1305,"Dear team, The item I received is defective and I need replacement Thank you for your help.",Returns & Refunds,High,Email,Neutral,Resolved,3.28,12.28,5,17,91,dear team item received defective need replacement thank help,91,9
TKT-1306,"To whom it may concern, I forgot my password and need to reset it This is affecting my work significantly.",Account Management,High,Email,Positive,Pending,7.81,28.33,3,20,106,may concern forgot password need reset affecting work significantly,106,9
TKT-1307,"Good day, What is the data retention policy for your service I have been waiting for a while now.",Product Information,High,Phone,Neutral,Resolved,2.46,7.77,4,19,97,good day data retention policy service waiting,97,7
TKT-1308,"To whom it may concern, I want to upgrade my plan but billing is confusing I have been waiting for a while now.",Billing & Payments,High,Phone,Neutral,Resolved,6.99,8.27,4,23,111,may concern want upgrade plan billing confusing waiting,111,8
TKT-1309,"Hi there, I was billed after cancelling my account This is affecting my work significantly.",Billing & Payments,Low,Phone,Neutral,Resolved,25.27,95.12,4,15,91,billed cancelling account affecting work significantly,91,6
TKT-1310,"Hello, My promo code is not being applied to my bill This is affecting my work significantly.",Billing & Payments,High,Chat,Neutral,Escalated,0.54,14.07,1,17,93,hello promo code applied bill affecting work significantly,93,8
TKT-1311,"Hi, The replacement item also arrived damaged Please help me resolve this as soon as possible.",Returns & Refunds,Medium,Web Form,Positive,Resolved,3.09,68.41,4,16,94,replacement item also arrived damaged please help resolve soon possible,94,10
TKT-1312,"Dear Support, My account has been locked and I cannot access it This is affecting my work significantly.",Account Management,Medium,Email,Negative,Resolved,2.87,4.08,4,18,104,dear support account locked cannot access affecting work significantly,104,9
TKT-1313,"Good day, I need a copy of my tax invoice for last year This is affecting my work significantly.",Billing & Payments,Medium,Phone,Negative,Pending,18.64,58.01,2,19,96,good day need copy tax invoice last year affecting work significantly,96,11
TKT-1314,"Dear Support, I keep getting disconnected from the server Please help me resolve this as soon as possible.",Technical Support,Critical,Email,Negative,Resolved,0.59,2.44,5,18,106,dear support keep getting disconnected server please help resolve soon possible,106,11
TKT-1315,"Dear Support, I need to change the email address on my account Please let me know what steps I should take.",Account Management,Medium,Email,Neutral,Escalated,6.59,8.14,2,21,107,dear support need change email address account please let know step take,107,12
TKT-1316,"Hi, I cannot log in to my account after the update Looking forward to your prompt response.",Technical Support,Critical,Email,Neutral,Pending,2.42,6.62,4,17,91,cannot log account update looking forward prompt response,91,8
TKT-1317,"Good day, Please update my payment method to a new card I have been waiting for a while now.",Billing & Payments,Low,Email,Negative,Pending,42.44,66.25,4,19,92,good day please update payment method new card waiting,92,9
TKT-1318,"Hi there, I need a refund for the payment made last week Please help me resolve this as soon as possible.",Billing & Payments,Low,Email,Negative,Resolved,6.65,7.65,4,21,105,need refund payment made last week please help resolve soon possible,105,11
TKT-1319,"Hi team, The export function produces corrupt files I need urgent assistance with this.",Technical Support,Medium,Email,Negative,Resolved,16.31,18.09,5,14,87,team export function produce corrupt file need urgent assistance,87,9
TKT-1320,"Dear team, The item I received is defective and I need replacement",Returns & Refunds,High,Web Form,Negative,Resolved,0.82,1.82,4,12,66,dear team item received defective need replacement,66,7
TKT-1321,"Hello, I need to transfer my account to another user",Account Management,High,Web Form,Positive,Resolved,7.74,16.59,3,10,52,hello need transfer account another user,52,6
TKT-1322,"Hi, I want to change the delivery address for my order Please let me know what steps I should take.",Shipping & Delivery,High,Email,Negative,Resolved,9.62,22.89,5,20,99,want change delivery address order please let know step take,99,10
TKT-1323,"Hi, What languages does your platform currently support Please help me resolve this as soon as possible.",Product Information,High,Chat,Negative,Resolved,1.52,8.37,5,17,104,language platform currently support please help resolve soon possible,104,9
TKT-1324,"Hi team, Does your product comply with GDPR regulations I need urgent assistance with this.",Product Information,Medium,Chat,Negative,Resolved,11.97,44.22,5,15,91,team product comply gdpr regulation need urgent assistance,91,8
TKT-1325,"Dear team, Is there an API available for custom integrations I need urgent assistance with this.",Product Information,Low,Chat,Negative,Resolved,16.05,92.1,5,16,96,dear team api available custom integration need urgent assistance,96,9
TKT-1326,"Dear Support, Please update my payment method to a new card I need urgent assistance with this.",Billing & Payments,Medium,Chat,Negative,Resolved,0.88,11.45,4,17,95,dear support please update payment method new card need urgent assistance,95,11
TKT-1327,The mobile app is very slow and unresponsive I have been waiting for a while now.,Technical Support,Medium,Email,Positive,Resolved,42.71,57.2,4,16,81,mobile app slow unresponsive waiting,81,5
TKT-1328,Do you offer any educational or nonprofit discounts Please let me know what steps I should take.,Product Information,Low,Email,Negative,Resolved,17.44,18.44,3,17,96,offer educational nonprofit discount please let know step take,96,9
TKT-1329,"Hi team, Can I use the product offline without internet connection I need urgent assistance with this.",Product Information,Low,Email,Positive,Resolved,38.94,100.05,4,17,102,team use product offline without internet connection need urgent assistance,102,10
TKT-1330,The item I received is defective and I need replacement This is affecting my work significantly.,Returns & Refunds,Low,Email,Negative,Resolved,23.04,31.74,4,16,96,item received defective need replacement affecting work significantly,96,8
TKT-1331,"Good day, What is the data retention policy for your service Thank you for your help.",Product Information,Medium,Phone,Negative,Resolved,59.23,64.31,4,16,85,good day data retention policy service thank help,85,8
TKT-1332,"Hi team, My account shows wrong subscription plan Thank you for your help.",Account Management,Medium,Web Form,Neutral,Resolved,15.02,48.73,4,13,74,team account show wrong subscription plan thank help,74,8
TKT-1333,"To whom it may concern, The item I received is defective and I need replacement Thank you for your help.",Returns & Refunds,High,Email,Negative,Pending,4.05,5.05,2,20,104,may concern item received defective need replacement thank help,104,9
TKT-1334,"Hi there, I want to change my username on the platform I have been waiting for a while now.",Account Management,Low,Email,Negative,Pending,11.62,55.49,2,19,91,want change username platform waiting,91,5
TKT-1335,"Dear team, Dashboard is not loading any data for me I need urgent assistance with this.",Technical Support,Low,Email,Neutral,Pending,2.01,33.55,4,16,87,dear team dashboard loading data need urgent assistance,87,8
TKT-1336,"Hello, My invoice shows incorrect amount, please fix it Thank you for your help.",Billing & Payments,Medium,Chat,Negative,Resolved,0.5,36.89,5,14,80,hello invoice show incorrect amount please fix thank help,80,9
TKT-1337,"To whom it may concern, Subscription fee was deducted twice this month Looking forward to your prompt response.",Billing & Payments,Medium,Email,Negative,Pending,27.93,30.4,3,18,111,may concern subscription fee deducted twice month looking forward prompt response,111,11
TKT-1338,My order has not arrived yet and it is overdue I have been waiting for a while now.,Shipping & Delivery,Low,Email,Positive,Resolved,15.97,77.95,3,18,83,order arrived yet overdue waiting,83,5
TKT-1339,"Hi team, The item I received is defective and I need replacement I have been waiting for a while now.",Returns & Refunds,Low,Phone,Negative,Resolved,25.35,159.87,5,20,101,team item received defective need replacement waiting,101,7
TKT-1340,"Hi, The return window has passed but the item is broken Please let me know what steps I should take.",Returns & Refunds,Medium,Email,Negative,Resolved,18.67,39.96,5,20,100,return window passed item broken please let know step take,100,10
TKT-1341,"To whom it may concern, My order was marked delivered but I did not receive it I need urgent assistance with this.",Shipping & Delivery,High,Chat,Negative,Escalated,1.54,12.01,1,22,114,may concern order marked delivered receive need urgent assistance,114,9
TKT-1342,"Good day, The delivery estimate keeps getting pushed further Looking forward to your prompt response.",Shipping & Delivery,Medium,Chat,Negative,Pending,2.19,22.46,2,15,101,good day delivery estimate keep getting pushed looking forward prompt response,101,11
TKT-1343,"Good day, I sent the return package but got no confirmation I need urgent assistance with this.",Returns & Refunds,High,Email,Neutral,Resolved,4.15,16.31,4,17,95,good day sent return package got confirmation need urgent assistance,95,10
TKT-1344,"To whom it may concern, I need to transfer my account to another user I need urgent assistance with this.",Account Management,Low,Phone,Neutral,Resolved,22.34,54.99,4,20,105,may concern need transfer account another user need urgent assistance,105,9
TKT-1345,"Good day, Please remove the two factor authentication from my account Thank you for your help.",Account Management,Critical,Email,Neutral,Pending,0.66,1.66,3,16,94,good day please remove two factor authentication account thank help,94,10
TKT-1346,My package was returned to sender by mistake Please help me resolve this as soon as possible.,Shipping & Delivery,Critical,Email,Neutral,Resolved,0.5,1.5,3,17,93,package returned sender mistake please help resolve soon possible,93,9
TKT-1347,"Hi there, I need to schedule a redelivery for my parcel Please help me resolve this as soon as possible.",Shipping & Delivery,High,Web Form,Neutral,Resolved,0.5,37.96,4,20,104,need schedule redelivery parcel please help resolve soon possible,104,9
TKT-1348,"Hi there, The mobile app is very slow and unresponsive I have been waiting for a while now.",Technical Support,High,Web Form,Negative,Pending,1.36,40.33,2,18,91,mobile app slow unresponsive waiting,91,5
TKT-1349,"Dear Support, I forgot my password and need to reset it Looking forward to your prompt response.",Account Management,Medium,Email,Neutral,Resolved,9.68,37.77,5,17,96,dear support forgot password need reset looking forward prompt response,96,10
TKT-1350,"Hi team, I need to schedule a redelivery for my parcel I need urgent assistance with this.",Shipping & Delivery,High,Email,Neutral,Resolved,0.87,1.87,4,17,90,team need schedule redelivery parcel need urgent assistance,90,7
TKT-1351,"Hi, The export function produces corrupt files I need urgent assistance with this.",Technical Support,Low,Email,Negative,Resolved,20.85,31.64,4,13,82,export function produce corrupt file need urgent assistance,82,8
TKT-1352,"Good day, Please process my refund to the original payment method Thank you for your help.",Returns & Refunds,Medium,Web Form,Neutral,Resolved,25.47,60.63,4,16,90,good day please process refund original payment method thank help,90,10
TKT-1353,"To whom it may concern, What is the data retention policy for your service Looking forward to your prompt response.",Product Information,Medium,Email,Neutral,Resolved,7.74,35.94,4,20,115,may concern data retention policy service looking forward prompt response,115,10
TKT-1354,"To whom it may concern, I want to merge two accounts into one I need urgent assistance with this.",Account Management,Critical,Chat,Negative,Pending,2.04,3.04,3,19,97,may concern want merge two account one need urgent assistance,97,10
TKT-1355,"Dear Support, I need a refund for the payment made last week Please help me resolve this as soon as possible.",Billing & Payments,Low,Web Form,Negative,Resolved,69.2,80.8,4,21,109,dear support need refund payment made last week please help resolve soon possible,109,13
TKT-1356,"Hi there, The item I received is defective and I need replacement",Returns & Refunds,Critical,Chat,Neutral,Pending,0.5,1.51,2,12,65,item received defective need replacement,65,5
TKT-1357,"Dear team, The return window has passed but the item is broken",Returns & Refunds,High,Chat,Neutral,Resolved,3.44,27.53,5,12,62,dear team return window passed item broken,62,7
TKT-1358,"Good day, Is there a free trial available for your enterprise plan I need urgent assistance with this.",Product Information,Medium,Chat,Negative,Pending,37.5,45.55,2,18,102,good day free trial available enterprise plan need urgent assistance,102,10
TKT-1359,"Hello, I cannot verify my email address with the link sent Please let me know what steps I should take.",Account Management,High,Web Form,Neutral,Pending,0.5,26.29,3,20,103,hello cannot verify email address link sent please let know step take,103,12
TKT-1360,"Dear team, The replacement item also arrived damaged Please let me know what steps I should take.",Returns & Refunds,Medium,Email,Negative,Escalated,7.77,49.67,2,17,97,dear team replacement item also arrived damaged please let know step take,97,12
TKT-1361,"Hi team, Why was my card declined when making a payment Please help me resolve this as soon as possible.",Billing & Payments,Medium,Chat,Positive,Resolved,19.58,31.35,4,20,104,team card declined making payment please help resolve soon possible,104,10
TKT-1362,"Hi there, Why was my card declined when making a payment This is affecting my work significantly.",Billing & Payments,Critical,Phone,Positive,Escalated,1.76,2.81,1,17,97,card declined making payment affecting work significantly,97,7
TKT-1363,"Hi there, The mobile app is very slow and unresponsive I have been waiting for a while now.",Technical Support,High,Email,Negative,Pending,5.6,23.18,3,18,91,mobile app slow unresponsive waiting,91,5
TKT-1364,"Dear team, I was charged twice for my subscription this month Thank you for your help.",Billing & Payments,High,Email,Negative,Resolved,2.67,3.67,4,16,86,dear team charged twice subscription month thank help,86,8
TKT-1365,"Hi team, The website is showing a 500 internal server error This is affecting my work significantly.",Technical Support,Medium,Email,Positive,Resolved,19.82,126.04,3,17,100,team website showing internal server error affecting work significantly,100,9
TKT-1366,"To whom it may concern, The delivery estimate keeps getting pushed further I need urgent assistance with this.",Shipping & Delivery,Critical,Email,Negative,Resolved,0.69,5.44,5,18,110,may concern delivery estimate keep getting pushed need urgent assistance,110,10
TKT-1367,"Hi, Is there an API available for custom integrations Thank you for your help.",Product Information,Low,Email,Positive,Resolved,6.35,30.1,5,14,78,api available custom integration thank help,78,6
TKT-1368,"Hello, My promo code is not being applied to my bill I have been waiting for a while now.",Billing & Payments,Critical,Email,Neutral,Escalated,0.65,1.65,2,19,89,hello promo code applied bill waiting,89,6
TKT-1369,"Hi team, Can I expedite the shipping on my recent order Thank you for your help.",Shipping & Delivery,Critical,Chat,Negative,Resolved,0.5,7.09,4,16,80,team expedite shipping recent order thank help,80,7
TKT-1370,"Hi team, Please help me delete my account permanently Please help me resolve this as soon as possible.",Account Management,Medium,Email,Negative,Resolved,13.77,23.74,5,18,102,team please help delete account permanently please help resolve soon possible,102,9
TKT-1371,"Dear team, I need to change the email address on my account I have been waiting for a while now.",Account Management,High,Chat,Negative,Resolved,0.62,18.54,4,20,96,dear team need change email address account waiting,96,8
TKT-1372,"Hello, I was billed after cancelling my account This is affecting my work significantly.",Billing & Payments,Medium,Chat,Neutral,Resolved,0.67,50.38,4,14,88,hello billed cancelling account affecting work significantly,88,7
TKT-1373,"Hi team, Do you offer any educational or nonprofit discounts I need urgent assistance with this.",Product Information,Low,Email,Negative,Resolved,29.46,34.12,5,16,96,team offer educational nonprofit discount need urgent assistance,96,8
TKT-1374,"To whom it may concern, Is there a free trial available for your enterprise plan This is affecting my work significantly.",Product Information,Low,Email,Neutral,Pending,2.58,34.74,2,21,121,may concern free trial available enterprise plan affecting work significantly,121,10
TKT-1375,"Hello, I need to change the email address on my account I need urgent assistance with this.",Account Management,High,Web Form,Neutral,Pending,2.28,31.16,2,17,91,hello need change email address account need urgent assistance,91,8
TKT-1376,"Good day, The delivery estimate keeps getting pushed further I have been waiting for a while now.",Shipping & Delivery,Critical,Chat,Positive,Pending,0.5,3.5,3,17,97,good day delivery estimate keep getting pushed waiting,97,8
TKT-1377,"Dear Support, My profile picture is not updating correctly This is affecting my work significantly.",Account Management,Low,Phone,Neutral,Pending,81.19,184.25,4,15,99,dear support profile picture updating correctly affecting work significantly,99,9
TKT-1378,"Hi there, I need a refund for the payment made last week This is affecting my work significantly.",Billing & Payments,High,Phone,Neutral,Resolved,4.13,5.13,4,18,97,need refund payment made last week affecting work significantly,97,9
TKT-1379,"Dear Support, I cannot install the application on my laptop I need urgent assistance with this.",Technical Support,Critical,Chat,Negative,Resolved,0.5,1.88,4,16,95,dear support cannot install application laptop need urgent assistance,95,9
TKT-1380,"Dear team, Dashboard is not loading any data for me",Technical Support,Low,Phone,Negative,Resolved,45.59,62.74,5,10,51,dear team dashboard loading data,51,5
TKT-1381,"Dear team, My package was returned to sender by mistake I have been waiting for a while now.",Shipping & Delivery,Medium,Phone,Negative,Resolved,11.23,23.83,3,18,92,dear team package returned sender mistake waiting,92,7
TKT-1382,"Dear Support, Can I exchange the product for a different size",Returns & Refunds,Medium,Chat,Negative,Resolved,6.03,51.0,3,11,61,dear support exchange product different size,61,6
TKT-1383,"Dear team, My promo code is not being applied to my bill Please let me know what steps I should take.",Billing & Payments,High,Email,Neutral,Resolved,0.5,9.2,4,21,101,dear team promo code applied bill please let know step take,101,11
TKT-1384,"Hi, Please remove the two factor authentication from my account I have been waiting for a while now.",Account Management,High,Email,Positive,Resolved,0.5,2.09,4,18,100,please remove two factor authentication account waiting,100,7
TKT-1385,"Hi there, I received a damaged item in my shipment",Shipping & Delivery,Medium,Chat,Neutral,Resolved,0.5,22.96,5,10,50,received damaged item shipment,50,4
TKT-1386,"Hi, What features are included in the premium plan I have been waiting for a while now.",Product Information,Medium,Phone,Negative,Resolved,17.79,44.31,5,17,87,feature included premium plan waiting,87,5
TKT-1387,"Hello, Please help me delete my account permanently Thank you for your help.",Account Management,Low,Phone,Positive,Pending,3.07,25.3,2,13,76,hello please help delete account permanently thank help,76,7
TKT-1388,Do you offer any educational or nonprofit discounts Please help me resolve this as soon as possible.,Product Information,Low,Email,Negative,Resolved,11.16,12.16,4,17,100,offer educational nonprofit discount please help resolve soon possible,100,9
TKT-1389,"Good day, Do you offer any educational or nonprofit discounts I have been waiting for a while now.",Product Information,Medium,Email,Negative,Pending,27.46,82.5,3,18,98,good day offer educational nonprofit discount waiting,98,7
TKT-1390,I received the wrong item in my package Looking forward to your prompt response.,Shipping & Delivery,Medium,Email,Neutral,Resolved,3.11,13.3,4,14,80,received wrong item package looking forward prompt response,80,8
TKT-1391,"Hello, My promo code is not being applied to my bill I have been waiting for a while now.",Billing & Payments,High,Web Form,Neutral,Resolved,11.44,29.9,5,19,89,hello promo code applied bill waiting,89,6
TKT-1392,The item I received is defective and I need replacement Looking forward to your prompt response.,Returns & Refunds,Medium,Chat,Negative,Resolved,3.06,10.91,3,16,96,item received defective need replacement looking forward prompt response,96,9
TKT-1393,"Dear team, Why was my card declined when making a payment",Billing & Payments,Medium,Email,Negative,Resolved,20.0,56.38,4,11,57,dear team card declined making payment,57,6
TKT-1394,"Dear Support, The delivery estimate keeps getting pushed further I have been waiting for a while now.",Shipping & Delivery,Medium,Web Form,Neutral,Resolved,4.12,26.97,5,17,101,dear support delivery estimate keep getting pushed waiting,101,8
TKT-1395,"Hi team, I want to merge two accounts into one Thank you for your help.",Account Management,High,Email,Positive,Resolved,3.99,11.11,3,15,71,team want merge two account one thank help,71,8
TKT-1396,"Hi, I want to change my username on the platform I have been waiting for a while now.",Account Management,Critical,Chat,Negative,Resolved,1.14,2.14,4,18,85,want change username platform waiting,85,5
TKT-1397,"Hello, Please update my payment method to a new card Thank you for your help.",Billing & Payments,High,Chat,Neutral,Resolved,0.5,2.67,4,15,77,hello please update payment method new card thank help,77,9
TKT-1398,"Dear Support, I want to merge two accounts into one I have been waiting for a while now.",Account Management,Low,Web Form,Positive,Pending,37.82,176.25,2,18,88,dear support want merge two account one waiting,88,8
TKT-1399,"Dear Support, The payment gateway keeps showing an error I have been waiting for a while now.",Billing & Payments,Critical,Web Form,Neutral,Escalated,1.24,13.16,2,17,93,dear support payment gateway keep showing error waiting,93,8
TKT-1400,"Hi team, I want to change my username on the platform Looking forward to your prompt response.",Account Management,Low,Email,Neutral,Resolved,23.37,309.41,3,17,94,team want change username platform looking forward prompt response,94,9
TKT-1401,"Hello, The courier left my package in the wrong location Please let me know what steps I should take.",Shipping & Delivery,High,Web Form,Negative,Escalated,2.95,48.38,2,19,101,hello courier left package wrong location please let know step take,101,11
TKT-1402,"To whom it may concern, Can I expedite the shipping on my recent order Looking forward to your prompt response.",Shipping & Delivery,Low,Email,Neutral,Pending,24.56,103.65,2,20,111,may concern expedite shipping recent order looking forward prompt response,111,10
TKT-1403,My store credit was not applied to my account I need urgent assistance with this.,Returns & Refunds,Medium,Email,Negative,Resolved,0.5,16.4,5,15,81,store credit applied account need urgent assistance,81,7
TKT-1404,"Hi team, The replacement item also arrived damaged I have been waiting for a while now.",Returns & Refunds,Low,Email,Negative,Resolved,45.22,139.19,3,16,87,team replacement item also arrived damaged waiting,87,7
TKT-1405,"Hi there, Please update my payment method to a new card Looking forward to your prompt response.",Billing & Payments,Medium,Phone,Positive,Resolved,1.51,13.79,4,17,96,please update payment method new card looking forward prompt response,96,10
TKT-1406,"Dear team, I keep getting disconnected from the server This is affecting my work significantly.",Technical Support,Critical,Phone,Negative,Resolved,0.5,2.0,5,15,95,dear team keep getting disconnected server affecting work significantly,95,9
TKT-1407,"Dear Support, The website is showing a 500 internal server error I need urgent assistance with this.",Technical Support,Critical,Chat,Negative,Resolved,1.55,2.55,4,17,100,dear support website showing internal server error need urgent assistance,100,10
TKT-1408,Please help me delete my account permanently Please help me resolve this as soon as possible.,Account Management,Medium,Email,Negative,Resolved,30.05,33.91,4,16,93,please help delete account permanently please help resolve soon possible,93,8
TKT-1409,"Dear Support, Can I exchange the product for a different size Thank you for your help.",Returns & Refunds,Low,Email,Positive,Resolved,48.38,72.28,5,16,86,dear support exchange product different size thank help,86,8
TKT-1410,"Dear Support, The website is showing a 500 internal server error Looking forward to your prompt response.",Technical Support,Medium,Chat,Neutral,Resolved,17.06,29.02,4,17,105,dear support website showing internal server error looking forward prompt response,105,11
TKT-1411,"Hi, I sent the return package but got no confirmation Thank you for your help.",Returns & Refunds,High,Chat,Negative,Pending,6.06,13.83,3,15,78,sent return package got confirmation thank help,78,7
TKT-1412,"Good day, I want to change my username on the platform",Account Management,Low,Email,Negative,Resolved,46.35,63.06,3,11,54,good day want change username platform,54,6
TKT-1413,"Dear team, My order was marked delivered but I did not receive it This is affecting my work significantly.",Shipping & Delivery,Low,Chat,Negative,Resolved,39.97,170.06,4,19,106,dear team order marked delivered receive affecting work significantly,106,9
TKT-1414,"Hi there, I want to change the delivery address for my order",Shipping & Delivery,Medium,Email,Negative,Pending,25.04,52.92,2,12,60,want change delivery address order,60,5
TKT-1415,"Dear team, I keep getting disconnected from the server",Technical Support,Medium,Phone,Positive,Resolved,0.5,19.9,4,9,54,dear team keep getting disconnected server,54,6
TKT-1416,I cannot verify my email address with the link sent Thank you for your help.,Account Management,Low,Email,Negative,Resolved,8.7,27.55,3,15,76,cannot verify email address link sent thank help,76,8
TKT-1417,"Dear Support, My data is not syncing across devices properly Please let me know what steps I should take.",Technical Support,High,Phone,Negative,Resolved,5.42,28.06,4,19,105,dear support data syncing across device properly please let know step take,105,12
TKT-1418,"Dear team, I want to upgrade my plan but billing is confusing I have been waiting for a while now.",Billing & Payments,Medium,Phone,Neutral,Pending,2.41,19.09,4,20,98,dear team want upgrade plan billing confusing waiting,98,8
TKT-1419,I received a damaged item in my shipment I need urgent assistance with this.,Shipping & Delivery,High,Chat,Negative,Pending,3.57,16.55,2,14,76,received damaged item shipment need urgent assistance,76,7
TKT-1420,"Dear Support, Please help me delete my account permanently Please let me know what steps I should take.",Account Management,Medium,Phone,Negative,Resolved,10.52,120.0,3,18,103,dear support please help delete account permanently please let know step take,103,11
TKT-1421,"Dear Support, Can I use the product offline without internet connection Thank you for your help.",Product Information,Low,Phone,Negative,Resolved,34.15,41.94,4,16,96,dear support use product offline without internet connection thank help,96,10
TKT-1422,"Dear team, Why was my card declined when making a payment I have been waiting for a while now.",Billing & Payments,Medium,Phone,Neutral,Escalated,14.34,59.44,1,19,94,dear team card declined making payment waiting,94,7
TKT-1423,"Hi, I was billed after cancelling my account Thank you for your help.",Billing & Payments,Critical,Web Form,Negative,Pending,0.5,5.44,2,13,69,billed cancelling account thank help,69,5
TKT-1424,"Good day, I need to cancel my order before it is shipped Thank you for your help.",Shipping & Delivery,Medium,Web Form,Neutral,Escalated,14.49,61.24,2,17,81,good day need cancel order shipped thank help,81,8
TKT-1425,"Good day, Please update my payment method to a new card Please help me resolve this as soon as possible.",Billing & Payments,Critical,Email,Neutral,Resolved,1.54,5.52,4,20,104,good day please update payment method new card please help resolve soon possible,104,12
TKT-1426,"To whom it may concern, Please help me delete my account permanently Looking forward to your prompt response.",Account Management,Low,Phone,Negative,Resolved,84.36,125.81,4,18,109,may concern please help delete account permanently looking forward prompt response,109,11
TKT-1427,"Hi there, The application keeps crashing when I open it",Technical Support,High,Web Form,Negative,Resolved,0.5,8.93,5,10,55,application keep crashing open,55,4
TKT-1428,"Dear team, My refund has not been processed after two weeks",Returns & Refunds,High,Chat,Neutral,Pending,2.02,3.72,4,11,59,dear team refund processed two week,59,6
TKT-1429,"Hello, My order has not arrived yet and it is overdue Please help me resolve this as soon as possible.",Shipping & Delivery,Low,Web Form,Neutral,Resolved,26.81,141.5,4,20,102,hello order arrived yet overdue please help resolve soon possible,102,10
TKT-1430,"Dear Support, My account has been locked and I cannot access it Thank you for your help.",Account Management,Medium,Web Form,Negative,Pending,0.5,40.85,2,17,88,dear support account locked cannot access thank help,88,8
TKT-1431,"Good day, I cannot find my billing history on the portal Please let me know what steps I should take.",Billing & Payments,Medium,Chat,Neutral,Resolved,11.65,26.29,5,20,101,good day cannot find billing history portal please let know step take,101,12
TKT-1432,"Good day, I was charged twice for my subscription this month Thank you for your help.",Billing & Payments,Medium,Email,Positive,Pending,6.8,48.44,2,16,85,good day charged twice subscription month thank help,85,8
TKT-1433,"Dear team, I need a prepaid return label for my item I need urgent assistance with this.",Returns & Refunds,Low,Chat,Neutral,Escalated,26.72,98.75,1,17,88,dear team need prepaid return label item need urgent assistance,88,9
TKT-1434,My promo code is not being applied to my bill Please help me resolve this as soon as possible.,Billing & Payments,Medium,Email,Negative,Resolved,3.88,24.24,5,19,94,promo code applied bill please help resolve soon possible,94,9
TKT-1435,"Good day, Please process my refund to the original payment method Looking forward to your prompt response.",Returns & Refunds,Low,Web Form,Negative,Resolved,2.89,40.1,5,17,106,good day please process refund original payment method looking forward prompt response,106,12
TKT-1436,"Hi, I cannot verify my email address with the link sent I have been waiting for a while now.",Account Management,High,Chat,Neutral,Resolved,1.23,3.99,4,19,92,cannot verify email address link sent waiting,92,7
TKT-1437,"Hi team, I cannot install the application on my laptop Looking forward to your prompt response.",Technical Support,Low,Web Form,Neutral,Pending,22.21,27.98,2,16,95,team cannot install application laptop looking forward prompt response,95,9
TKT-1438,"Hello, The replacement item also arrived damaged I have been waiting for a while now.",Returns & Refunds,Critical,Chat,Neutral,Resolved,0.98,4.11,4,15,85,hello replacement item also arrived damaged waiting,85,7
TKT-1439,I need a copy of my tax invoice for last year Please help me resolve this as soon as possible.,Billing & Payments,Low,Phone,Negative,Resolved,29.43,97.23,4,20,94,need copy tax invoice last year please help resolve soon possible,94,11
TKT-1440,"Hi, What is the data retention policy for your service Thank you for your help.",Product Information,Low,Web Form,Negative,Pending,2.69,14.8,4,15,79,data retention policy service thank help,79,6
TKT-1441,"Hi, I want to merge two accounts into one I have been waiting for a while now.",Account Management,High,Chat,Negative,Resolved,4.83,18.51,4,17,78,want merge two account one waiting,78,6
TKT-1442,"Good day, Please update my payment method to a new card I need urgent assistance with this.",Billing & Payments,Low,Chat,Negative,Resolved,75.84,112.51,5,17,91,good day please update payment method new card need urgent assistance,91,11
TKT-1443,"To whom it may concern, The courier left my package in the wrong location Looking forward to your prompt response.",Shipping & Delivery,Low,Email,Negative,Escalated,0.5,41.43,1,20,114,may concern courier left package wrong location looking forward prompt response,114,11
TKT-1444,Please update my payment method to a new card I have been waiting for a while now.,Billing & Payments,High,Email,Negative,Resolved,2.28,17.7,3,17,82,please update payment method new card waiting,82,7
TKT-1445,"Dear team, My refund has not been processed after two weeks",Returns & Refunds,Medium,Email,Negative,Resolved,15.02,18.47,3,11,59,dear team refund processed two week,59,6
TKT-1446,"Dear Support, My refund has not been processed after two weeks I need urgent assistance with this.",Returns & Refunds,High,Email,Negative,Resolved,0.97,4.76,4,17,98,dear support refund processed two week need urgent assistance,98,9
TKT-1447,"Hi, I sent the return package but got no confirmation Please let me know what steps I should take.",Returns & Refunds,Low,Chat,Neutral,Pending,26.82,32.91,4,19,98,sent return package got confirmation please let know step take,98,10
TKT-1448,"Good day, The application keeps crashing when I open it Please help me resolve this as soon as possible.",Technical Support,High,Web Form,Negative,Pending,3.14,5.83,3,19,104,good day application keep crashing open please help resolve soon possible,104,11
TKT-1449,I want to merge two accounts into one Thank you for your help.,Account Management,High,Email,Negative,Resolved,1.86,32.28,4,13,62,want merge two account one thank help,62,7
TKT-1450,"Hi there, I received the wrong item in my package Please help me resolve this as soon as possible.",Shipping & Delivery,Medium,Web Form,Neutral,Resolved,13.18,68.91,4,19,98,received wrong item package please help resolve soon possible,98,9
TKT-1451,"Hi there, How do I initiate a return for an online purchase I have been waiting for a while now.",Returns & Refunds,Medium,Chat,Neutral,Pending,7.01,44.74,4,20,96,initiate return online purchase waiting,96,5
TKT-1452,"To whom it may concern, I want to upgrade my plan but billing is confusing Please let me know what steps I should take.",Billing & Payments,Low,Chat,Negative,Resolved,0.53,26.32,4,24,119,may concern want upgrade plan billing confusing please let know step take,119,12
TKT-1453,"Hi team, Please update my payment method to a new card Thank you for your help.",Billing & Payments,Low,Email,Neutral,Escalated,34.7,72.65,2,16,79,team please update payment method new card thank help,79,9
TKT-1454,"Hi team, I sent the return package but got no confirmation I have been waiting for a while now.",Returns & Refunds,Low,Email,Neutral,Resolved,4.93,83.5,5,19,95,team sent return package got confirmation waiting,95,7
TKT-1455,"Dear team, Error message appears every time I try to save I have been waiting for a while now.",Technical Support,High,Email,Negative,Resolved,1.48,4.93,4,19,94,dear team error message appears every time try save waiting,94,10
TKT-1456,"Hello, My order was marked delivered but I did not receive it Thank you for your help.",Shipping & Delivery,Medium,Phone,Neutral,Resolved,18.69,31.93,5,17,86,hello order marked delivered receive thank help,86,7
TKT-1457,"Dear Support, I was billed after cancelling my account Please let me know what steps I should take.",Billing & Payments,Critical,Chat,Neutral,Resolved,2.83,9.1,3,18,99,dear support billed cancelling account please let know step take,99,10
TKT-1458,"Hello, Please help me delete my account permanently I have been waiting for a while now.",Account Management,Medium,Email,Negative,Resolved,23.49,64.17,5,16,88,hello please help delete account permanently waiting,88,7
TKT-1459,"Hi there, I was denied a refund but the product is faulty",Returns & Refunds,High,Chat,Negative,Resolved,0.7,14.14,3,12,57,denied refund product faulty,57,4
TKT-1460,"Hi team, The courier left my package in the wrong location Looking forward to your prompt response.",Shipping & Delivery,Medium,Email,Neutral,Resolved,0.5,46.17,5,17,99,team courier left package wrong location looking forward prompt response,99,10
TKT-1461,"To whom it may concern, I sent the return package but got no confirmation",Returns & Refunds,Medium,Email,Neutral,Resolved,2.17,81.92,4,14,73,may concern sent return package got confirmation,73,7
TKT-1462,"To whom it may concern, Subscription fee was deducted twice this month Thank you for your help.",Billing & Payments,Medium,Chat,Positive,Resolved,11.23,21.36,3,17,95,may concern subscription fee deducted twice month thank help,95,9
TKT-1463,"Hi, I want to change my username on the platform I need urgent assistance with this.",Account Management,Medium,Web Form,Neutral,Resolved,11.49,40.8,4,16,84,want change username platform need urgent assistance,84,7
TKT-1464,"Hi team, The replacement item also arrived damaged I have been waiting for a while now.",Returns & Refunds,Medium,Phone,Negative,Pending,2.26,27.22,3,16,87,team replacement item also arrived damaged waiting,87,7
TKT-1465,"Dear Support, The courier left my package in the wrong location Please help me resolve this as soon as possible.",Shipping & Delivery,High,Email,Negative,Resolved,3.72,5.22,4,20,112,dear support courier left package wrong location please help resolve soon possible,112,12
TKT-1466,"Dear team, I cannot install the application on my laptop Please help me resolve this as soon as possible.",Technical Support,Low,Chat,Negative,Resolved,54.25,70.7,4,19,105,dear team cannot install application laptop please help resolve soon possible,105,11
TKT-1467,"Good day, I cannot log in to my account after the update I have been waiting for a while now.",Technical Support,Medium,Email,Positive,Pending,7.72,37.33,3,20,93,good day cannot log account update waiting,93,7
TKT-1468,"Hi, I cannot verify my email address with the link sent Looking forward to your prompt response.",Account Management,Medium,Phone,Neutral,Resolved,9.21,74.32,5,17,96,cannot verify email address link sent looking forward prompt response,96,10
TKT-1469,"To whom it may concern, I sent the return package but got no confirmation I have been waiting for a while now.",Returns & Refunds,High,Phone,Neutral,Resolved,2.4,4.83,5,22,110,may concern sent return package got confirmation waiting,110,8
TKT-1470,"Dear Support, Can you explain the difference between basic and pro I have been waiting for a while now.",Product Information,High,Chat,Neutral,Resolved,6.51,34.35,4,19,103,dear support explain difference basic pro waiting,103,7
TKT-1471,"Hi there, How many users can I add under a single license This is affecting my work significantly.",Product Information,Low,Chat,Negative,Resolved,82.66,87.62,5,18,98,many user add single license affecting work significantly,98,8
TKT-1472,"Dear Support, I was charged twice for my subscription this month",Billing & Payments,Low,Chat,Neutral,Pending,140.92,199.88,2,11,64,dear support charged twice subscription month,64,6
TKT-1473,Can I expedite the shipping on my recent order I need urgent assistance with this.,Shipping & Delivery,Low,Email,Neutral,Resolved,11.07,56.01,5,15,82,expedite shipping recent order need urgent assistance,82,7
TKT-1474,"Dear team, I want to merge two accounts into one This is affecting my work significantly.",Account Management,Medium,Email,Negative,Resolved,13.01,36.82,3,16,89,dear team want merge two account one affecting work significantly,89,10
TKT-1475,"Dear team, My order was marked delivered but I did not receive it This is affecting my work significantly.",Shipping & Delivery,High,Email,Negative,Resolved,5.82,16.34,5,19,106,dear team order marked delivered receive affecting work significantly,106,9
TKT-1476,"Hello, I need a refund for the payment made last week",Billing & Payments,High,Email,Negative,Resolved,4.45,16.07,5,11,53,hello need refund payment made last week,53,7
TKT-1477,"Dear team, The export function produces corrupt files I need urgent assistance with this.",Technical Support,Low,Phone,Neutral,Pending,57.32,159.69,3,14,89,dear team export function produce corrupt file need urgent assistance,89,10
TKT-1478,"To whom it may concern, Can I exchange the product for a different size I need urgent assistance with this.",Returns & Refunds,Medium,Chat,Negative,Resolved,2.04,25.16,5,20,107,may concern exchange product different size need urgent assistance,107,9
TKT-1479,"Hi there, The delivery estimate keeps getting pushed further Please let me know what steps I should take.",Shipping & Delivery,Low,Email,Neutral,Resolved,5.81,45.63,5,18,105,delivery estimate keep getting pushed please let know step take,105,10
TKT-1480,"Dear Support, The export function produces corrupt files I have been waiting for a while now.",Technical Support,Medium,Phone,Neutral,Resolved,5.79,67.89,5,16,93,dear support export function produce corrupt file waiting,93,8
TKT-1481,"Hello, I want to change the delivery address for my order This is affecting my work significantly.",Shipping & Delivery,High,Email,Neutral,Pending,11.19,23.33,2,17,98,hello want change delivery address order affecting work significantly,98,9
TKT-1482,"Dear team, My data is not syncing across devices properly Please help me resolve this as soon as possible.",Technical Support,Low,Email,Neutral,Pending,21.71,43.84,3,19,106,dear team data syncing across device properly please help resolve soon possible,106,12
TKT-1483,"To whom it may concern, I need to transfer my account to another user",Account Management,High,Email,Negative,Pending,0.5,14.91,2,14,69,may concern need transfer account another user,69,7
TKT-1484,"Hello, The tracking number provided is not working I need urgent assistance with this.",Shipping & Delivery,Medium,Email,Positive,Resolved,25.36,35.4,4,14,86,hello tracking number provided working need urgent assistance,86,8
TKT-1485,"Dear team, I cannot verify my email address with the link sent Thank you for your help.",Account Management,Low,Web Form,Negative,Resolved,52.57,80.9,5,17,87,dear team cannot verify email address link sent thank help,87,10
TKT-1486,"Hello, Do you offer any educational or nonprofit discounts Looking forward to your prompt response.",Product Information,Critical,Email,Negative,Pending,0.86,1.86,2,15,99,hello offer educational nonprofit discount looking forward prompt response,99,9
TKT-1487,"Hello, I want to change my username on the platform",Account Management,Critical,Phone,Neutral,Pending,1.95,20.08,2,10,51,hello want change username platform,51,5
TKT-1488,What languages does your platform currently support I have been waiting for a while now.,Product Information,Low,Email,Neutral,Resolved,10.73,120.98,4,15,88,language platform currently support waiting,88,5
TKT-1489,"Dear Support, The software is not compatible with my operating system Looking forward to your prompt response.",Technical Support,Medium,Email,Negative,Resolved,17.35,52.53,5,17,110,dear support software compatible operating system looking forward prompt response,110,10
TKT-1490,"Hi, Can I use the product offline without internet connection I need urgent assistance with this.",Product Information,Low,Chat,Negative,Resolved,23.52,167.39,4,16,97,use product offline without internet connection need urgent assistance,97,9
TKT-1491,"Hi there, The tracking number provided is not working Looking forward to your prompt response.",Shipping & Delivery,Medium,Chat,Negative,Pending,14.75,32.5,2,15,94,tracking number provided working looking forward prompt response,94,8
TKT-1492,"Good day, I keep getting disconnected from the server I have been waiting for a while now.",Technical Support,Medium,Email,Negative,Escalated,9.0,17.56,3,17,90,good day keep getting disconnected server waiting,90,7
TKT-1493,"Hello, My order was marked delivered but I did not receive it Please let me know what steps I should take.",Shipping & Delivery,Critical,Phone,Negative,Pending,0.9,1.9,3,21,106,hello order marked delivered receive please let know step take,106,10
TKT-1494,Dashboard is not loading any data for me Please let me know what steps I should take.,Technical Support,Medium,Web Form,Negative,Resolved,2.2,27.18,5,17,85,dashboard loading data please let know step take,85,8
TKT-1495,"Hi there, Dashboard is not loading any data for me I need urgent assistance with this.",Technical Support,Medium,Email,Negative,Resolved,12.13,45.05,3,16,86,dashboard loading data need urgent assistance,86,6
TKT-1496,"Dear Support, I need to schedule a redelivery for my parcel Looking forward to your prompt response.",Shipping & Delivery,High,Phone,Neutral,Pending,0.74,1.74,3,17,100,dear support need schedule redelivery parcel looking forward prompt response,100,10
TKT-1497,"To whom it may concern, Dashboard is not loading any data for me Please help me resolve this as soon as possible.",Technical Support,Medium,Phone,Negative,Pending,38.91,66.54,3,22,113,may concern dashboard loading data please help resolve soon possible,113,10
TKT-1498,"Hi, My invoice shows incorrect amount, please fix it Please let me know what steps I should take.",Billing & Payments,Medium,Email,Neutral,Resolved,30.51,62.01,4,18,97,invoice show incorrect amount please fix please let know step take,97,10
TKT-1499,"Hi team, How do I initiate a return for an online purchase Please help me resolve this as soon as possible.",Returns & Refunds,Medium,Chat,Positive,Resolved,1.06,34.67,5,21,107,team initiate return online purchase please help resolve soon possible,107,10
TKT-1500,What languages does your platform currently support Please let me know what steps I should take.,Product Information,High,Web Form,Negative,Resolved,8.69,11.32,5,16,96,language platform currently support please let know step take,96,9
TKT-1501,"Dear team, I was denied a refund but the product is faulty This is affecting my work significantly.",Returns & Refunds,Low,Email,Negative,Escalated,54.64,124.8,3,18,99,dear team denied refund product faulty affecting work significantly,99,9
TKT-1502,"Hi there, The return window has passed but the item is broken",Returns & Refunds,Medium,Email,Negative,Resolved,0.83,134.13,5,12,61,return window passed item broken,61,5
TKT-1503,"Hi, Subscription fee was deducted twice this month Looking forward to your prompt response.",Billing & Payments,High,Chat,Negative,Resolved,0.5,3.34,4,14,91,subscription fee deducted twice month looking forward prompt response,91,9
TKT-1504,"Dear team, Does your product comply with GDPR regulations",Product Information,Medium,Email,Neutral,Resolved,1.91,132.04,5,9,57,dear team product comply gdpr regulation,57,6
TKT-1505,"Dear Support, I keep getting disconnected from the server I have been waiting for a while now.",Technical Support,Critical,Phone,Neutral,Resolved,0.5,1.57,4,17,94,dear support keep getting disconnected server waiting,94,7
TKT-1506,"To whom it may concern, Can I exchange the product for a different size Thank you for your help.",Returns & Refunds,Low,Phone,Neutral,Resolved,1.55,18.57,5,19,96,may concern exchange product different size thank help,96,8
TKT-1507,I keep getting disconnected from the server I need urgent assistance with this.,Technical Support,Low,Email,Neutral,Pending,2.07,49.79,2,13,79,keep getting disconnected server need urgent assistance,79,7
TKT-1508,"Dear team, My account has been locked and I cannot access it I need urgent assistance with this.",Account Management,Medium,Chat,Negative,Resolved,8.45,14.05,5,18,96,dear team account locked cannot access need urgent assistance,96,9
TKT-1509,"Good day, My account shows wrong subscription plan Looking forward to your prompt response.",Account Management,Low,Chat,Neutral,Resolved,8.78,133.21,3,14,91,good day account show wrong subscription plan looking forward prompt response,91,11
TKT-1510,"Hi there, I was charged twice for my subscription this month Thank you for your help.",Billing & Payments,Medium,Chat,Neutral,Pending,13.2,67.23,4,16,85,charged twice subscription month thank help,85,6
TKT-1511,"Good day, Can I expedite the shipping on my recent order Looking forward to your prompt response.",Shipping & Delivery,Medium,Web Form,Negative,Pending,26.43,43.15,2,17,97,good day expedite shipping recent order looking forward prompt response,97,10
TKT-1512,"To whom it may concern, Please remove the two factor authentication from my account This is affecting my work significantly.",Account Management,Medium,Chat,Negative,Resolved,21.86,38.0,5,20,124,may concern please remove two factor authentication account affecting work significantly,124,11
TKT-1513,Error message appears every time I try to save,Technical Support,Medium,Phone,Neutral,Resolved,1.62,9.49,5,9,46,error message appears every time try save,46,7
TKT-1514,"Dear team, Is there a free trial available for your enterprise plan Please help me resolve this as soon as possible.",Product Information,Low,Chat,Negative,Resolved,24.84,43.64,4,21,116,dear team free trial available enterprise plan please help resolve soon possible,116,12
TKT-1515,I was billed after cancelling my account,Billing & Payments,Medium,Chat,Negative,Resolved,2.46,14.22,4,7,40,billed cancelling account,40,3
TKT-1516,"To whom it may concern, My data is not syncing across devices properly Please help me resolve this as soon as possible.",Technical Support,Low,Web Form,Negative,Resolved,84.1,145.08,3,22,119,may concern data syncing across device properly please help resolve soon possible,119,12
TKT-1517,"Dear team, I cannot find my billing history on the portal",Billing & Payments,Medium,Email,Negative,Resolved,9.76,76.91,5,11,57,dear team cannot find billing history portal,57,7
TKT-1518,"Hi, I need to transfer my account to another user I need urgent assistance with this.",Account Management,Low,Email,Negative,Resolved,49.73,70.41,4,16,85,need transfer account another user need urgent assistance,85,7
TKT-1519,"Hi there, Does the product support integration with Salesforce I have been waiting for a while now.",Product Information,Low,Chat,Negative,Pending,33.3,45.17,3,17,99,product support integration salesforce waiting,99,5
TKT-1520,"Hi, How many users can I add under a single license Thank you for your help.",Product Information,Medium,Web Form,Positive,Resolved,0.5,12.9,4,16,76,many user add single license thank help,76,7
TKT-1521,The payment gateway keeps showing an error This is affecting my work significantly.,Billing & Payments,Low,Chat,Negative,Resolved,34.31,46.39,4,13,83,payment gateway keep showing error affecting work significantly,83,8
TKT-1522,"Hi there, I need to transfer my account to another user I need urgent assistance with this.",Account Management,Medium,Phone,Negative,Escalated,6.09,69.36,1,17,91,need transfer account another user need urgent assistance,91,7
TKT-1523,"Dear team, Can I use the product offline without internet connection Please let me know what steps I should take.",Product Information,Low,Chat,Neutral,Resolved,22.92,196.77,4,20,113,dear team use product offline without internet connection please let know step take,113,13
TKT-1524,"Hello, I need to schedule a redelivery for my parcel Looking forward to your prompt response.",Shipping & Delivery,Medium,Chat,Positive,Resolved,6.92,72.71,3,16,93,hello need schedule redelivery parcel looking forward prompt response,93,9
TKT-1525,"To whom it may concern, I was billed after cancelling my account I have been waiting for a while now.",Billing & Payments,Low,Email,Neutral,Resolved,30.95,39.47,5,20,101,may concern billed cancelling account waiting,101,6
TKT-1526,"Dear Support, I need to cancel my order before it is shipped This is affecting my work significantly.",Shipping & Delivery,Low,Phone,Neutral,Resolved,11.95,111.98,3,18,101,dear support need cancel order shipped affecting work significantly,101,9
TKT-1527,"Hi team, The delivery estimate keeps getting pushed further Please help me resolve this as soon as possible.",Shipping & Delivery,High,Chat,Neutral,Pending,10.59,16.47,2,18,108,team delivery estimate keep getting pushed please help resolve soon possible,108,11
TKT-1528,"Dear Support, I was charged twice for my subscription this month I have been waiting for a while now.",Billing & Payments,Low,Phone,Negative,Resolved,6.41,36.88,3,19,101,dear support charged twice subscription month waiting,101,7
TKT-1529,"Dear team, Can I use the product offline without internet connection Looking forward to your prompt response.",Product Information,Critical,Email,Negative,Escalated,0.95,4.35,1,17,109,dear team use product offline without internet connection looking forward prompt response,109,12
TKT-1530,"Dear Support, The delivery estimate keeps getting pushed further I have been waiting for a while now.",Shipping & Delivery,High,Phone,Negative,Pending,1.3,5.27,4,17,101,dear support delivery estimate keep getting pushed waiting,101,8
TKT-1531,"Dear Support, I need to cancel my order before it is shipped Thank you for your help.",Shipping & Delivery,Low,Chat,Negative,Pending,110.79,137.7,2,17,85,dear support need cancel order shipped thank help,85,8
TKT-1532,"Hi there, The courier left my package in the wrong location I have been waiting for a while now.",Shipping & Delivery,Low,Email,Neutral,Resolved,43.18,240.52,3,19,96,courier left package wrong location waiting,96,6
TKT-1533,The delivery estimate keeps getting pushed further,Shipping & Delivery,Medium,Email,Negative,Resolved,2.13,34.69,3,7,50,delivery estimate keep getting pushed,50,5
TKT-1534,"Hi there, I need a prepaid return label for my item",Returns & Refunds,Critical,Email,Neutral,Resolved,0.64,3.89,5,11,51,need prepaid return label item,51,5
TKT-1535,"To whom it may concern, Please update my payment method to a new card I need urgent assistance with this.",Billing & Payments,High,Phone,Negative,Escalated,5.66,6.66,1,20,105,may concern please update payment method new card need urgent assistance,105,11
TKT-1536,"Hi there, Do you offer any educational or nonprofit discounts Please help me resolve this as soon as possible.",Product Information,Low,Chat,Negative,Resolved,51.82,214.48,5,19,110,offer educational nonprofit discount please help resolve soon possible,110,9
TKT-1537,"Hi there, I received the wrong item in my package This is affecting my work significantly.",Shipping & Delivery,Medium,Email,Negative,Resolved,2.45,17.52,4,16,90,received wrong item package affecting work significantly,90,7
TKT-1538,"Dear team, I want to return the product I bought last week Looking forward to your prompt response.",Returns & Refunds,High,Chat,Positive,Pending,1.36,9.51,2,18,99,dear team want return product bought last week looking forward prompt response,99,12
TKT-1539,"Hi team, I need to schedule a redelivery for my parcel Looking forward to your prompt response.",Shipping & Delivery,Medium,Email,Neutral,Resolved,9.49,93.27,4,17,95,team need schedule redelivery parcel looking forward prompt response,95,9
TKT-1540,"Hi, How do I initiate a return for an online purchase I need urgent assistance with this.",Returns & Refunds,High,Phone,Negative,Escalated,3.34,16.19,3,17,89,initiate return online purchase need urgent assistance,89,7
TKT-1541,"Dear team, The application keeps crashing when I open it I have been waiting for a while now.",Technical Support,Medium,Phone,Neutral,Resolved,19.37,23.34,4,18,93,dear team application keep crashing open waiting,93,7
TKT-1542,"Hi team, Does the product support integration with Salesforce This is affecting my work significantly.",Product Information,Medium,Email,Positive,Escalated,0.84,33.36,2,15,102,team product support integration salesforce affecting work significantly,102,8
TKT-1543,"Dear team, Can I use the product offline without internet connection Please help me resolve this as soon as possible.",Product Information,Low,Email,Negative,Resolved,4.55,64.97,4,20,117,dear team use product offline without internet connection please help resolve soon possible,117,13
TKT-1544,My refund has not been processed after two weeks This is affecting my work significantly.,Returns & Refunds,Critical,Email,Negative,Escalated,3.5,5.19,1,15,89,refund processed two week affecting work significantly,89,7
TKT-1545,"Dear team, I need to cancel my order before it is shipped Thank you for your help.",Shipping & Delivery,Low,Chat,Positive,Pending,6.16,74.7,2,17,82,dear team need cancel order shipped thank help,82,8
TKT-1546,"Dear team, I need to change the email address on my account I have been waiting for a while now.",Account Management,Medium,Phone,Neutral,Pending,7.79,23.34,2,20,96,dear team need change email address account waiting,96,8
TKT-1547,"Hi there, I need to cancel my order before it is shipped",Shipping & Delivery,High,Email,Neutral,Resolved,2.51,10.41,5,12,56,need cancel order shipped,56,4
TKT-1548,"Hi there, My data is not syncing across devices properly Please let me know what steps I should take.",Technical Support,Low,Phone,Neutral,Pending,11.65,55.9,2,19,101,data syncing across device properly please let know step take,101,10
TKT-1549,"Hi there, The mobile app is very slow and unresponsive This is affecting my work significantly.",Technical Support,Critical,Phone,Positive,Escalated,0.76,1.76,1,16,95,mobile app slow unresponsive affecting work significantly,95,7
TKT-1550,"Dear team, My store credit was not applied to my account I have been waiting for a while now.",Returns & Refunds,Medium,Web Form,Neutral,Pending,9.91,55.07,2,19,93,dear team store credit applied account waiting,93,7
TKT-1551,How many users can I add under a single license Please let me know what steps I should take.,Product Information,Medium,Web Form,Positive,Resolved,13.01,15.89,4,19,92,many user add single license please let know step take,92,10
TKT-1552,Please help me delete my account permanently Thank you for your help.,Account Management,Medium,Phone,Neutral,Pending,11.36,28.19,2,12,69,please help delete account permanently thank help,69,6
TKT-1553,"Dear Support, How many users can I add under a single license Please let me know what steps I should take.",Product Information,Low,Phone,Neutral,Resolved,25.76,31.0,4,21,106,dear support many user add single license please let know step take,106,12
TKT-1554,"Hello, I cannot find my billing history on the portal I have been waiting for a while now.",Billing & Payments,Low,Email,Neutral,Pending,13.04,26.3,4,18,90,hello cannot find billing history portal waiting,90,7
TKT-1555,"Hi there, What languages does your platform currently support",Product Information,Medium,Phone,Neutral,Resolved,38.07,47.04,5,9,61,language platform currently support,61,4
TKT-1556,My data is not syncing across devices properly Please let me know what steps I should take.,Technical Support,Critical,Chat,Negative,Resolved,0.52,4.7,4,17,91,data syncing across device properly please let know step take,91,10
TKT-1557,"Hi there, The courier left my package in the wrong location Looking forward to your prompt response.",Shipping & Delivery,Medium,Phone,Neutral,Pending,1.9,66.32,3,17,100,courier left package wrong location looking forward prompt response,100,9
TKT-1558,"Good day, The payment gateway keeps showing an error This is affecting my work significantly.",Billing & Payments,High,Web Form,Neutral,Resolved,1.16,23.47,4,15,93,good day payment gateway keep showing error affecting work significantly,93,10
TKT-1559,I want to upgrade my plan but billing is confusing This is affecting my work significantly.,Billing & Payments,Medium,Email,Neutral,Resolved,0.5,11.93,3,16,91,want upgrade plan billing confusing affecting work significantly,91,8
TKT-1560,"Hi, How do I initiate a return for an online purchase I need urgent assistance with this.",Returns & Refunds,Critical,Phone,Negative,Resolved,0.5,3.84,5,17,89,initiate return online purchase need urgent assistance,89,7
TKT-1561,"Dear team, How many users can I add under a single license I need urgent assistance with this.",Product Information,Critical,Email,Neutral,Pending,4.64,5.64,3,18,94,dear team many user add single license need urgent assistance,94,10
TKT-1562,"Hi, My refund has not been processed after two weeks Looking forward to your prompt response.",Returns & Refunds,Medium,Web Form,Negative,Resolved,2.4,37.49,4,16,93,refund processed two week looking forward prompt response,93,8
TKT-1563,"Dear team, What languages does your platform currently support",Product Information,Medium,Email,Negative,Resolved,2.25,21.74,5,9,62,dear team language platform currently support,62,6
TKT-1564,"Hi there, How do I initiate a return for an online purchase I have been waiting for a while now.",Returns & Refunds,High,Email,Positive,Resolved,0.5,13.51,5,20,96,initiate return online purchase waiting,96,5
TKT-1565,"Hi, I want to change my username on the platform I need urgent assistance with this.",Account Management,Low,Phone,Neutral,Resolved,88.24,98.72,4,16,84,want change username platform need urgent assistance,84,7
TKT-1566,"Good day, I need a prepaid return label for my item Please help me resolve this as soon as possible.",Returns & Refunds,High,Email,Negative,Resolved,0.5,10.74,4,20,100,good day need prepaid return label item please help resolve soon possible,100,12
TKT-1567,"Dear Support, The feature stopped working after the last update Please help me resolve this as soon as possible.",Technical Support,Low,Phone,Negative,Resolved,8.78,11.74,4,19,112,dear support feature stopped working last update please help resolve soon possible,112,12
TKT-1568,"Dear Support, What is the data retention policy for your service Please let me know what steps I should take.",Product Information,Medium,Email,Negative,Resolved,14.83,26.23,5,20,109,dear support data retention policy service please let know step take,109,11
TKT-1569,"Hi there, I was charged twice for my subscription this month I need urgent assistance with this.",Billing & Payments,Medium,Chat,Negative,Resolved,21.43,80.4,4,17,96,charged twice subscription month need urgent assistance,96,7
TKT-1570,"Dear team, I want to merge two accounts into one",Account Management,Low,Email,Negative,Escalated,14.35,43.99,3,10,48,dear team want merge two account one,48,7
TKT-1571,"Dear team, The software is not compatible with my operating system Please let me know what steps I should take.",Technical Support,Low,Email,Neutral,Pending,16.28,58.3,2,20,111,dear team software compatible operating system please let know step take,111,11
TKT-1572,"To whom it may concern, I cannot log in to my account after the update Looking forward to your prompt response.",Technical Support,Medium,Chat,Negative,Resolved,19.64,71.04,3,21,111,may concern cannot log account update looking forward prompt response,111,10
TKT-1573,"Hi there, I sent the return package but got no confirmation Looking forward to your prompt response.",Returns & Refunds,Low,Chat,Neutral,Resolved,27.32,31.52,3,17,100,sent return package got confirmation looking forward prompt response,100,9
TKT-1574,"To whom it may concern, Subscription fee was deducted twice this month Please let me know what steps I should take.",Billing & Payments,Medium,Chat,Negative,Resolved,3.61,81.81,5,21,115,may concern subscription fee deducted twice month please let know step take,115,12
TKT-1575,"Good day, I need to schedule a redelivery for my parcel Looking forward to your prompt response.",Shipping & Delivery,Low,Email,Neutral,Resolved,26.78,152.72,5,17,96,good day need schedule redelivery parcel looking forward prompt response,96,10
TKT-1576,"Hi team, I need to schedule a redelivery for my parcel Thank you for your help.",Shipping & Delivery,High,Phone,Neutral,Resolved,1.79,15.14,4,16,79,team need schedule redelivery parcel thank help,79,7
TKT-1577,"Hello, I need to cancel my order before it is shipped Thank you for your help.",Shipping & Delivery,Low,Web Form,Negative,Resolved,90.83,204.52,5,16,78,hello need cancel order shipped thank help,78,7
TKT-1578,"Dear Support, The item I received is defective and I need replacement Looking forward to your prompt response.",Returns & Refunds,Medium,Chat,Negative,Resolved,11.59,30.66,4,18,110,dear support item received defective need replacement looking forward prompt response,110,11
TKT-1579,"Good day, How many users can I add under a single license Please help me resolve this as soon as possible.",Product Information,Medium,Email,Negative,Pending,32.7,74.75,4,21,106,good day many user add single license please help resolve soon possible,106,12
TKT-1580,"Good day, I cannot verify my email address with the link sent",Account Management,Medium,Phone,Negative,Resolved,0.5,79.93,5,12,61,good day cannot verify email address link sent,61,8
TKT-1581,"Hi there, Please update my personal information in the system Please help me resolve this as soon as possible.",Account Management,Low,Email,Neutral,Pending,48.16,55.97,2,19,110,please update personal information system please help resolve soon possible,110,9
TKT-1582,"To whom it may concern, I want to change my username on the platform This is affecting my work significantly.",Account Management,Critical,Email,Negative,Pending,1.13,3.83,3,20,109,may concern want change username platform affecting work significantly,109,9
TKT-1583,"Hello, I want to upgrade my plan but billing is confusing",Billing & Payments,Medium,Email,Negative,Resolved,17.56,26.8,5,11,57,hello want upgrade plan billing confusing,57,6
TKT-1584,"Hi team, I need to change the email address on my account Please let me know what steps I should take.",Account Management,Low,Email,Negative,Pending,1.48,11.59,3,21,102,team need change email address account please let know step take,102,11
TKT-1585,"Hi there, The item I received is defective and I need replacement I have been waiting for a while now.",Returns & Refunds,High,Email,Positive,Pending,2.6,34.32,2,20,102,item received defective need replacement waiting,102,6
TKT-1586,"Good day, I want to change the delivery address for my order Looking forward to your prompt response.",Shipping & Delivery,Medium,Email,Positive,Resolved,0.5,36.43,4,18,101,good day want change delivery address order looking forward prompt response,101,11
TKT-1587,"Dear team, Does the product support integration with Salesforce I have been waiting for a while now.",Product Information,Medium,Phone,Neutral,Resolved,40.33,42.2,5,17,100,dear team product support integration salesforce waiting,100,7
TKT-1588,Is there an API available for custom integrations,Product Information,Medium,Email,Negative,Resolved,1.13,34.2,4,8,49,api available custom integration,49,4
TKT-1589,"Good day, I need to schedule a redelivery for my parcel This is affecting my work significantly.",Shipping & Delivery,Critical,Phone,Neutral,Resolved,0.5,2.74,5,17,96,good day need schedule redelivery parcel affecting work significantly,96,9
TKT-1590,"Hello, I need a prepaid return label for my item",Returns & Refunds,Critical,Phone,Negative,Pending,2.92,3.97,2,10,48,hello need prepaid return label item,48,6
TKT-1591,"To whom it may concern, The courier left my package in the wrong location I need urgent assistance with this.",Shipping & Delivery,Low,Chat,Neutral,Pending,21.6,22.78,3,20,109,may concern courier left package wrong location need urgent assistance,109,10
TKT-1592,"Hi, I received a damaged item in my shipment This is affecting my work significantly.",Shipping & Delivery,Medium,Email,Negative,Resolved,1.73,5.3,5,15,85,received damaged item shipment affecting work significantly,85,7
TKT-1593,"Dear Support, The delivery estimate keeps getting pushed further Looking forward to your prompt response.",Shipping & Delivery,Critical,Chat,Negative,Resolved,1.31,5.85,3,15,105,dear support delivery estimate keep getting pushed looking forward prompt response,105,11
TKT-1594,"Dear team, I need to transfer my account to another user I need urgent assistance with this.",Account Management,Low,Email,Negative,Resolved,0.5,56.46,5,17,92,dear team need transfer account another user need urgent assistance,92,9
TKT-1595,"Dear team, How do I initiate a return for an online purchase I need urgent assistance with this.",Returns & Refunds,Critical,Email,Negative,Resolved,0.8,2.23,5,18,96,dear team initiate return online purchase need urgent assistance,96,9
TKT-1596,"Hi, I received the wrong item in my package",Shipping & Delivery,Medium,Email,Neutral,Resolved,1.22,8.23,5,9,43,received wrong item package,43,4
TKT-1597,"Hi team, The software is not compatible with my operating system",Technical Support,Medium,Web Form,Negative,Pending,10.49,70.75,2,11,64,team software compatible operating system,64,5
TKT-1598,My order has not arrived yet and it is overdue,Shipping & Delivery,Medium,Phone,Neutral,Pending,4.54,9.69,3,10,46,order arrived yet overdue,46,4
TKT-1599,"Hi, I was denied a refund but the product is faulty Thank you for your help.",Returns & Refunds,Low,Phone,Negative,Pending,33.61,182.1,3,16,76,denied refund product faulty thank help,76,6
TKT-1600,"Good day, I forgot my password and need to reset it I need urgent assistance with this.",Account Management,High,Email,Negative,Resolved,1.34,8.36,5,17,87,good day forgot password need reset need urgent assistance,87,8
TKT-1601,"To whom it may concern, I was billed after cancelling my account I need urgent assistance with this.",Billing & Payments,High,Web Form,Neutral,Resolved,0.5,8.31,4,18,100,may concern billed cancelling account need urgent assistance,100,8
TKT-1602,"Hello, My order has not arrived yet and it is overdue",Shipping & Delivery,Medium,Email,Positive,Resolved,10.57,38.87,4,11,53,hello order arrived yet overdue,53,5
TKT-1603,"Hi team, I cannot find my billing history on the portal Looking forward to your prompt response.",Billing & Payments,Medium,Chat,Negative,Resolved,14.03,24.5,4,17,96,team cannot find billing history portal looking forward prompt response,96,10
TKT-1604,"Hi team, Dashboard is not loading any data for me I have been waiting for a while now.",Technical Support,Medium,Chat,Negative,Pending,15.72,32.06,3,18,86,team dashboard loading data waiting,86,5
TKT-1605,"Hi team, What is the data retention policy for your service Thank you for your help.",Product Information,Medium,Chat,Neutral,Pending,5.33,92.56,2,16,84,team data retention policy service thank help,84,7
TKT-1606,I want to upgrade my plan but billing is confusing Looking forward to your prompt response.,Billing & Payments,Medium,Phone,Positive,Pending,4.83,45.36,2,16,91,want upgrade plan billing confusing looking forward prompt response,91,9
TKT-1607,"Hello, Can I exchange the product for a different size Looking forward to your prompt response.",Returns & Refunds,High,Web Form,Neutral,Resolved,1.16,2.7,4,16,95,hello exchange product different size looking forward prompt response,95,9
TKT-1608,Can I expedite the shipping on my recent order Looking forward to your prompt response.,Shipping & Delivery,Critical,Email,Neutral,Resolved,0.71,1.71,5,15,87,expedite shipping recent order looking forward prompt response,87,8
TKT-1609,"Hi, How do I initiate a return for an online purchase Please help me resolve this as soon as possible.",Returns & Refunds,Critical,Chat,Neutral,Resolved,0.5,6.94,4,20,102,initiate return online purchase please help resolve soon possible,102,9
TKT-1610,My account shows wrong subscription plan Thank you for your help.,Account Management,Medium,Chat,Negative,Resolved,0.76,61.26,5,11,65,account show wrong subscription plan thank help,65,7
TKT-1611,"Good day, Can I expedite the shipping on my recent order This is affecting my work significantly.",Shipping & Delivery,Medium,Chat,Negative,Resolved,11.05,42.43,4,17,97,good day expedite shipping recent order affecting work significantly,97,9
TKT-1612,"Dear Support, How many users can I add under a single license Please let me know what steps I should take.",Product Information,Medium,Email,Positive,Resolved,15.91,24.34,3,21,106,dear support many user add single license please let know step take,106,12
TKT-1613,"Hello, The export function produces corrupt files Please help me resolve this as soon as possible.",Technical Support,Medium,Chat,Negative,Pending,5.09,63.57,3,16,98,hello export function produce corrupt file please help resolve soon possible,98,11
TKT-1614,"Hi, The return window has passed but the item is broken This is affecting my work significantly.",Returns & Refunds,Low,Chat,Negative,Escalated,8.43,19.58,1,17,96,return window passed item broken affecting work significantly,96,8
TKT-1615,"Hello, I cannot log in to my account after the update Please help me resolve this as soon as possible.",Technical Support,Medium,Web Form,Negative,Resolved,16.88,48.69,5,20,102,hello cannot log account update please help resolve soon possible,102,10
TKT-1616,"Hi, Do you offer any educational or nonprofit discounts This is affecting my work significantly.",Product Information,Low,Phone,Neutral,Resolved,36.72,60.08,5,15,96,offer educational nonprofit discount affecting work significantly,96,7
TKT-1617,"Hi team, I want to return the product I bought last week",Returns & Refunds,Low,Email,Negative,Escalated,30.73,33.69,1,12,56,team want return product bought last week,56,7
TKT-1618,"Good day, The software is not compatible with my operating system Please help me resolve this as soon as possible.",Technical Support,Medium,Phone,Negative,Escalated,7.88,67.6,3,20,114,good day software compatible operating system please help resolve soon possible,114,11
TKT-1619,"Hi there, The software is not compatible with my operating system This is affecting my work significantly.",Technical Support,Low,Phone,Negative,Resolved,7.9,18.1,4,17,106,software compatible operating system affecting work significantly,106,7
TKT-1620,"To whom it may concern, I need a prepaid return label for my item I have been waiting for a while now.",Returns & Refunds,Medium,Chat,Neutral,Resolved,27.92,45.32,4,22,102,may concern need prepaid return label item waiting,102,8
TKT-1621,"Dear Support, The mobile app is very slow and unresponsive This is affecting my work significantly.",Technical Support,Medium,Phone,Positive,Pending,10.64,26.32,3,16,99,dear support mobile app slow unresponsive affecting work significantly,99,9
TKT-1622,"Hi there, Is there a free trial available for your enterprise plan Please help me resolve this as soon as possible.",Product Information,Medium,Phone,Negative,Resolved,10.95,30.2,5,21,115,free trial available enterprise plan please help resolve soon possible,115,10
TKT-1623,"Dear Support, My package was returned to sender by mistake Thank you for your help.",Shipping & Delivery,Medium,Chat,Negative,Resolved,10.17,17.53,3,15,83,dear support package returned sender mistake thank help,83,8
TKT-1624,"Hi, I received the wrong item in my package I have been waiting for a while now.",Shipping & Delivery,Medium,Email,Negative,Resolved,13.18,16.18,4,17,80,received wrong item package waiting,80,5
TKT-1625,"Hi team, The replacement item also arrived damaged I have been waiting for a while now.",Returns & Refunds,Low,Chat,Neutral,Resolved,1.26,37.78,4,16,87,team replacement item also arrived damaged waiting,87,7
TKT-1626,"Hi team, The return window has passed but the item is broken Looking forward to your prompt response.",Returns & Refunds,Medium,Email,Neutral,Pending,8.46,10.76,2,18,101,team return window passed item broken looking forward prompt response,101,10
TKT-1627,"Dear Support, I cannot verify my email address with the link sent",Account Management,Medium,Chat,Negative,Pending,38.56,40.36,2,12,65,dear support cannot verify email address link sent,65,8
TKT-1628,"Hi there, My data is not syncing across devices properly Looking forward to your prompt response.",Technical Support,Low,Chat,Neutral,Resolved,1.12,211.23,5,16,97,data syncing across device properly looking forward prompt response,97,9
TKT-1629,What features are included in the premium plan Thank you for your help.,Product Information,Low,Email,Positive,Resolved,3.16,55.79,4,13,71,feature included premium plan thank help,71,6
TKT-1630,Can I use the product offline without internet connection Looking forward to your prompt response.,Product Information,Medium,Web Form,Negative,Pending,1.85,19.18,3,15,98,use product offline without internet connection looking forward prompt response,98,10
TKT-1631,"Hi there, What are the system requirements for your software This is affecting my work significantly.",Product Information,Low,Chat,Positive,Pending,12.7,61.13,3,16,101,system requirement software affecting work significantly,101,6
TKT-1632,"Hello, I want to change my username on the platform",Account Management,Low,Email,Neutral,Resolved,75.36,141.22,5,10,51,hello want change username platform,51,5
TKT-1633,Please help me delete my account permanently This is affecting my work significantly.,Account Management,Medium,Email,Neutral,Resolved,2.37,59.86,5,13,85,please help delete account permanently affecting work significantly,85,8
TKT-1634,"Hi team, I cannot find my billing history on the portal Please help me resolve this as soon as possible.",Billing & Payments,Medium,Email,Neutral,Escalated,3.95,19.46,2,20,104,team cannot find billing history portal please help resolve soon possible,104,11
TKT-1635,Why was my card declined when making a payment This is affecting my work significantly.,Billing & Payments,Critical,Phone,Neutral,Pending,0.5,2.03,3,15,87,card declined making payment affecting work significantly,87,7
TKT-1636,"To whom it may concern, What are the system requirements for your software Please let me know what steps I should take.",Product Information,Critical,Email,Neutral,Pending,1.31,2.95,3,22,119,may concern system requirement software please let know step take,119,10
TKT-1637,"Good day, Why was my card declined when making a payment I need urgent assistance with this.",Billing & Payments,High,Email,Negative,Pending,4.71,6.52,3,17,92,good day card declined making payment need urgent assistance,92,9
TKT-1638,"Good day, I sent the return package but got no confirmation This is affecting my work significantly.",Returns & Refunds,Medium,Web Form,Neutral,Resolved,1.74,42.26,4,17,100,good day sent return package got confirmation affecting work significantly,100,10
TKT-1639,What are the system requirements for your software I have been waiting for a while now.,Product Information,Low,Web Form,Neutral,Escalated,57.01,400.57,1,16,87,system requirement software waiting,87,4
TKT-1640,"Dear team, I cannot verify my email address with the link sent I have been waiting for a while now.",Account Management,Medium,Chat,Negative,Resolved,5.31,37.75,4,20,99,dear team cannot verify email address link sent waiting,99,9
TKT-1641,"To whom it may concern, I want to merge two accounts into one",Account Management,Low,Chat,Neutral,Resolved,5.66,103.28,3,13,61,may concern want merge two account one,61,7
TKT-1642,"Dear team, Can you explain the difference between basic and pro I have been waiting for a while now.",Product Information,Medium,Email,Negative,Resolved,14.25,44.41,5,19,100,dear team explain difference basic pro waiting,100,7
TKT-1643,"To whom it may concern, I keep getting disconnected from the server Thank you for your help.",Technical Support,High,Email,Negative,Resolved,1.21,7.73,4,17,92,may concern keep getting disconnected server thank help,92,8
TKT-1644,"Good day, The payment gateway keeps showing an error Looking forward to your prompt response.",Billing & Payments,Medium,Chat,Neutral,Resolved,4.04,51.79,3,15,93,good day payment gateway keep showing error looking forward prompt response,93,11
TKT-1645,I cannot find my billing history on the portal Thank you for your help.,Billing & Payments,Medium,Chat,Negative,Resolved,1.15,36.53,4,14,71,cannot find billing history portal thank help,71,7
TKT-1646,"Good day, I need to change the email address on my account I have been waiting for a while now.",Account Management,Medium,Email,Negative,Pending,0.5,71.71,3,20,95,good day need change email address account waiting,95,8
TKT-1647,"Good day, The feature stopped working after the last update",Technical Support,High,Chat,Negative,Pending,5.54,34.85,3,10,59,good day feature stopped working last update,59,7
TKT-1648,"To whom it may concern, I need to schedule a redelivery for my parcel Please let me know what steps I should take.",Shipping & Delivery,Low,Email,Neutral,Resolved,8.78,67.1,4,23,114,may concern need schedule redelivery parcel please let know step take,114,11
TKT-1649,"Dear team, Is there an API available for custom integrations",Product Information,Medium,Email,Negative,Resolved,2.26,28.54,4,10,60,dear team api available custom integration,60,6
TKT-1650,"To whom it may concern, The export function produces corrupt files Looking forward to your prompt response.",Technical Support,Low,Email,Neutral,Pending,25.15,104.73,3,17,107,may concern export function produce corrupt file looking forward prompt response,107,11
TKT-1651,The export function produces corrupt files,Technical Support,Critical,Web Form,Positive,Resolved,0.61,3.11,5,6,42,export function produce corrupt file,42,5
TKT-1652,"Hi, The software is not compatible with my operating system Please help me resolve this as soon as possible.",Technical Support,Medium,Phone,Negative,Escalated,4.06,80.32,1,19,108,software compatible operating system please help resolve soon possible,108,9
TKT-1653,"Hi, I want to upgrade my plan but billing is confusing Please help me resolve this as soon as possible.",Billing & Payments,Low,Email,Negative,Resolved,3.57,144.67,4,20,103,want upgrade plan billing confusing please help resolve soon possible,103,10
TKT-1654,"Good day, Does the product support integration with Salesforce I need urgent assistance with this.",Product Information,Medium,Phone,Neutral,Pending,4.5,23.53,2,15,98,good day product support integration salesforce need urgent assistance,98,9
TKT-1655,"Hi, My refund has not been processed after two weeks This is affecting my work significantly.",Returns & Refunds,Critical,Email,Negative,Escalated,1.52,5.88,2,16,93,refund processed two week affecting work significantly,93,7
TKT-1656,"To whom it may concern, I received the wrong item in my package Please help me resolve this as soon as possible.",Shipping & Delivery,Critical,Phone,Neutral,Resolved,1.31,3.87,4,22,112,may concern received wrong item package please help resolve soon possible,112,11
TKT-1657,"Dear team, I need to schedule a redelivery for my parcel",Shipping & Delivery,Medium,Chat,Neutral,Resolved,16.41,25.92,4,11,56,dear team need schedule redelivery parcel,56,6
TKT-1658,I was charged twice for my subscription this month Thank you for your help.,Billing & Payments,Low,Web Form,Neutral,Pending,11.1,111.28,4,14,75,charged twice subscription month thank help,75,6
TKT-1659,I was charged twice for my subscription this month Please let me know what steps I should take.,Billing & Payments,High,Chat,Neutral,Escalated,1.66,2.66,1,18,95,charged twice subscription month please let know step take,95,9
TKT-1660,"Hi, My order was marked delivered but I did not receive it Thank you for your help.",Shipping & Delivery,Low,Phone,Neutral,Resolved,50.0,75.94,5,17,83,order marked delivered receive thank help,83,6
TKT-1661,"Hello, I cannot log in to my account after the update Looking forward to your prompt response.",Technical Support,High,Phone,Negative,Resolved,11.6,25.37,4,17,94,hello cannot log account update looking forward prompt response,94,9
TKT-1662,My data is not syncing across devices properly Please let me know what steps I should take.,Technical Support,Medium,Email,Negative,Resolved,4.49,62.86,5,17,91,data syncing across device properly please let know step take,91,10
TKT-1663,"Hi team, I want to merge two accounts into one I need urgent assistance with this.",Account Management,Low,Phone,Negative,Resolved,33.45,153.76,5,16,82,team want merge two account one need urgent assistance,82,9
TKT-1664,"Dear team, I cannot verify my email address with the link sent This is affecting my work significantly.",Account Management,Medium,Phone,Negative,Resolved,16.26,57.02,4,18,103,dear team cannot verify email address link sent affecting work significantly,103,11
TKT-1665,"Hi there, How do I initiate a return for an online purchase I need urgent assistance with this.",Returns & Refunds,High,Phone,Neutral,Resolved,2.58,25.27,4,18,95,initiate return online purchase need urgent assistance,95,7
TKT-1666,"Hi, The replacement item also arrived damaged I need urgent assistance with this.",Returns & Refunds,Low,Email,Negative,Resolved,30.58,82.11,5,13,81,replacement item also arrived damaged need urgent assistance,81,8
TKT-1667,"Hi team, Does your product comply with GDPR regulations",Product Information,Medium,Phone,Negative,Pending,1.34,67.05,3,9,55,team product comply gdpr regulation,55,5
TKT-1668,"Hi, I want to upgrade my plan but billing is confusing Looking forward to your prompt response.",Billing & Payments,Medium,Phone,Neutral,Pending,1.43,20.29,4,17,95,want upgrade plan billing confusing looking forward prompt response,95,9
TKT-1669,"Hi team, My promo code is not being applied to my bill I have been waiting for a while now.",Billing & Payments,Low,Chat,Negative,Pending,7.57,28.17,4,20,91,team promo code applied bill waiting,91,6
TKT-1670,I received a damaged item in my shipment Please help me resolve this as soon as possible.,Shipping & Delivery,Low,Email,Negative,Resolved,0.5,57.08,5,17,89,received damaged item shipment please help resolve soon possible,89,9
TKT-1671,"Dear team, My data is not syncing across devices properly Please let me know what steps I should take.",Technical Support,Medium,Chat,Neutral,Resolved,6.97,83.28,4,19,102,dear team data syncing across device properly please let know step take,102,12
TKT-1672,"Hi there, My invoice shows incorrect amount, please fix it Please help me resolve this as soon as possible.",Billing & Payments,Medium,Email,Positive,Escalated,0.91,40.09,2,19,107,invoice show incorrect amount please fix please help resolve soon possible,107,10
TKT-1673,"Hi, I keep getting disconnected from the server This is affecting my work significantly.",Technical Support,Medium,Email,Neutral,Pending,20.59,58.26,3,14,88,keep getting disconnected server affecting work significantly,88,7
TKT-1674,"Hi team, The tracking number provided is not working I need urgent assistance with this.",Shipping & Delivery,Medium,Chat,Neutral,Pending,4.64,37.28,4,15,88,team tracking number provided working need urgent assistance,88,8
TKT-1675,"Good day, I need to change the email address on my account Thank you for your help.",Account Management,Medium,Email,Negative,Resolved,2.74,22.27,4,17,83,good day need change email address account thank help,83,9
TKT-1676,"To whom it may concern, Please process my refund to the original payment method Thank you for your help.",Returns & Refunds,Low,Phone,Negative,Pending,4.41,13.64,2,19,104,may concern please process refund original payment method thank help,104,10
TKT-1677,"Hello, My refund has not been processed after two weeks I have been waiting for a while now.",Returns & Refunds,High,Email,Negative,Resolved,2.87,8.02,4,18,92,hello refund processed two week waiting,92,6
TKT-1678,"Hi team, My invoice shows incorrect amount, please fix it This is affecting my work significantly.",Billing & Payments,Medium,Email,Negative,Resolved,62.07,71.61,3,16,98,team invoice show incorrect amount please fix affecting work significantly,98,10
TKT-1679,"Hi team, Please update my payment method to a new card I have been waiting for a while now.",Billing & Payments,Low,Phone,Positive,Resolved,10.02,52.3,5,19,91,team please update payment method new card waiting,91,8
TKT-1680,"Hi there, I want to upgrade my plan but billing is confusing",Billing & Payments,Medium,Email,Negative,Pending,18.06,40.3,4,12,60,want upgrade plan billing confusing,60,5
TKT-1681,"To whom it may concern, What are the system requirements for your software Thank you for your help.",Product Information,Medium,Email,Negative,Pending,9.28,183.71,4,18,99,may concern system requirement software thank help,99,7
TKT-1682,"Hi team, Does the product support integration with Salesforce I need urgent assistance with this.",Product Information,Low,Email,Negative,Resolved,12.4,31.66,5,15,97,team product support integration salesforce need urgent assistance,97,8
TKT-1683,"Good day, My order was marked delivered but I did not receive it I need urgent assistance with this.",Shipping & Delivery,Medium,Email,Negative,Resolved,3.31,12.89,3,19,100,good day order marked delivered receive need urgent assistance,100,9
TKT-1684,"Dear Support, I cannot find my billing history on the portal Thank you for your help.",Billing & Payments,Low,Chat,Negative,Resolved,11.35,161.59,5,16,85,dear support cannot find billing history portal thank help,85,9
TKT-1685,"Dear Support, The replacement item also arrived damaged Thank you for your help.",Returns & Refunds,Medium,Web Form,Neutral,Resolved,0.75,13.47,4,13,80,dear support replacement item also arrived damaged thank help,80,9
TKT-1686,"Hello, Please update my personal information in the system I need urgent assistance with this.",Account Management,Medium,Email,Neutral,Pending,12.09,16.85,2,15,94,hello please update personal information system need urgent assistance,94,9
TKT-1687,"Dear team, I cannot find my billing history on the portal I have been waiting for a while now.",Billing & Payments,Critical,Chat,Neutral,Pending,0.5,9.83,2,19,94,dear team cannot find billing history portal waiting,94,8
TKT-1688,"Dear Support, Please help me delete my account permanently I need urgent assistance with this.",Account Management,High,Email,Neutral,Pending,2.87,20.48,4,15,94,dear support please help delete account permanently need urgent assistance,94,10
TKT-1689,"Dear team, The feature stopped working after the last update Thank you for your help.",Technical Support,Critical,Email,Negative,Pending,0.5,1.52,2,15,85,dear team feature stopped working last update thank help,85,9
TKT-1690,"Hello, I was charged twice for my subscription this month I have been waiting for a while now.",Billing & Payments,Medium,Phone,Negative,Resolved,2.2,15.58,4,18,94,hello charged twice subscription month waiting,94,6
TKT-1691,"To whom it may concern, I received a damaged item in my shipment Thank you for your help.",Shipping & Delivery,High,Email,Negative,Resolved,3.17,4.27,4,18,89,may concern received damaged item shipment thank help,89,8
TKT-1692,"Hi team, I cannot find my billing history on the portal Thank you for your help.",Billing & Payments,Medium,Web Form,Positive,Resolved,36.85,52.49,3,16,80,team cannot find billing history portal thank help,80,8
TKT-1693,Subscription fee was deducted twice this month This is affecting my work significantly.,Billing & Payments,Low,Email,Neutral,Escalated,34.6,42.89,3,13,87,subscription fee deducted twice month affecting work significantly,87,8
TKT-1694,"Dear Support, The delivery estimate keeps getting pushed further Thank you for your help.",Shipping & Delivery,Medium,Chat,Negative,Resolved,2.56,8.24,5,14,89,dear support delivery estimate keep getting pushed thank help,89,9
TKT-1695,"Hi there, The website is showing a 500 internal server error Please let me know what steps I should take.",Technical Support,Critical,Phone,Negative,Resolved,0.5,1.72,4,20,105,website showing internal server error please let know step take,105,10
TKT-1696,"Dear Support, My account shows wrong subscription plan I need urgent assistance with this.",Account Management,Medium,Chat,Neutral,Resolved,20.21,37.54,3,14,90,dear support account show wrong subscription plan need urgent assistance,90,10
TKT-1697,"Hi there, The feature stopped working after the last update Thank you for your help.",Technical Support,Low,Chat,Neutral,Resolved,22.05,107.8,4,15,84,feature stopped working last update thank help,84,7
TKT-1698,"Hello, My account shows wrong subscription plan I have been waiting for a while now.",Account Management,High,Phone,Neutral,Resolved,0.79,2.19,5,15,84,hello account show wrong subscription plan waiting,84,7
TKT-1699,"Dear team, My account has been locked and I cannot access it This is affecting my work significantly.",Account Management,Medium,Phone,Negative,Resolved,4.56,6.62,5,18,101,dear team account locked cannot access affecting work significantly,101,9
TKT-1700,"Dear Support, Can you explain the difference between basic and pro Please let me know what steps I should take.",Product Information,Low,Email,Neutral,Resolved,8.49,15.26,5,20,111,dear support explain difference basic pro please let know step take,111,11
TKT-1701,"To whom it may concern, I was billed after cancelling my account Thank you for your help.",Billing & Payments,Low,Email,Neutral,Resolved,62.51,75.21,5,17,89,may concern billed cancelling account thank help,89,7
TKT-1702,"To whom it may concern, My account shows wrong subscription plan Thank you for your help.",Account Management,Low,Web Form,Negative,Resolved,19.38,74.44,3,16,89,may concern account show wrong subscription plan thank help,89,9
TKT-1703,"Dear Support, I need a prepaid return label for my item Please let me know what steps I should take.",Returns & Refunds,Low,Chat,Negative,Resolved,34.23,64.02,5,20,100,dear support need prepaid return label item please let know step take,100,12
TKT-1704,"Good day, Please remove the two factor authentication from my account",Account Management,High,Email,Negative,Pending,1.19,8.7,2,11,69,good day please remove two factor authentication account,69,8
TKT-1705,"Hi team, I need to change the email address on my account I have been waiting for a while now.",Account Management,High,Email,Negative,Resolved,13.03,20.1,4,20,94,team need change email address account waiting,94,7
TKT-1706,"Dear team, My profile picture is not updating correctly This is affecting my work significantly.",Account Management,Medium,Phone,Negative,Resolved,20.04,35.1,4,15,96,dear team profile picture updating correctly affecting work significantly,96,9
TKT-1707,"Hi there, I cannot verify my email address with the link sent Thank you for your help.",Account Management,High,Web Form,Neutral,Pending,3.9,20.14,4,17,86,cannot verify email address link sent thank help,86,8
TKT-1708,"Good day, Please help me delete my account permanently Looking forward to your prompt response.",Account Management,High,Chat,Neutral,Resolved,4.48,11.66,5,15,95,good day please help delete account permanently looking forward prompt response,95,11
TKT-1709,"Hi, Please process my refund to the original payment method",Returns & Refunds,Medium,Phone,Negative,Resolved,9.47,17.68,4,10,59,please process refund original payment method,59,6
TKT-1710,"Dear team, How do I initiate a return for an online purchase Please let me know what steps I should take.",Returns & Refunds,High,Web Form,Neutral,Resolved,5.02,42.82,4,21,105,dear team initiate return online purchase please let know step take,105,11
TKT-1711,"Hi team, The item I received is defective and I need replacement",Returns & Refunds,Medium,Phone,Negative,Resolved,3.49,24.8,3,12,64,team item received defective need replacement,64,6
TKT-1712,"Hi there, Dashboard is not loading any data for me This is affecting my work significantly.",Technical Support,Low,Web Form,Positive,Resolved,6.66,85.04,5,16,91,dashboard loading data affecting work significantly,91,6
TKT-1713,"Dear Support, I want to change my username on the platform Thank you for your help.",Account Management,Medium,Chat,Neutral,Pending,15.77,68.64,4,16,83,dear support want change username platform thank help,83,8
TKT-1714,"Dear team, Can you explain the difference between basic and pro",Product Information,Medium,Email,Neutral,Resolved,27.32,31.9,4,11,63,dear team explain difference basic pro,63,6
TKT-1715,Can I expedite the shipping on my recent order Thank you for your help.,Shipping & Delivery,High,Chat,Negative,Resolved,7.71,12.7,5,14,71,expedite shipping recent order thank help,71,6
TKT-1716,"To whom it may concern, My order has not arrived yet and it is overdue I need urgent assistance with this.",Shipping & Delivery,Low,Email,Negative,Pending,13.51,26.53,3,21,106,may concern order arrived yet overdue need urgent assistance,106,9
TKT-1717,"To whom it may concern, Why was my card declined when making a payment Looking forward to your prompt response.",Billing & Payments,Medium,Email,Negative,Resolved,0.51,14.5,4,20,111,may concern card declined making payment looking forward prompt response,111,10
TKT-1718,"Hi, I need a prepaid return label for my item Thank you for your help.",Returns & Refunds,High,Web Form,Negative,Resolved,5.08,37.02,4,15,70,need prepaid return label item thank help,70,7
TKT-1719,"Hello, I cannot verify my email address with the link sent Please help me resolve this as soon as possible.",Account Management,Low,Email,Positive,Pending,8.66,63.4,3,20,107,hello cannot verify email address link sent please help resolve soon possible,107,12
TKT-1720,"Good day, I cannot find my billing history on the portal This is affecting my work significantly.",Billing & Payments,Medium,Chat,Neutral,Resolved,42.01,88.83,5,17,97,good day cannot find billing history portal affecting work significantly,97,10
TKT-1721,"Hi team, How many users can I add under a single license",Product Information,High,Phone,Negative,Resolved,3.91,14.98,4,12,56,team many user add single license,56,6
TKT-1722,I need a prepaid return label for my item Looking forward to your prompt response.,Returns & Refunds,Medium,Email,Neutral,Resolved,19.63,27.03,3,15,82,need prepaid return label item looking forward prompt response,82,9
TKT-1723,"Dear team, I forgot my password and need to reset it I need urgent assistance with this.",Account Management,Medium,Email,Negative,Resolved,9.8,25.14,5,17,88,dear team forgot password need reset need urgent assistance,88,8
TKT-1724,"Hello, I cannot verify my email address with the link sent I need urgent assistance with this.",Account Management,Critical,Phone,Negative,Resolved,0.5,2.43,4,17,94,hello cannot verify email address link sent need urgent assistance,94,10
TKT-1725,"To whom it may concern, My refund has not been processed after two weeks Please let me know what steps I should take.",Returns & Refunds,Critical,Phone,Positive,Resolved,0.66,1.66,5,23,117,may concern refund processed two week please let know step take,117,11
TKT-1726,"Good day, My account shows wrong subscription plan",Account Management,Medium,Chat,Negative,Resolved,6.73,9.53,3,8,50,good day account show wrong subscription plan,50,7
TKT-1727,"Hello, My account shows wrong subscription plan",Account Management,High,Chat,Neutral,Resolved,5.86,6.86,4,7,47,hello account show wrong subscription plan,47,6
TKT-1728,"Dear team, My store credit was not applied to my account I have been waiting for a while now.",Returns & Refunds,Low,Phone,Positive,Resolved,3.01,6.34,4,19,93,dear team store credit applied account waiting,93,7
TKT-1729,"Hi, I cannot find my billing history on the portal I need urgent assistance with this.",Billing & Payments,High,Email,Neutral,Resolved,2.38,12.73,4,16,86,cannot find billing history portal need urgent assistance,86,8
TKT-1730,"Hello, Please update my payment method to a new card Looking forward to your prompt response.",Billing & Payments,Medium,Chat,Neutral,Resolved,1.26,53.64,5,16,93,hello please update payment method new card looking forward prompt response,93,11
TKT-1731,How do I initiate a return for an online purchase Looking forward to your prompt response.,Returns & Refunds,Critical,Phone,Negative,Resolved,0.5,3.49,4,16,90,initiate return online purchase looking forward prompt response,90,8
TKT-1732,"To whom it may concern, The tracking number provided is not working Thank you for your help.",Shipping & Delivery,Medium,Email,Negative,Resolved,31.03,33.11,4,17,92,may concern tracking number provided working thank help,92,8
TKT-1733,"Hi team, What are the system requirements for your software Looking forward to your prompt response.",Product Information,Critical,Email,Negative,Resolved,0.5,6.23,4,16,100,team system requirement software looking forward prompt response,100,8
TKT-1734,"Hi team, Dashboard is not loading any data for me Thank you for your help.",Technical Support,Medium,Web Form,Positive,Resolved,5.68,38.96,3,15,74,team dashboard loading data thank help,74,6
TKT-1735,"Good day, Subscription fee was deducted twice this month",Billing & Payments,Medium,Email,Negative,Resolved,10.46,62.8,4,9,56,good day subscription fee deducted twice month,56,7
TKT-1736,"Hi team, Can I expedite the shipping on my recent order Please help me resolve this as soon as possible.",Shipping & Delivery,High,Chat,Negative,Pending,0.56,5.01,2,20,104,team expedite shipping recent order please help resolve soon possible,104,10
TKT-1737,"Good day, How do I initiate a return for an online purchase Please let me know what steps I should take.",Returns & Refunds,Critical,Email,Negative,Pending,0.5,4.74,3,21,104,good day initiate return online purchase please let know step take,104,11
TKT-1738,"Hello, The item I received is defective and I need replacement Looking forward to your prompt response.",Returns & Refunds,Low,Email,Negative,Resolved,15.17,26.7,5,17,103,hello item received defective need replacement looking forward prompt response,103,10
TKT-1739,"Good day, Please update my personal information in the system",Account Management,Low,Phone,Positive,Resolved,13.3,73.3,3,10,61,good day please update personal information system,61,7
TKT-1740,"Dear team, I cannot find my billing history on the portal I have been waiting for a while now.",Billing & Payments,Low,Web Form,Neutral,Pending,2.18,57.83,4,19,94,dear team cannot find billing history portal waiting,94,8
TKT-1741,"Hi team, Can I expedite the shipping on my recent order I need urgent assistance with this.",Shipping & Delivery,Medium,Web Form,Negative,Resolved,16.7,118.8,5,17,91,team expedite shipping recent order need urgent assistance,91,8
TKT-1742,"Dear team, Please update my personal information in the system Looking forward to your prompt response.",Account Management,Medium,Email,Negative,Resolved,14.48,66.66,5,16,103,dear team please update personal information system looking forward prompt response,103,11
TKT-1743,"Hi there, My store credit was not applied to my account I need urgent assistance with this.",Returns & Refunds,Low,Email,Negative,Pending,11.75,35.68,2,17,91,store credit applied account need urgent assistance,91,7
TKT-1744,"To whom it may concern, My refund has not been processed after two weeks I need urgent assistance with this.",Returns & Refunds,Critical,Web Form,Negative,Pending,0.5,5.36,3,20,108,may concern refund processed two week need urgent assistance,108,9
TKT-1745,"Hello, The mobile app is very slow and unresponsive Looking forward to your prompt response.",Technical Support,High,Email,Neutral,Escalated,1.58,18.52,1,15,92,hello mobile app slow unresponsive looking forward prompt response,92,9
TKT-1746,"Dear Support, My profile picture is not updating correctly Thank you for your help.",Account Management,Medium,Email,Neutral,Pending,0.72,13.56,3,14,83,dear support profile picture updating correctly thank help,83,8
TKT-1747,"Dear Support, Do you offer any educational or nonprofit discounts Thank you for your help.",Product Information,Low,Email,Neutral,Resolved,21.01,176.32,3,15,90,dear support offer educational nonprofit discount thank help,90,8
TKT-1748,"Dear team, Does the product support integration with Salesforce Looking forward to your prompt response.",Product Information,Medium,Phone,Negative,Resolved,6.35,31.64,3,15,104,dear team product support integration salesforce looking forward prompt response,104,10
TKT-1749,"Dear team, The tracking number provided is not working Please let me know what steps I should take.",Shipping & Delivery,Medium,Chat,Negative,Resolved,46.38,66.03,4,18,99,dear team tracking number provided working please let know step take,99,11
TKT-1750,"To whom it may concern, The website is showing a 500 internal server error",Technical Support,Critical,Phone,Negative,Resolved,2.0,3.83,4,14,74,may concern website showing internal server error,74,7
TKT-1751,"To whom it may concern, My order has not arrived yet and it is overdue Please help me resolve this as soon as possible.",Shipping & Delivery,Medium,Email,Negative,Pending,23.85,47.43,2,24,119,may concern order arrived yet overdue please help resolve soon possible,119,11
TKT-1752,"Good day, Does the product support integration with Salesforce Thank you for your help.",Product Information,Medium,Email,Neutral,Pending,21.02,50.38,2,14,87,good day product support integration salesforce thank help,87,8
TKT-1753,"Dear team, The delivery estimate keeps getting pushed further Thank you for your help.",Shipping & Delivery,Critical,Chat,Negative,Resolved,1.95,3.04,3,14,86,dear team delivery estimate keep getting pushed thank help,86,9
TKT-1754,"Hi team, I sent the return package but got no confirmation",Returns & Refunds,Low,Chat,Neutral,Pending,6.19,19.28,2,11,58,team sent return package got confirmation,58,6
TKT-1755,"Hello, Does the product support integration with Salesforce Please help me resolve this as soon as possible.",Product Information,Critical,Chat,Neutral,Escalated,0.5,7.15,1,17,108,hello product support integration salesforce please help resolve soon possible,108,10
TKT-1756,"Hi, The mobile app is very slow and unresponsive Please let me know what steps I should take.",Technical Support,High,Email,Negative,Resolved,5.1,9.07,3,18,93,mobile app slow unresponsive please let know step take,93,9
TKT-1757,"Hi there, The software is not compatible with my operating system Looking forward to your prompt response.",Technical Support,Low,Email,Positive,Pending,15.13,82.18,3,17,106,software compatible operating system looking forward prompt response,106,8
TKT-1758,"Dear team, Do you offer any educational or nonprofit discounts I need urgent assistance with this.",Product Information,Low,Phone,Negative,Resolved,53.71,94.54,4,16,98,dear team offer educational nonprofit discount need urgent assistance,98,9
TKT-1759,"Hi there, I received a damaged item in my shipment I have been waiting for a while now.",Shipping & Delivery,Medium,Web Form,Neutral,Pending,4.91,39.28,4,18,87,received damaged item shipment waiting,87,5
TKT-1760,"Dear team, My order has not arrived yet and it is overdue This is affecting my work significantly.",Shipping & Delivery,Critical,Email,Negative,Resolved,3.19,4.19,4,18,98,dear team order arrived yet overdue affecting work significantly,98,9
TKT-1761,"Good day, Can you explain the difference between basic and pro Please let me know what steps I should take.",Product Information,Low,Web Form,Neutral,Resolved,1.36,63.57,3,20,107,good day explain difference basic pro please let know step take,107,11
TKT-1762,"Hi there, My promo code is not being applied to my bill I have been waiting for a while now.",Billing & Payments,Low,Email,Neutral,Resolved,9.13,15.68,4,20,92,promo code applied bill waiting,92,5
TKT-1763,"Hello, My promo code is not being applied to my bill This is affecting my work significantly.",Billing & Payments,Critical,Chat,Negative,Resolved,2.4,3.4,5,17,93,hello promo code applied bill affecting work significantly,93,8
TKT-1764,"To whom it may concern, The export function produces corrupt files Thank you for your help.",Technical Support,Critical,Web Form,Positive,Resolved,0.77,1.77,4,16,91,may concern export function produce corrupt file thank help,91,9
TKT-1765,"Dear Support, I cannot install the application on my laptop This is affecting my work significantly.",Technical Support,Medium,Web Form,Negative,Pending,4.07,31.88,3,16,100,dear support cannot install application laptop affecting work significantly,100,9
TKT-1766,"To whom it may concern, The application keeps crashing when I open it Please let me know what steps I should take.",Technical Support,Medium,Web Form,Neutral,Escalated,8.28,41.56,1,22,114,may concern application keep crashing open please let know step take,114,11
TKT-1767,"Dear Support, The delivery estimate keeps getting pushed further I have been waiting for a while now.",Shipping & Delivery,Medium,Web Form,Negative,Resolved,11.34,28.03,5,17,101,dear support delivery estimate keep getting pushed waiting,101,8
TKT-1768,"Hi there, I was denied a refund but the product is faulty Please let me know what steps I should take.",Returns & Refunds,Low,Chat,Neutral,Resolved,36.53,84.2,5,21,102,denied refund product faulty please let know step take,102,9
TKT-1769,"Hello, I need to schedule a redelivery for my parcel Looking forward to your prompt response.",Shipping & Delivery,Medium,Email,Neutral,Pending,3.05,28.33,2,16,93,hello need schedule redelivery parcel looking forward prompt response,93,9
TKT-1770,"Hi there, What features are included in the premium plan Looking forward to your prompt response.",Product Information,Low,Chat,Negative,Resolved,81.85,142.81,5,16,97,feature included premium plan looking forward prompt response,97,8
TKT-1771,"Good day, My refund has not been processed after two weeks Looking forward to your prompt response.",Returns & Refunds,Low,Chat,Negative,Pending,30.38,63.88,2,17,99,good day refund processed two week looking forward prompt response,99,10
TKT-1772,"Good day, Can I exchange the product for a different size Thank you for your help.",Returns & Refunds,Medium,Email,Neutral,Pending,40.84,155.08,2,16,82,good day exchange product different size thank help,82,8
TKT-1773,"Hi there, Does the product support integration with Salesforce Thank you for your help.",Product Information,Medium,Chat,Negative,Escalated,4.65,31.53,2,14,87,product support integration salesforce thank help,87,6
TKT-1774,"Hello, What is the data retention policy for your service I need urgent assistance with this.",Product Information,Low,Email,Negative,Resolved,11.72,43.12,4,16,93,hello data retention policy service need urgent assistance,93,8
TKT-1775,"Hi there, Can I use the product offline without internet connection I have been waiting for a while now.",Product Information,Medium,Email,Neutral,Resolved,44.22,63.28,4,19,104,use product offline without internet connection waiting,104,7
TKT-1776,"To whom it may concern, What is the data retention policy for your service Please help me resolve this as soon as possible.",Product Information,Medium,Phone,Negative,Resolved,15.1,48.76,3,23,123,may concern data retention policy service please help resolve soon possible,123,11
TKT-1777,"Dear team, The item I received is defective and I need replacement I have been waiting for a while now.",Returns & Refunds,Medium,Phone,Positive,Resolved,2.84,69.18,3,20,103,dear team item received defective need replacement waiting,103,8
TKT-1778,"Hi team, I need a copy of my tax invoice for last year This is affecting my work significantly.",Billing & Payments,High,Email,Neutral,Resolved,12.26,13.26,3,19,95,team need copy tax invoice last year affecting work significantly,95,10
TKT-1779,"Dear team, What are the system requirements for your software Please let me know what steps I should take.",Product Information,Medium,Email,Negative,Resolved,4.11,13.93,4,19,106,dear team system requirement software please let know step take,106,10
TKT-1780,"To whom it may concern, I want to merge two accounts into one Looking forward to your prompt response.",Account Management,Medium,Chat,Negative,Resolved,5.95,140.91,5,19,102,may concern want merge two account one looking forward prompt response,102,11
TKT-1781,"To whom it may concern, I received the wrong item in my package Please help me resolve this as soon as possible.",Shipping & Delivery,High,Email,Neutral,Resolved,1.24,9.7,5,22,112,may concern received wrong item package please help resolve soon possible,112,11
TKT-1782,"Dear team, My invoice shows incorrect amount, please fix it Please help me resolve this as soon as possible.",Billing & Payments,High,Phone,Negative,Resolved,1.5,2.5,5,19,108,dear team invoice show incorrect amount please fix please help resolve soon possible,108,12
TKT-1783,"Dear team, I need a refund for the payment made last week",Billing & Payments,Low,Phone,Neutral,Resolved,34.88,60.99,5,12,57,dear team need refund payment made last week,57,8
TKT-1784,"Good day, I was billed after cancelling my account Looking forward to your prompt response.",Billing & Payments,Low,Phone,Neutral,Pending,104.92,123.28,3,15,91,good day billed cancelling account looking forward prompt response,91,9
TKT-1785,"Dear Support, I was denied a refund but the product is faulty Please let me know what steps I should take.",Returns & Refunds,Medium,Phone,Negative,Resolved,10.08,21.64,4,21,106,dear support denied refund product faulty please let know step take,106,11
TKT-1786,"To whom it may concern, I want to upgrade my plan but billing is confusing Please let me know what steps I should take.",Billing & Payments,Medium,Chat,Negative,Pending,11.99,38.32,2,24,119,may concern want upgrade plan billing confusing please let know step take,119,12
TKT-1787,"Dear Support, Please update my payment method to a new card Please help me resolve this as soon as possible.",Billing & Payments,Low,Email,Neutral,Resolved,16.83,44.9,4,20,108,dear support please update payment method new card please help resolve soon possible,108,12
TKT-1788,"Hi there, What languages does your platform currently support This is affecting my work significantly.",Product Information,Medium,Web Form,Positive,Escalated,14.76,18.8,2,15,102,language platform currently support affecting work significantly,102,7
TKT-1789,"Hello, What languages does your platform currently support I need urgent assistance with this.",Product Information,High,Chat,Negative,Resolved,7.19,17.53,5,14,94,hello language platform currently support need urgent assistance,94,8
TKT-1790,"Dear team, Why was my card declined when making a payment I need urgent assistance with this.",Billing & Payments,Medium,Chat,Negative,Resolved,1.02,21.57,4,17,93,dear team card declined making payment need urgent assistance,93,9
TKT-1791,"Good day, I cannot install the application on my laptop",Technical Support,Medium,Phone,Positive,Pending,2.14,6.11,2,10,55,good day cannot install application laptop,55,6
TKT-1792,"To whom it may concern, I was charged twice for my subscription this month I need urgent assistance with this.",Billing & Payments,High,Email,Negative,Resolved,4.19,28.49,5,20,110,may concern charged twice subscription month need urgent assistance,110,9
TKT-1793,"Dear Support, Is there an API available for custom integrations",Product Information,Medium,Email,Positive,Resolved,3.57,8.82,4,10,63,dear support api available custom integration,63,6
TKT-1794,"Hi team, Why was my card declined when making a payment I need urgent assistance with this.",Billing & Payments,Medium,Phone,Negative,Resolved,14.87,19.17,5,17,91,team card declined making payment need urgent assistance,91,8
TKT-1795,"Hello, The item I received is defective and I need replacement I have been waiting for a while now.",Returns & Refunds,Low,Web Form,Negative,Resolved,7.34,30.91,5,19,99,hello item received defective need replacement waiting,99,7
TKT-1796,"Dear Support, I want to merge two accounts into one Thank you for your help.",Account Management,Low,Phone,Negative,Pending,88.0,355.35,2,15,76,dear support want merge two account one thank help,76,9
TKT-1797,"Dear Support, Dashboard is not loading any data for me I need urgent assistance with this.",Technical Support,High,Email,Negative,Resolved,4.2,52.74,5,16,90,dear support dashboard loading data need urgent assistance,90,8
TKT-1798,"Hi, My package was returned to sender by mistake Looking forward to your prompt response.",Shipping & Delivery,Medium,Phone,Positive,Resolved,14.51,36.65,3,15,89,package returned sender mistake looking forward prompt response,89,8
TKT-1799,"Good day, How many users can I add under a single license Looking forward to your prompt response.",Product Information,Medium,Chat,Neutral,Escalated,4.48,31.31,1,18,98,good day many user add single license looking forward prompt response,98,11
TKT-1800,"Dear team, Do you offer any educational or nonprofit discounts This is affecting my work significantly.",Product Information,Critical,Chat,Neutral,Resolved,1.15,4.4,5,16,103,dear team offer educational nonprofit discount affecting work significantly,103,9
TKT-1801,"Dear Support, My invoice shows incorrect amount, please fix it I need urgent assistance with this.",Billing & Payments,Low,Phone,Neutral,Resolved,0.97,66.53,5,16,98,dear support invoice show incorrect amount please fix need urgent assistance,98,11
TKT-1802,"Hi team, The courier left my package in the wrong location I have been waiting for a while now.",Shipping & Delivery,High,Email,Neutral,Resolved,4.44,25.11,4,19,95,team courier left package wrong location waiting,95,7
TKT-1803,"Dear Support, How many users can I add under a single license This is affecting my work significantly.",Product Information,Medium,Email,Negative,Pending,9.6,17.29,2,18,102,dear support many user add single license affecting work significantly,102,10
TKT-1804,"Hello, I want to change my username on the platform This is affecting my work significantly.",Account Management,Critical,Email,Negative,Pending,1.86,3.59,2,16,92,hello want change username platform affecting work significantly,92,8
TKT-1805,"Hi there, My package was returned to sender by mistake Please help me resolve this as soon as possible.",Shipping & Delivery,Medium,Chat,Positive,Pending,2.48,9.99,2,19,103,package returned sender mistake please help resolve soon possible,103,9
TKT-1806,"Good day, I was denied a refund but the product is faulty This is affecting my work significantly.",Returns & Refunds,Low,Email,Negative,Pending,1.21,62.44,4,18,98,good day denied refund product faulty affecting work significantly,98,9
TKT-1807,"Hi there, The return window has passed but the item is broken Please help me resolve this as soon as possible.",Returns & Refunds,Medium,Email,Neutral,Resolved,0.5,48.34,5,21,110,return window passed item broken please help resolve soon possible,110,10
TKT-1808,"Hi team, Error message appears every time I try to save I need urgent assistance with this.",Technical Support,Medium,Email,Negative,Pending,5.22,10.07,2,17,91,team error message appears every time try save need urgent assistance,91,11
TKT-1809,"Hello, Error message appears every time I try to save Please help me resolve this as soon as possible.",Technical Support,Medium,Chat,Negative,Escalated,2.44,6.46,3,19,102,hello error message appears every time try save please help resolve soon possible,102,13
TKT-1810,"Dear Support, Please update my personal information in the system Thank you for your help.",Account Management,Medium,Phone,Negative,Pending,21.58,23.67,3,15,90,dear support please update personal information system thank help,90,9
TKT-1811,"To whom it may concern, Can I expedite the shipping on my recent order Looking forward to your prompt response.",Shipping & Delivery,High,Email,Neutral,Resolved,12.68,13.68,4,20,111,may concern expedite shipping recent order looking forward prompt response,111,10
TKT-1812,"Hi, Can you explain the difference between basic and pro I need urgent assistance with this.",Product Information,Low,Email,Negative,Resolved,16.37,193.71,4,16,92,explain difference basic pro need urgent assistance,92,7
TKT-1813,"Good day, I cannot find my billing history on the portal Please help me resolve this as soon as possible.",Billing & Payments,Low,Web Form,Negative,Resolved,3.81,78.56,4,20,105,good day cannot find billing history portal please help resolve soon possible,105,12
TKT-1814,I was billed after cancelling my account Please let me know what steps I should take.,Billing & Payments,Low,Phone,Negative,Resolved,8.89,51.67,4,16,85,billed cancelling account please let know step take,85,8
TKT-1815,My store credit was not applied to my account Thank you for your help.,Returns & Refunds,Critical,Chat,Neutral,Resolved,0.83,1.83,5,14,70,store credit applied account thank help,70,6
TKT-1816,"Hi team, Is there an API available for custom integrations I need urgent assistance with this.",Product Information,Low,Phone,Negative,Resolved,57.0,70.31,5,16,94,team api available custom integration need urgent assistance,94,8
TKT-1817,Please process my refund to the original payment method Looking forward to your prompt response.,Returns & Refunds,Medium,Email,Negative,Pending,2.5,15.54,2,15,96,please process refund original payment method looking forward prompt response,96,10
TKT-1818,"Hi there, Please help me delete my account permanently I need urgent assistance with this.",Account Management,Low,Phone,Positive,Resolved,3.66,13.71,5,15,90,please help delete account permanently need urgent assistance,90,8
TKT-1819,"Dear Support, I want to change the delivery address for my order I have been waiting for a while now.",Shipping & Delivery,Low,Web Form,Positive,Resolved,41.35,72.82,5,20,101,dear support want change delivery address order waiting,101,8
TKT-1820,"Hello, Do you offer any educational or nonprofit discounts Please let me know what steps I should take.",Product Information,Medium,Chat,Negative,Pending,3.71,5.14,3,18,103,hello offer educational nonprofit discount please let know step take,103,10
TKT-1821,"Good day, The return window has passed but the item is broken Please help me resolve this as soon as possible.",Returns & Refunds,High,Web Form,Negative,Pending,0.71,14.84,3,21,110,good day return window passed item broken please help resolve soon possible,110,12
TKT-1822,"Hi team, I cannot log in to my account after the update I need urgent assistance with this.",Technical Support,Critical,Email,Negative,Pending,1.6,2.6,3,18,91,team cannot log account update need urgent assistance,91,8
TKT-1823,"Hi, Do you offer any educational or nonprofit discounts Please let me know what steps I should take.",Product Information,Critical,Chat,Neutral,Resolved,0.58,1.69,5,18,100,offer educational nonprofit discount please let know step take,100,9
TKT-1824,"Dear Support, My store credit was not applied to my account I need urgent assistance with this.",Returns & Refunds,Critical,Web Form,Negative,Resolved,1.34,2.34,3,17,95,dear support store credit applied account need urgent assistance,95,9
TKT-1825,"Dear Support, Subscription fee was deducted twice this month Please help me resolve this as soon as possible.",Billing & Payments,Low,Phone,Negative,Resolved,7.13,98.63,3,18,109,dear support subscription fee deducted twice month please help resolve soon possible,109,12
TKT-1826,"To whom it may concern, Error message appears every time I try to save Please let me know what steps I should take.",Technical Support,Medium,Phone,Negative,Resolved,3.22,41.24,4,23,115,may concern error message appears every time try save please let know step take,115,14
TKT-1827,"Dear Support, I keep getting disconnected from the server Please let me know what steps I should take.",Technical Support,Medium,Web Form,Positive,Resolved,3.77,65.44,5,18,102,dear support keep getting disconnected server please let know step take,102,11
TKT-1828,"Hi, The item I received is defective and I need replacement I have been waiting for a while now.",Returns & Refunds,Low,Web Form,Neutral,Pending,59.39,109.72,3,19,96,item received defective need replacement waiting,96,6
TKT-1829,Is there a free trial available for your enterprise plan I need urgent assistance with this.,Product Information,Low,Email,Negative,Escalated,8.54,16.14,1,16,92,free trial available enterprise plan need urgent assistance,92,8
TKT-1830,"Hello, My profile picture is not updating correctly",Account Management,High,Email,Neutral,Resolved,15.93,27.86,4,8,51,hello profile picture updating correctly,51,5
TKT-1831,"To whom it may concern, Can I use the product offline without internet connection Please help me resolve this as soon as possible.",Product Information,Low,Email,Negative,Pending,1.74,5.94,2,23,130,may concern use product offline without internet connection please help resolve soon possible,130,13
TKT-1832,"Dear Support, Do you offer any educational or nonprofit discounts I have been waiting for a while now.",Product Information,Medium,Phone,Negative,Resolved,7.08,51.47,5,18,102,dear support offer educational nonprofit discount waiting,102,7
TKT-1833,"Hello, The mobile app is very slow and unresponsive I need urgent assistance with this.",Technical Support,Low,Email,Neutral,Resolved,10.77,65.87,5,15,87,hello mobile app slow unresponsive need urgent assistance,87,8
TKT-1834,The export function produces corrupt files Please help me resolve this as soon as possible.,Technical Support,Medium,Phone,Negative,Resolved,10.86,89.22,4,15,91,export function produce corrupt file please help resolve soon possible,91,10
TKT-1835,"Good day, I was charged twice for my subscription this month Please help me resolve this as soon as possible.",Billing & Payments,Medium,Email,Negative,Resolved,1.18,2.18,5,20,109,good day charged twice subscription month please help resolve soon possible,109,11
TKT-1836,"Hi team, How many users can I add under a single license Looking forward to your prompt response.",Product Information,Low,Email,Neutral,Pending,16.93,29.7,4,18,97,team many user add single license looking forward prompt response,97,10
TKT-1837,The application keeps crashing when I open it Thank you for your help.,Technical Support,High,Phone,Negative,Resolved,0.62,1.62,3,13,70,application keep crashing open thank help,70,6
TKT-1838,"Good day, I keep getting disconnected from the server Thank you for your help.",Technical Support,Medium,Email,Neutral,Resolved,6.59,52.17,4,14,78,good day keep getting disconnected server thank help,78,8
TKT-1839,"Hi there, Can I exchange the product for a different size I need urgent assistance with this.",Returns & Refunds,High,Chat,Neutral,Pending,0.95,4.19,3,17,93,exchange product different size need urgent assistance,93,7
TKT-1840,"Hello, I need to cancel my order before it is shipped Please help me resolve this as soon as possible.",Shipping & Delivery,High,Web Form,Neutral,Resolved,4.43,11.56,4,20,102,hello need cancel order shipped please help resolve soon possible,102,10
TKT-1841,My data is not syncing across devices properly Please help me resolve this as soon as possible.,Technical Support,Low,Web Form,Negative,Resolved,15.7,63.6,4,17,95,data syncing across device properly please help resolve soon possible,95,10
TKT-1842,"Dear team, Can you explain the difference between basic and pro Please let me know what steps I should take.",Product Information,Critical,Phone,Negative,Resolved,0.88,2.92,3,20,108,dear team explain difference basic pro please let know step take,108,11
TKT-1843,"Hello, Please update my personal information in the system",Account Management,Medium,Email,Neutral,Escalated,36.5,63.92,2,9,58,hello please update personal information system,58,6
TKT-1844,"Good day, Please update my payment method to a new card Please let me know what steps I should take.",Billing & Payments,Medium,Email,Positive,Resolved,11.7,33.02,5,20,100,good day please update payment method new card please let know step take,100,12
TKT-1845,"Good day, My order was marked delivered but I did not receive it",Shipping & Delivery,Low,Web Form,Neutral,Resolved,29.74,68.83,4,13,64,good day order marked delivered receive,64,6
TKT-1846,"Dear team, Please remove the two factor authentication from my account This is affecting my work significantly.",Account Management,Low,Email,Negative,Pending,21.15,29.5,4,17,111,dear team please remove two factor authentication account affecting work significantly,111,11
TKT-1847,"Good day, Please process my refund to the original payment method Looking forward to your prompt response.",Returns & Refunds,Low,Phone,Negative,Resolved,35.99,116.57,5,17,106,good day please process refund original payment method looking forward prompt response,106,12
TKT-1848,"Hi, I was billed after cancelling my account This is affecting my work significantly.",Billing & Payments,High,Email,Positive,Resolved,17.7,23.62,5,14,85,billed cancelling account affecting work significantly,85,6
TKT-1849,"Hi, I need to cancel my order before it is shipped I have been waiting for a while now.",Shipping & Delivery,Medium,Email,Neutral,Resolved,6.35,15.97,3,19,87,need cancel order shipped waiting,87,5
TKT-1850,"Hi team, I want to upgrade my plan but billing is confusing Please let me know what steps I should take.",Billing & Payments,High,Email,Negative,Resolved,0.5,14.18,5,21,104,team want upgrade plan billing confusing please let know step take,104,11
TKT-1851,Why was my card declined when making a payment This is affecting my work significantly.,Billing & Payments,Low,Chat,Neutral,Pending,1.1,71.25,2,15,87,card declined making payment affecting work significantly,87,7
TKT-1852,"Hi, What is the data retention policy for your service Looking forward to your prompt response.",Product Information,Medium,Chat,Negative,Pending,35.28,54.06,3,16,95,data retention policy service looking forward prompt response,95,8
TKT-1853,"Hello, I was denied a refund but the product is faulty Please help me resolve this as soon as possible.",Returns & Refunds,Medium,Email,Negative,Escalated,33.08,95.94,2,20,103,hello denied refund product faulty please help resolve soon possible,103,10
TKT-1854,"Hi team, The software is not compatible with my operating system I have been waiting for a while now.",Technical Support,Low,Email,Negative,Pending,73.01,76.69,2,19,101,team software compatible operating system waiting,101,6
TKT-1855,"Hello, Is there an API available for custom integrations I need urgent assistance with this.",Product Information,Medium,Email,Negative,Resolved,38.74,40.38,3,15,92,hello api available custom integration need urgent assistance,92,8
TKT-1856,"Hi team, The tracking number provided is not working I need urgent assistance with this.",Shipping & Delivery,Low,Phone,Negative,Escalated,41.51,42.51,2,15,88,team tracking number provided working need urgent assistance,88,8
TKT-1857,"Hi, My package was returned to sender by mistake Thank you for your help.",Shipping & Delivery,Medium,Phone,Neutral,Resolved,8.4,60.55,4,14,73,package returned sender mistake thank help,73,6
TKT-1858,"Good day, My refund has not been processed after two weeks Please let me know what steps I should take.",Returns & Refunds,Low,Web Form,Negative,Resolved,22.79,35.11,5,20,103,good day refund processed two week please let know step take,103,11
TKT-1859,"Hi team, Please update my personal information in the system I have been waiting for a while now.",Account Management,Medium,Email,Positive,Resolved,19.54,80.84,5,18,97,team please update personal information system waiting,97,7
TKT-1860,"Hi there, My account shows wrong subscription plan This is affecting my work significantly.",Account Management,Medium,Email,Neutral,Pending,9.5,37.95,2,14,91,account show wrong subscription plan affecting work significantly,91,8
TKT-1861,"Dear Support, Why was my card declined when making a payment I need urgent assistance with this.",Billing & Payments,Medium,Email,Negative,Pending,1.14,12.11,4,17,96,dear support card declined making payment need urgent assistance,96,9
TKT-1862,"Dear Support, I cannot log in to my account after the update",Technical Support,Low,Chat,Negative,Resolved,10.56,122.56,4,12,60,dear support cannot log account update,60,6
TKT-1863,"Hi team, How many users can I add under a single license I need urgent assistance with this.",Product Information,Medium,Web Form,Neutral,Pending,1.63,74.14,3,18,92,team many user add single license need urgent assistance,92,9
TKT-1864,"Good day, I need to cancel my order before it is shipped",Shipping & Delivery,Low,Phone,Neutral,Resolved,34.14,42.19,4,12,56,good day need cancel order shipped,56,6
TKT-1865,"Hi there, My account shows wrong subscription plan I need urgent assistance with this.",Account Management,High,Web Form,Negative,Resolved,3.07,9.08,5,14,86,account show wrong subscription plan need urgent assistance,86,8
TKT-1866,"Hi there, I need a refund for the payment made last week Please help me resolve this as soon as possible.",Billing & Payments,Medium,Phone,Neutral,Resolved,21.4,40.0,4,21,105,need refund payment made last week please help resolve soon possible,105,11
TKT-1867,"Dear Support, I keep getting disconnected from the server I need urgent assistance with this.",Technical Support,Medium,Phone,Negative,Resolved,8.0,22.63,3,15,93,dear support keep getting disconnected server need urgent assistance,93,9
TKT-1868,"To whom it may concern, How do I initiate a return for an online purchase Thank you for your help.",Returns & Refunds,Low,Email,Negative,Resolved,14.82,41.23,3,20,98,may concern initiate return online purchase thank help,98,8
TKT-1869,"Hi there, My order has not arrived yet and it is overdue Please let me know what steps I should take.",Shipping & Delivery,Medium,Chat,Negative,Resolved,7.12,128.34,4,21,101,order arrived yet overdue please let know step take,101,9
TKT-1870,"Hi team, The application keeps crashing when I open it",Technical Support,Low,Phone,Neutral,Resolved,5.54,94.49,3,10,54,team application keep crashing open,54,5
TKT-1871,The courier left my package in the wrong location This is affecting my work significantly.,Shipping & Delivery,Medium,Chat,Negative,Resolved,2.75,51.52,3,15,90,courier left package wrong location affecting work significantly,90,8
TKT-1872,"Hello, My promo code is not being applied to my bill Looking forward to your prompt response.",Billing & Payments,High,Chat,Neutral,Pending,5.13,9.74,4,17,93,hello promo code applied bill looking forward prompt response,93,9
TKT-1873,"Hi, I was charged twice for my subscription this month This is affecting my work significantly.",Billing & Payments,Low,Email,Neutral,Resolved,5.24,212.47,5,16,95,charged twice subscription month affecting work significantly,95,7
TKT-1874,"Hi team, My data is not syncing across devices properly I have been waiting for a while now.",Technical Support,Medium,Email,Negative,Resolved,14.54,53.27,5,18,92,team data syncing across device properly waiting,92,7
TKT-1875,"Hello, The replacement item also arrived damaged Please let me know what steps I should take.",Returns & Refunds,Low,Email,Negative,Resolved,0.5,542.31,5,16,93,hello replacement item also arrived damaged please let know step take,93,11
TKT-1876,"Hello, I was charged twice for my subscription this month This is affecting my work significantly.",Billing & Payments,High,Email,Negative,Resolved,1.34,7.0,5,16,98,hello charged twice subscription month affecting work significantly,98,8
TKT-1877,"Dear Support, I sent the return package but got no confirmation I need urgent assistance with this.",Returns & Refunds,Medium,Email,Positive,Resolved,6.34,103.76,5,17,99,dear support sent return package got confirmation need urgent assistance,99,10
TKT-1878,"Hi, Please help me delete my account permanently",Account Management,High,Email,Neutral,Resolved,8.35,26.69,3,8,48,please help delete account permanently,48,5
TKT-1879,"Hi team, I need a refund for the payment made last week Thank you for your help.",Billing & Payments,Medium,Web Form,Neutral,Resolved,10.4,38.38,3,17,80,team need refund payment made last week thank help,80,9
TKT-1880,"Hi team, What features are included in the premium plan Thank you for your help.",Product Information,Low,Phone,Neutral,Resolved,30.84,41.37,5,15,80,team feature included premium plan thank help,80,7
TKT-1881,"Good day, I keep getting disconnected from the server Looking forward to your prompt response.",Technical Support,Low,Chat,Neutral,Resolved,7.05,55.39,4,15,94,good day keep getting disconnected server looking forward prompt response,94,10
TKT-1882,"Dear team, I want to merge two accounts into one Looking forward to your prompt response.",Account Management,Critical,Email,Positive,Resolved,0.98,1.98,5,16,89,dear team want merge two account one looking forward prompt response,89,11
TKT-1883,"Good day, The payment gateway keeps showing an error Please let me know what steps I should take.",Billing & Payments,Medium,Email,Negative,Resolved,2.64,16.46,4,18,97,good day payment gateway keep showing error please let know step take,97,12
TKT-1884,Does your product comply with GDPR regulations,Product Information,Low,Email,Positive,Escalated,38.95,150.65,1,7,46,product comply gdpr regulation,46,4
TKT-1885,"Hi there, My invoice shows incorrect amount, please fix it Thank you for your help.",Billing & Payments,Low,Chat,Positive,Pending,36.64,236.25,3,15,83,invoice show incorrect amount please fix thank help,83,8
TKT-1886,"Good day, The feature stopped working after the last update This is affecting my work significantly.",Technical Support,Low,Email,Neutral,Pending,1.81,89.28,3,16,100,good day feature stopped working last update affecting work significantly,100,10
TKT-1887,"Hi, Please process my refund to the original payment method Thank you for your help.",Returns & Refunds,Critical,Web Form,Negative,Resolved,0.5,1.73,4,15,84,please process refund original payment method thank help,84,8
TKT-1888,"Dear team, Can I exchange the product for a different size",Returns & Refunds,Low,Chat,Neutral,Resolved,10.37,117.08,5,11,58,dear team exchange product different size,58,6
TKT-1889,Please remove the two factor authentication from my account I have been waiting for a while now.,Account Management,Low,Email,Neutral,Resolved,38.44,126.88,3,17,96,please remove two factor authentication account waiting,96,7
TKT-1890,"Dear Support, Is there a free trial available for your enterprise plan Please help me resolve this as soon as possible.",Product Information,Medium,Email,Positive,Resolved,51.17,105.79,4,21,119,dear support free trial available enterprise plan please help resolve soon possible,119,12
TKT-1891,"Good day, Please remove the two factor authentication from my account Please help me resolve this as soon as possible.",Account Management,Medium,Email,Negative,Resolved,5.71,72.4,5,20,118,good day please remove two factor authentication account please help resolve soon possible,118,12
TKT-1892,"Dear team, I forgot my password and need to reset it I have been waiting for a while now.",Account Management,Medium,Web Form,Negative,Pending,1.2,29.48,3,19,89,dear team forgot password need reset waiting,89,7
TKT-1893,"Dear Support, I want to change the delivery address for my order I need urgent assistance with this.",Shipping & Delivery,High,Phone,Negative,Resolved,5.09,6.17,4,18,100,dear support want change delivery address order need urgent assistance,100,10
TKT-1894,"Good day, Dashboard is not loading any data for me Please let me know what steps I should take.",Technical Support,Low,Chat,Neutral,Resolved,19.16,88.74,5,19,95,good day dashboard loading data please let know step take,95,10
TKT-1895,"Hi, The courier left my package in the wrong location This is affecting my work significantly.",Shipping & Delivery,High,Web Form,Neutral,Resolved,0.68,44.83,5,16,94,courier left package wrong location affecting work significantly,94,8
TKT-1896,"To whom it may concern, Can I expedite the shipping on my recent order Looking forward to your prompt response.",Shipping & Delivery,Medium,Email,Negative,Resolved,12.2,27.71,5,20,111,may concern expedite shipping recent order looking forward prompt response,111,10
TKT-1897,"To whom it may concern, My data is not syncing across devices properly I have been waiting for a while now.",Technical Support,Low,Phone,Negative,Resolved,7.09,39.73,5,21,107,may concern data syncing across device properly waiting,107,8
TKT-1898,"To whom it may concern, My order has not arrived yet and it is overdue Looking forward to your prompt response.",Shipping & Delivery,Low,Phone,Negative,Resolved,30.01,46.75,4,21,111,may concern order arrived yet overdue looking forward prompt response,111,10
TKT-1899,"Dear team, I want to change the delivery address for my order Please let me know what steps I should take.",Shipping & Delivery,High,Chat,Neutral,Escalated,0.62,6.54,3,21,106,dear team want change delivery address order please let know step take,106,12
TKT-1900,"Hi, Error message appears every time I try to save I need urgent assistance with this.",Technical Support,Medium,Chat,Negative,Pending,1.04,47.46,2,16,86,error message appears every time try save need urgent assistance,86,10
TKT-1901,"Good day, Why was my card declined when making a payment Please help me resolve this as soon as possible.",Billing & Payments,High,Phone,Neutral,Resolved,1.93,8.95,4,20,105,good day card declined making payment please help resolve soon possible,105,11
TKT-1902,"Hi, I received the wrong item in my package I have been waiting for a while now.",Shipping & Delivery,Medium,Chat,Negative,Pending,8.91,48.91,2,17,80,received wrong item package waiting,80,5
TKT-1903,"Dear Support, I want to change the delivery address for my order I have been waiting for a while now.",Shipping & Delivery,Low,Chat,Negative,Pending,25.04,27.18,3,20,101,dear support want change delivery address order waiting,101,8
TKT-1904,"To whom it may concern, My refund has not been processed after two weeks Please help me resolve this as soon as possible.",Returns & Refunds,Medium,Email,Negative,Resolved,2.58,110.96,4,23,121,may concern refund processed two week please help resolve soon possible,121,11
TKT-1905,"Dear Support, I need a refund for the payment made last week I need urgent assistance with this.",Billing & Payments,Medium,Phone,Positive,Resolved,9.27,34.85,4,18,96,dear support need refund payment made last week need urgent assistance,96,10
TKT-1906,"Hello, I need to cancel my order before it is shipped I have been waiting for a while now.",Shipping & Delivery,High,Chat,Neutral,Resolved,1.35,4.76,5,19,90,hello need cancel order shipped waiting,90,6
TKT-1907,"Hi team, The replacement item also arrived damaged I need urgent assistance with this.",Returns & Refunds,Medium,Email,Negative,Resolved,3.84,144.68,4,14,86,team replacement item also arrived damaged need urgent assistance,86,9
TKT-1908,"To whom it may concern, I want to merge two accounts into one Looking forward to your prompt response.",Account Management,High,Email,Positive,Resolved,3.37,33.79,5,19,102,may concern want merge two account one looking forward prompt response,102,11
TKT-1909,"Hi team, The export function produces corrupt files",Technical Support,Medium,Phone,Neutral,Escalated,0.81,23.37,1,8,51,team export function produce corrupt file,51,6
TKT-1910,"Dear Support, Can I exchange the product for a different size I have been waiting for a while now.",Returns & Refunds,Medium,Chat,Neutral,Resolved,2.15,27.38,5,19,98,dear support exchange product different size waiting,98,7
TKT-1911,"Dear Support, Dashboard is not loading any data for me Thank you for your help.",Technical Support,Medium,Web Form,Neutral,Escalated,2.82,4.27,2,15,79,dear support dashboard loading data thank help,79,7
TKT-1912,"Hi there, My profile picture is not updating correctly Looking forward to your prompt response.",Account Management,High,Chat,Negative,Pending,3.02,4.02,2,15,95,profile picture updating correctly looking forward prompt response,95,8
TKT-1913,"Hi, The export function produces corrupt files Thank you for your help.",Technical Support,Medium,Phone,Negative,Resolved,3.94,33.9,3,12,71,export function produce corrupt file thank help,71,7
TKT-1914,"Dear Support, My order has not arrived yet and it is overdue I have been waiting for a while now.",Shipping & Delivery,Medium,Web Form,Negative,Pending,3.91,28.73,2,20,97,dear support order arrived yet overdue waiting,97,7
TKT-1915,"Hello, I want to change the delivery address for my order",Shipping & Delivery,Medium,Web Form,Negative,Pending,2.73,77.12,2,11,57,hello want change delivery address order,57,6
TKT-1916,"Hello, I keep getting disconnected from the server This is affecting my work significantly.",Technical Support,High,Chat,Neutral,Resolved,11.3,12.3,4,14,91,hello keep getting disconnected server affecting work significantly,91,8
TKT-1917,"Dear Support, Please update my personal information in the system I need urgent assistance with this.",Account Management,High,Chat,Neutral,Resolved,1.95,31.59,5,16,101,dear support please update personal information system need urgent assistance,101,10
TKT-1918,"To whom it may concern, The replacement item also arrived damaged",Returns & Refunds,Medium,Email,Negative,Resolved,3.65,24.27,3,11,65,may concern replacement item also arrived damaged,65,7
TKT-1919,"Good day, I cannot find my billing history on the portal This is affecting my work significantly.",Billing & Payments,Critical,Chat,Negative,Resolved,1.28,9.78,5,17,97,good day cannot find billing history portal affecting work significantly,97,10
TKT-1920,"To whom it may concern, The item I received is defective and I need replacement Please let me know what steps I should take.",Returns & Refunds,Medium,Chat,Negative,Resolved,1.46,6.32,4,24,124,may concern item received defective need replacement please let know step take,124,12
TKT-1921,"Hi, Subscription fee was deducted twice this month Please help me resolve this as soon as possible.",Billing & Payments,Low,Email,Positive,Pending,21.71,77.49,4,17,99,subscription fee deducted twice month please help resolve soon possible,99,10
TKT-1922,"Hi team, What is the data retention policy for your service Looking forward to your prompt response.",Product Information,Medium,Phone,Positive,Resolved,69.12,89.38,4,17,100,team data retention policy service looking forward prompt response,100,9
TKT-1923,"Hi team, What is the data retention policy for your service I have been waiting for a while now.",Product Information,Critical,Chat,Neutral,Resolved,0.5,1.78,4,19,96,team data retention policy service waiting,96,6
TKT-1924,"Hello, Can I expedite the shipping on my recent order",Shipping & Delivery,Medium,Phone,Negative,Resolved,0.68,28.49,3,10,53,hello expedite shipping recent order,53,5
TKT-1925,"Good day, I need to schedule a redelivery for my parcel Looking forward to your prompt response.",Shipping & Delivery,Critical,Phone,Negative,Pending,1.04,11.46,3,17,96,good day need schedule redelivery parcel looking forward prompt response,96,10
TKT-1926,"Hi, Can you explain the difference between basic and pro Please let me know what steps I should take.",Product Information,Critical,Chat,Negative,Resolved,0.5,3.19,4,19,101,explain difference basic pro please let know step take,101,9
TKT-1927,"Hi there, Please update my payment method to a new card I need urgent assistance with this.",Billing & Payments,Medium,Chat,Positive,Resolved,36.07,53.49,4,17,91,please update payment method new card need urgent assistance,91,9
TKT-1928,"Dear Support, Please update my payment method to a new card Thank you for your help.",Billing & Payments,High,Chat,Negative,Resolved,0.98,41.57,3,16,84,dear support please update payment method new card thank help,84,10
TKT-1929,"Hello, The export function produces corrupt files I need urgent assistance with this.",Technical Support,Medium,Phone,Positive,Resolved,2.7,5.7,4,13,85,hello export function produce corrupt file need urgent assistance,85,9
TKT-1930,"Dear team, Please remove the two factor authentication from my account Please help me resolve this as soon as possible.",Account Management,Low,Phone,Positive,Pending,59.2,198.0,3,20,119,dear team please remove two factor authentication account please help resolve soon possible,119,12
TKT-1931,"Dear Support, What languages does your platform currently support Thank you for your help.",Product Information,Low,Phone,Negative,Pending,17.05,36.14,4,14,90,dear support language platform currently support thank help,90,7
TKT-1932,"Hello, The application keeps crashing when I open it I have been waiting for a while now.",Technical Support,High,Email,Negative,Resolved,0.95,19.83,3,17,89,hello application keep crashing open waiting,89,6
TKT-1933,"Hi team, My data is not syncing across devices properly Please let me know what steps I should take.",Technical Support,Low,Phone,Negative,Resolved,10.91,143.59,4,19,100,team data syncing across device properly please let know step take,100,11
TKT-1934,"Hi there, I was denied a refund but the product is faulty This is affecting my work significantly.",Returns & Refunds,Critical,Email,Negative,Resolved,0.5,3.82,5,18,98,denied refund product faulty affecting work significantly,98,7
TKT-1935,"Hi team, I was charged twice for my subscription this month",Billing & Payments,Medium,Phone,Negative,Resolved,41.05,52.32,4,11,59,team charged twice subscription month,59,5
TKT-1936,"To whom it may concern, The application keeps crashing when I open it Please help me resolve this as soon as possible.",Technical Support,Low,Email,Negative,Resolved,14.0,43.28,4,22,118,may concern application keep crashing open please help resolve soon possible,118,11
TKT-1937,"Hi there, Can you explain the difference between basic and pro",Product Information,Medium,Phone,Positive,Pending,5.47,7.43,3,11,62,explain difference basic pro,62,4
TKT-1938,"Hi, I cannot log in to my account after the update This is affecting my work significantly.",Technical Support,Critical,Email,Neutral,Resolved,0.86,1.86,4,17,91,cannot log account update affecting work significantly,91,7
TKT-1939,"Hi there, Dashboard is not loading any data for me I need urgent assistance with this.",Technical Support,Medium,Chat,Negative,Resolved,9.91,10.91,3,16,86,dashboard loading data need urgent assistance,86,6
TKT-1940,"Hi there, Can you explain the difference between basic and pro Thank you for your help.",Product Information,High,Web Form,Positive,Pending,1.26,6.82,3,16,87,explain difference basic pro thank help,87,6
TKT-1941,"Hi there, What is the data retention policy for your service I need urgent assistance with this.",Product Information,High,Email,Negative,Pending,4.42,10.76,3,17,96,data retention policy service need urgent assistance,96,7
TKT-1942,"Hi team, Please process my refund to the original payment method Looking forward to your prompt response.",Returns & Refunds,Low,Chat,Neutral,Pending,8.62,43.5,4,17,105,team please process refund original payment method looking forward prompt response,105,11
TKT-1943,"To whom it may concern, I cannot verify my email address with the link sent Looking forward to your prompt response.",Account Management,High,Email,Neutral,Resolved,10.14,20.6,4,21,116,may concern cannot verify email address link sent looking forward prompt response,116,12
TKT-1944,"Hi there, What features are included in the premium plan",Product Information,Medium,Chat,Neutral,Pending,1.49,6.46,3,10,56,feature included premium plan,56,4
TKT-1945,"Good day, Is there a free trial available for your enterprise plan Please let me know what steps I should take.",Product Information,Critical,Phone,Neutral,Pending,0.5,1.5,2,21,111,good day free trial available enterprise plan please let know step take,111,12
TKT-1946,"Dear Support, My order has not arrived yet and it is overdue I need urgent assistance with this.",Shipping & Delivery,High,Chat,Neutral,Resolved,5.17,6.61,4,18,96,dear support order arrived yet overdue need urgent assistance,96,9
TKT-1947,"To whom it may concern, I want to upgrade my plan but billing is confusing Thank you for your help.",Billing & Payments,Medium,Email,Negative,Pending,19.79,62.29,3,20,99,may concern want upgrade plan billing confusing thank help,99,9
TKT-1948,I want to change the delivery address for my order Please help me resolve this as soon as possible.,Shipping & Delivery,Medium,Phone,Neutral,Resolved,8.93,45.64,4,19,99,want change delivery address order please help resolve soon possible,99,10
TKT-1949,"Hi team, Can I use the product offline without internet connection",Product Information,Critical,Chat,Negative,Resolved,1.41,6.15,4,11,66,team use product offline without internet connection,66,7
TKT-1950,"Dear team, I want to change the delivery address for my order Please let me know what steps I should take.",Shipping & Delivery,High,Web Form,Neutral,Resolved,9.06,22.95,5,21,106,dear team want change delivery address order please let know step take,106,12
TKT-1951,"Hi, I was billed after cancelling my account Looking forward to your prompt response.",Billing & Payments,Low,Email,Negative,Resolved,6.57,45.54,4,14,85,billed cancelling account looking forward prompt response,85,7
TKT-1952,"Dear Support, My promo code is not being applied to my bill Looking forward to your prompt response.",Billing & Payments,Medium,Chat,Positive,Resolved,7.0,22.32,5,18,100,dear support promo code applied bill looking forward prompt response,100,10
TKT-1953,"Dear Support, My data is not syncing across devices properly Please help me resolve this as soon as possible.",Technical Support,High,Phone,Negative,Resolved,0.66,2.33,4,19,109,dear support data syncing across device properly please help resolve soon possible,109,12
TKT-1954,"Hi team, Can you explain the difference between basic and pro This is affecting my work significantly.",Product Information,High,Email,Neutral,Resolved,7.83,19.88,4,17,102,team explain difference basic pro affecting work significantly,102,8
TKT-1955,"Hi there, My refund has not been processed after two weeks I have been waiting for a while now.",Returns & Refunds,Medium,Email,Negative,Pending,23.98,37.3,3,19,95,refund processed two week waiting,95,5
TKT-1956,"Hello, The item I received is defective and I need replacement Thank you for your help.",Returns & Refunds,Low,Chat,Neutral,Resolved,1.81,114.22,4,16,87,hello item received defective need replacement thank help,87,8
TKT-1957,Can I expedite the shipping on my recent order I have been waiting for a while now.,Shipping & Delivery,Medium,Phone,Negative,Resolved,13.01,28.83,5,17,83,expedite shipping recent order waiting,83,5
TKT-1958,"Dear team, I need to transfer my account to another user Please help me resolve this as soon as possible.",Account Management,Low,Chat,Negative,Pending,8.66,52.93,4,20,105,dear team need transfer account another user please help resolve soon possible,105,12
TKT-1959,I need a prepaid return label for my item Thank you for your help.,Returns & Refunds,Critical,Web Form,Negative,Pending,0.5,1.5,3,14,66,need prepaid return label item thank help,66,7
TKT-1960,"Dear Support, I was billed after cancelling my account Looking forward to your prompt response.",Billing & Payments,High,Email,Negative,Resolved,2.3,5.45,4,15,95,dear support billed cancelling account looking forward prompt response,95,9
TKT-1961,"Hello, My package was returned to sender by mistake I need urgent assistance with this.",Shipping & Delivery,High,Chat,Positive,Pending,3.63,4.75,2,15,87,hello package returned sender mistake need urgent assistance,87,8
TKT-1962,"Hi there, I received a damaged item in my shipment I have been waiting for a while now.",Shipping & Delivery,Low,Chat,Negative,Pending,6.07,201.19,2,18,87,received damaged item shipment waiting,87,5
TKT-1963,"Hi team, Is there a free trial available for your enterprise plan",Product Information,Low,Email,Negative,Escalated,6.53,207.25,1,12,65,team free trial available enterprise plan,65,6
TKT-1964,"Dear team, My package was returned to sender by mistake Please help me resolve this as soon as possible.",Shipping & Delivery,Low,Chat,Negative,Pending,125.15,207.01,2,19,104,dear team package returned sender mistake please help resolve soon possible,104,11
TKT-1965,"Hi team, The mobile app is very slow and unresponsive Looking forward to your prompt response.",Technical Support,Critical,Chat,Neutral,Resolved,0.5,1.5,3,16,94,team mobile app slow unresponsive looking forward prompt response,94,9
TKT-1966,"Hi team, My package was returned to sender by mistake Please help me resolve this as soon as possible.",Shipping & Delivery,Medium,Web Form,Negative,Resolved,4.06,15.91,3,19,102,team package returned sender mistake please help resolve soon possible,102,10
TKT-1967,"Good day, How many users can I add under a single license Please help me resolve this as soon as possible.",Product Information,Low,Web Form,Neutral,Pending,88.62,107.65,4,21,106,good day many user add single license please help resolve soon possible,106,12
TKT-1968,"Hi there, I sent the return package but got no confirmation I have been waiting for a while now.",Returns & Refunds,Medium,Chat,Positive,Pending,2.16,22.39,2,19,96,sent return package got confirmation waiting,96,6
TKT-1969,"Hi there, Please update my payment method to a new card Please let me know what steps I should take.",Billing & Payments,High,Email,Neutral,Escalated,1.75,9.65,2,20,100,please update payment method new card please let know step take,100,10
TKT-1970,"Hello, My account shows wrong subscription plan This is affecting my work significantly.",Account Management,Medium,Web Form,Negative,Pending,19.62,88.06,3,13,88,hello account show wrong subscription plan affecting work significantly,88,9
TKT-1971,"Dear team, The mobile app is very slow and unresponsive I have been waiting for a while now.",Technical Support,High,Email,Neutral,Resolved,2.52,6.56,5,18,92,dear team mobile app slow unresponsive waiting,92,7
TKT-1972,"Hi team, My profile picture is not updating correctly I need urgent assistance with this.",Account Management,Medium,Email,Positive,Resolved,1.41,10.32,4,15,89,team profile picture updating correctly need urgent assistance,89,8
TKT-1973,"Good day, Error message appears every time I try to save Thank you for your help.",Technical Support,Medium,Chat,Negative,Pending,4.87,18.57,3,16,81,good day error message appears every time try save thank help,81,11
TKT-1974,I sent the return package but got no confirmation I have been waiting for a while now.,Returns & Refunds,Low,Chat,Positive,Pending,3.37,22.71,4,17,86,sent return package got confirmation waiting,86,6
TKT-1975,"Dear Support, I need a copy of my tax invoice for last year I need urgent assistance with this.",Billing & Payments,High,Chat,Negative,Resolved,14.79,55.29,4,19,95,dear support need copy tax invoice last year need urgent assistance,95,10
TKT-1976,My profile picture is not updating correctly Thank you for your help.,Account Management,High,Phone,Neutral,Resolved,2.08,34.26,3,12,69,profile picture updating correctly thank help,69,6
TKT-1977,"Hi, The software is not compatible with my operating system Looking forward to your prompt response.",Technical Support,Medium,Email,Negative,Escalated,5.48,40.23,1,16,100,software compatible operating system looking forward prompt response,100,8
TKT-1978,"Hi, My data is not syncing across devices properly This is affecting my work significantly.",Technical Support,Critical,Email,Negative,Resolved,0.5,7.71,3,15,91,data syncing across device properly affecting work significantly,91,8
TKT-1979,"Hi, My promo code is not being applied to my bill I have been waiting for a while now.",Billing & Payments,Medium,Email,Neutral,Resolved,3.09,99.59,5,19,86,promo code applied bill waiting,86,5
TKT-1980,"Hi there, How do I initiate a return for an online purchase I have been waiting for a while now.",Returns & Refunds,High,Chat,Positive,Resolved,1.29,30.13,5,20,96,initiate return online purchase waiting,96,5
TKT-1981,"Hi team, Can I use the product offline without internet connection I need urgent assistance with this.",Product Information,Low,Email,Negative,Escalated,18.24,44.27,1,17,102,team use product offline without internet connection need urgent assistance,102,10
TKT-1982,"Good day, I want to return the product I bought last week I have been waiting for a while now.",Returns & Refunds,Low,Chat,Negative,Escalated,2.08,71.74,1,20,94,good day want return product bought last week waiting,94,9
TKT-1983,"Dear team, Do you offer any educational or nonprofit discounts Looking forward to your prompt response.",Product Information,High,Email,Neutral,Resolved,5.86,9.56,5,16,103,dear team offer educational nonprofit discount looking forward prompt response,103,10
TKT-1984,Do you offer any educational or nonprofit discounts I have been waiting for a while now.,Product Information,Low,Web Form,Neutral,Resolved,64.42,81.11,4,16,88,offer educational nonprofit discount waiting,88,5
TKT-1985,"Hi there, I need to change the email address on my account I need urgent assistance with this.",Account Management,Low,Web Form,Negative,Resolved,63.82,98.66,4,18,94,need change email address account need urgent assistance,94,7
TKT-1986,"Hi team, I forgot my password and need to reset it Please help me resolve this as soon as possible.",Account Management,High,Email,Negative,Resolved,2.19,5.32,3,20,99,team forgot password need reset please help resolve soon possible,99,10
TKT-1987,"Good day, I cannot install the application on my laptop This is affecting my work significantly.",Technical Support,Low,Email,Negative,Resolved,6.3,122.88,5,16,96,good day cannot install application laptop affecting work significantly,96,9
TKT-1988,"Good day, How do I initiate a return for an online purchase Please let me know what steps I should take.",Returns & Refunds,Medium,Email,Neutral,Escalated,2.91,15.33,1,21,104,good day initiate return online purchase please let know step take,104,11
TKT-1989,The return window has passed but the item is broken Please help me resolve this as soon as possible.,Returns & Refunds,Medium,Chat,Negative,Resolved,32.69,34.48,4,19,100,return window passed item broken please help resolve soon possible,100,10
TKT-1990,"Dear team, I want to return the product I bought last week Looking forward to your prompt response.",Returns & Refunds,Medium,Chat,Negative,Resolved,12.57,55.68,5,18,99,dear team want return product bought last week looking forward prompt response,99,12
TKT-1991,"Hi, My refund has not been processed after two weeks This is affecting my work significantly.",Returns & Refunds,Medium,Email,Positive,Resolved,35.39,58.6,4,16,93,refund processed two week affecting work significantly,93,7
TKT-1992,"Hi there, Please remove the two factor authentication from my account Please let me know what steps I should take.",Account Management,High,Phone,Neutral,Resolved,8.07,21.49,3,20,114,please remove two factor authentication account please let know step take,114,10
TKT-1993,"To whom it may concern, Does your product comply with GDPR regulations",Product Information,Medium,Email,Negative,Resolved,25.7,26.7,5,12,70,may concern product comply gdpr regulation,70,6
TKT-1994,"Dear team, My account has been locked and I cannot access it Please let me know what steps I should take.",Account Management,Medium,Phone,Neutral,Resolved,5.35,33.37,5,21,105,dear team account locked cannot access please let know step take,105,11
TKT-1995,"Hi team, Please process my refund to the original payment method I need urgent assistance with this.",Returns & Refunds,High,Chat,Negative,Resolved,12.29,24.62,4,17,100,team please process refund original payment method need urgent assistance,100,10
TKT-1996,"To whom it may concern, I need a copy of my tax invoice for last year Please let me know what steps I should take.",Billing & Payments,Low,Phone,Negative,Resolved,15.27,31.24,5,25,114,may concern need copy tax invoice last year please let know step take,114,13
TKT-1997,"Hello, I want to change my username on the platform",Account Management,Low,Chat,Neutral,Resolved,33.14,159.85,5,10,51,hello want change username platform,51,5
TKT-1998,"Hi there, Please update my payment method to a new card I have been waiting for a while now.",Billing & Payments,Low,Web Form,Neutral,Resolved,43.24,176.33,4,19,92,please update payment method new card waiting,92,7
TKT-1999,"Hi there, I want to merge two accounts into one This is affecting my work significantly.",Account Management,Medium,Email,Neutral,Resolved,35.23,45.14,4,16,88,want merge two account one affecting work significantly,88,8
TKT-2000,"Good day, The software is not compatible with my operating system Please help me resolve this as soon as possible.",Technical Support,Low,Phone,Negative,Resolved,58.21,88.75,5,20,114,good day software compatible operating system please help resolve soon possible,114,11
TKT-2001,"To whom it may concern, Can I expedite the shipping on my recent order Looking forward to your prompt response.",Shipping & Delivery,Low,Phone,Neutral,Pending,10.36,44.41,3,20,111,may concern expedite shipping recent order looking forward prompt response,111,10
TKT-2002,"Dear team, I want to return the product I bought last week Please let me know what steps I should take.",Returns & Refunds,Low,Email,Neutral,Resolved,39.35,62.97,3,21,103,dear team want return product bought last week please let know step take,103,13
TKT-2003,"Hi team, I cannot verify my email address with the link sent Thank you for your help.",Account Management,Medium,Email,Negative,Resolved,5.29,54.86,4,17,85,team cannot verify email address link sent thank help,85,9
TKT-2004,"Good day, I want to return the product I bought last week I have been waiting for a while now.",Returns & Refunds,High,Chat,Negative,Pending,2.72,3.72,4,20,94,good day want return product bought last week waiting,94,9
TKT-2005,"Good day, My store credit was not applied to my account",Returns & Refunds,Medium,Email,Neutral,Pending,10.58,42.39,3,11,55,good day store credit applied account,55,6
TKT-2006,Can I exchange the product for a different size Please let me know what steps I should take.,Returns & Refunds,High,Chat,Neutral,Resolved,4.36,22.75,4,18,92,exchange product different size please let know step take,92,9
TKT-2007,Dashboard is not loading any data for me Looking forward to your prompt response.,Technical Support,Medium,Chat,Neutral,Escalated,15.69,16.69,1,14,81,dashboard loading data looking forward prompt response,81,7
TKT-2008,"Dear team, Please help me delete my account permanently Looking forward to your prompt response.",Account Management,Medium,Web Form,Negative,Resolved,7.94,32.21,3,15,96,dear team please help delete account permanently looking forward prompt response,96,11
TKT-2009,I was denied a refund but the product is faulty Looking forward to your prompt response.,Returns & Refunds,High,Web Form,Neutral,Pending,11.48,20.29,3,16,88,denied refund product faulty looking forward prompt response,88,8
TKT-2010,"Hello, Can I exchange the product for a different size This is affecting my work significantly.",Returns & Refunds,High,Email,Positive,Resolved,2.75,4.77,3,16,95,hello exchange product different size affecting work significantly,95,8
TKT-2011,"Hi there, My account has been locked and I cannot access it Thank you for your help.",Account Management,Medium,Email,Neutral,Resolved,8.41,15.67,4,17,84,account locked cannot access thank help,84,6
TKT-2012,"Hi there, Please update my personal information in the system Please let me know what steps I should take.",Account Management,Medium,Email,Negative,Pending,17.38,37.79,3,19,106,please update personal information system please let know step take,106,9
TKT-2013,"Dear team, Can you explain the difference between basic and pro Please help me resolve this as soon as possible.",Product Information,Medium,Chat,Positive,Pending,4.45,7.68,2,20,112,dear team explain difference basic pro please help resolve soon possible,112,11
TKT-2014,"Hello, I need a prepaid return label for my item",Returns & Refunds,Critical,Chat,Negative,Resolved,0.9,6.31,3,10,48,hello need prepaid return label item,48,6
TKT-2015,"Hello, The software is not compatible with my operating system Thank you for your help.",Technical Support,Low,Email,Negative,Resolved,76.67,145.1,4,15,87,hello software compatible operating system thank help,87,7
TKT-2016,"Hi team, My order was marked delivered but I did not receive it Please help me resolve this as soon as possible.",Shipping & Delivery,Low,Web Form,Positive,Resolved,12.9,104.64,5,22,112,team order marked delivered receive please help resolve soon possible,112,10
TKT-2017,"Good day, The website is showing a 500 internal server error I have been waiting for a while now.",Technical Support,Medium,Web Form,Neutral,Resolved,19.58,22.03,5,19,97,good day website showing internal server error waiting,97,8
TKT-2018,"Dear team, Do you offer any educational or nonprofit discounts Looking forward to your prompt response.",Product Information,Medium,Chat,Negative,Resolved,25.39,44.39,4,16,103,dear team offer educational nonprofit discount looking forward prompt response,103,10
TKT-2019,"Dear Support, My profile picture is not updating correctly I need urgent assistance with this.",Account Management,Low,Web Form,Neutral,Resolved,7.97,52.45,5,15,94,dear support profile picture updating correctly need urgent assistance,94,9
TKT-2020,"Dear Support, How many users can I add under a single license I have been waiting for a while now.",Product Information,Low,Web Form,Neutral,Pending,23.62,103.24,2,20,98,dear support many user add single license waiting,98,8
TKT-2021,"Hi, I want to return the product I bought last week",Returns & Refunds,Critical,Email,Positive,Pending,2.71,6.53,3,11,51,want return product bought last week,51,6
TKT-2022,"Dear Support, My account has been locked and I cannot access it Looking forward to your prompt response.",Account Management,Low,Phone,Neutral,Resolved,2.63,238.78,5,18,104,dear support account locked cannot access looking forward prompt response,104,10
TKT-2023,"Dear Support, Can you explain the difference between basic and pro Thank you for your help.",Product Information,Low,Chat,Negative,Resolved,9.06,71.69,5,16,91,dear support explain difference basic pro thank help,91,8
TKT-2024,"Hi team, The return window has passed but the item is broken Thank you for your help.",Returns & Refunds,Medium,Phone,Negative,Pending,0.64,71.36,3,17,85,team return window passed item broken thank help,85,8
TKT-2025,"Hi, Does your product comply with GDPR regulations Please help me resolve this as soon as possible.",Product Information,Low,Web Form,Neutral,Resolved,11.41,111.14,3,17,99,product comply gdpr regulation please help resolve soon possible,99,9
TKT-2026,"To whom it may concern, I want to change the delivery address for my order Please help me resolve this as soon as possible.",Shipping & Delivery,Medium,Email,Negative,Pending,8.35,17.93,3,24,123,may concern want change delivery address order please help resolve soon possible,123,12
TKT-2027,"Good day, I need to transfer my account to another user Please help me resolve this as soon as possible.",Account Management,High,Web Form,Negative,Resolved,3.59,9.33,4,20,104,good day need transfer account another user please help resolve soon possible,104,12
TKT-2028,"Good day, I want to return the product I bought last week This is affecting my work significantly.",Returns & Refunds,Medium,Chat,Negative,Resolved,2.33,62.64,4,18,98,good day want return product bought last week affecting work significantly,98,11
TKT-2029,"Hi there, Can I exchange the product for a different size Looking forward to your prompt response.",Returns & Refunds,Low,Web Form,Negative,Escalated,11.05,21.54,2,17,98,exchange product different size looking forward prompt response,98,8
TKT-2030,I was billed after cancelling my account Please let me know what steps I should take.,Billing & Payments,Low,Email,Negative,Resolved,12.53,47.31,5,16,85,billed cancelling account please let know step take,85,8
TKT-2031,"Hi, I cannot log in to my account after the update Please let me know what steps I should take.",Technical Support,Medium,Chat,Neutral,Resolved,1.91,35.97,4,20,95,cannot log account update please let know step take,95,9
TKT-2032,My account shows wrong subscription plan I have been waiting for a while now.,Account Management,High,Web Form,Negative,Escalated,1.12,2.82,1,14,77,account show wrong subscription plan waiting,77,6
TKT-2033,"Dear Support, What languages does your platform currently support I have been waiting for a while now.",Product Information,High,Email,Negative,Pending,11.78,18.39,2,17,102,dear support language platform currently support waiting,102,6
TKT-2034,"Good day, How many users can I add under a single license Looking forward to your prompt response.",Product Information,Medium,Email,Positive,Resolved,7.7,41.89,5,18,98,good day many user add single license looking forward prompt response,98,11
TKT-2035,"Good day, What features are included in the premium plan This is affecting my work significantly.",Product Information,Medium,Web Form,Neutral,Pending,1.53,28.86,2,16,97,good day feature included premium plan affecting work significantly,97,9
TKT-2036,"Good day, My refund has not been processed after two weeks Please help me resolve this as soon as possible.",Returns & Refunds,Low,Email,Negative,Pending,40.16,178.41,4,20,107,good day refund processed two week please help resolve soon possible,107,11
TKT-2037,"Dear Support, The delivery estimate keeps getting pushed further I need urgent assistance with this.",Shipping & Delivery,Low,Chat,Negative,Resolved,1.24,4.47,5,15,100,dear support delivery estimate keep getting pushed need urgent assistance,100,10
TKT-2038,"Hi, My profile picture is not updating correctly Thank you for your help.",Account Management,Medium,Phone,Neutral,Resolved,0.5,59.52,3,13,73,profile picture updating correctly thank help,73,6
TKT-2039,I was denied a refund but the product is faulty Please help me resolve this as soon as possible.,Returns & Refunds,Low,Chat,Neutral,Resolved,9.28,248.46,5,19,96,denied refund product faulty please help resolve soon possible,96,9
TKT-2040,"Hello, My order has not arrived yet and it is overdue Please help me resolve this as soon as possible.",Shipping & Delivery,Low,Email,Neutral,Pending,2.38,104.65,3,20,102,hello order arrived yet overdue please help resolve soon possible,102,10
TKT-2041,"Hello, Subscription fee was deducted twice this month Thank you for your help.",Billing & Payments,Medium,Chat,Positive,Resolved,2.8,28.04,4,13,78,hello subscription fee deducted twice month thank help,78,8
TKT-2042,"Hello, Does your product comply with GDPR regulations Please let me know what steps I should take.",Product Information,Low,Phone,Negative,Pending,1.95,10.03,3,17,98,hello product comply gdpr regulation please let know step take,98,10
TKT-2043,"Dear Support, Is there an API available for custom integrations This is affecting my work significantly.",Product Information,Low,Chat,Negative,Resolved,10.87,84.3,3,16,104,dear support api available custom integration affecting work significantly,104,9
TKT-2044,"Hi, The replacement item also arrived damaged Please let me know what steps I should take.",Returns & Refunds,Medium,Email,Neutral,Pending,29.4,93.83,2,16,90,replacement item also arrived damaged please let know step take,90,10
TKT-2045,"Hello, What languages does your platform currently support Please let me know what steps I should take.",Product Information,High,Chat,Positive,Escalated,1.45,6.85,1,17,103,hello language platform currently support please let know step take,103,10
TKT-2046,"Dear Support, My package was returned to sender by mistake Thank you for your help.",Shipping & Delivery,Critical,Chat,Positive,Pending,2.97,3.97,3,15,83,dear support package returned sender mistake thank help,83,8
TKT-2047,"Hello, I need a copy of my tax invoice for last year Please let me know what steps I should take.",Billing & Payments,Medium,Email,Negative,Resolved,2.9,51.14,3,21,97,hello need copy tax invoice last year please let know step take,97,12
TKT-2048,"Dear team, My invoice shows incorrect amount, please fix it This is affecting my work significantly.",Billing & Payments,Medium,Web Form,Neutral,Pending,8.77,24.41,2,16,100,dear team invoice show incorrect amount please fix affecting work significantly,100,11
TKT-2049,"Hi there, I want to change the delivery address for my order This is affecting my work significantly.",Shipping & Delivery,Low,Chat,Neutral,Pending,69.2,105.53,3,18,101,want change delivery address order affecting work significantly,101,8
TKT-2050,"Hi team, My profile picture is not updating correctly Please let me know what steps I should take.",Account Management,Medium,Chat,Negative,Resolved,7.64,51.79,5,18,98,team profile picture updating correctly please let know step take,98,10
TKT-2051,The application keeps crashing when I open it,Technical Support,Medium,Chat,Positive,Resolved,2.21,53.66,5,8,45,application keep crashing open,45,4
TKT-2052,"Dear team, The export function produces corrupt files I have been waiting for a while now.",Technical Support,Critical,Phone,Neutral,Pending,0.6,2.94,4,16,90,dear team export function produce corrupt file waiting,90,8
TKT-2053,"Hi, The application keeps crashing when I open it I need urgent assistance with this.",Technical Support,Medium,Chat,Neutral,Resolved,2.51,85.74,5,15,85,application keep crashing open need urgent assistance,85,7
TKT-2054,"Dear team, The payment gateway keeps showing an error Looking forward to your prompt response.",Billing & Payments,Medium,Email,Positive,Resolved,0.98,27.96,4,15,94,dear team payment gateway keep showing error looking forward prompt response,94,11
TKT-2055,"Hello, I need a copy of my tax invoice for last year I need urgent assistance with this.",Billing & Payments,Medium,Email,Positive,Resolved,52.21,81.86,5,18,88,hello need copy tax invoice last year need urgent assistance,88,9
TKT-2056,"Good day, I want to change my username on the platform",Account Management,Medium,Email,Positive,Escalated,6.62,44.4,1,11,54,good day want change username platform,54,6
TKT-2057,"Dear team, I want to merge two accounts into one Please help me resolve this as soon as possible.",Account Management,High,Email,Negative,Resolved,0.71,27.76,5,19,97,dear team want merge two account one please help resolve soon possible,97,12
TKT-2058,"Hi, I need a refund for the payment made last week Please let me know what steps I should take.",Billing & Payments,Low,Chat,Positive,Pending,12.44,44.98,2,20,95,need refund payment made last week please let know step take,95,11
TKT-2059,"To whom it may concern, I want to change my username on the platform Thank you for your help.",Account Management,Medium,Chat,Negative,Resolved,6.62,27.93,4,19,93,may concern want change username platform thank help,93,8
TKT-2060,"Hello, The item I received is defective and I need replacement Please help me resolve this as soon as possible.",Returns & Refunds,High,Email,Neutral,Resolved,0.8,1.88,5,20,111,hello item received defective need replacement please help resolve soon possible,111,11
TKT-2061,"Dear Support, I need a refund for the payment made last week I have been waiting for a while now.",Billing & Payments,Low,Chat,Negative,Resolved,15.2,48.21,3,20,97,dear support need refund payment made last week waiting,97,9
TKT-2062,"Hi there, My account shows wrong subscription plan I need urgent assistance with this.",Account Management,Medium,Email,Negative,Pending,7.4,15.14,2,14,86,account show wrong subscription plan need urgent assistance,86,8
TKT-2063,"Dear Support, Please update my personal information in the system I need urgent assistance with this.",Account Management,Low,Email,Negative,Resolved,7.87,17.68,5,16,101,dear support please update personal information system need urgent assistance,101,10
TKT-2064,"Dear team, Does your product comply with GDPR regulations Please let me know what steps I should take.",Product Information,Low,Email,Positive,Resolved,29.54,88.23,4,18,102,dear team product comply gdpr regulation please let know step take,102,11
TKT-2065,"Dear team, Is there an API available for custom integrations Thank you for your help.",Product Information,Medium,Chat,Positive,Resolved,3.74,37.09,5,15,85,dear team api available custom integration thank help,85,8
TKT-2066,"Hello, My refund has not been processed after two weeks Looking forward to your prompt response.",Returns & Refunds,Critical,Email,Negative,Resolved,0.5,2.46,4,16,96,hello refund processed two week looking forward prompt response,96,9
TKT-2067,"Hi, My store credit was not applied to my account Looking forward to your prompt response.",Returns & Refunds,Critical,Chat,Neutral,Resolved,1.81,4.97,5,16,90,store credit applied account looking forward prompt response,90,8
TKT-2068,"Dear team, I was billed after cancelling my account",Billing & Payments,Medium,Web Form,Negative,Resolved,8.63,26.91,4,9,51,dear team billed cancelling account,51,5
TKT-2069,"Hi team, I cannot install the application on my laptop I have been waiting for a while now.",Technical Support,Medium,Chat,Positive,Pending,5.04,10.4,3,18,91,team cannot install application laptop waiting,91,6
TKT-2070,"Dear Support, My order has not arrived yet and it is overdue",Shipping & Delivery,Medium,Chat,Neutral,Pending,39.06,71.98,4,12,60,dear support order arrived yet overdue,60,6
TKT-2071,"Hi team, Can you explain the difference between basic and pro",Product Information,Low,Chat,Neutral,Resolved,47.38,53.25,3,11,61,team explain difference basic pro,61,5
TKT-2072,"Hi there, My invoice shows incorrect amount, please fix it I have been waiting for a while now.",Billing & Payments,High,Chat,Neutral,Pending,7.16,8.76,2,18,95,invoice show incorrect amount please fix waiting,95,7
TKT-2073,Subscription fee was deducted twice this month This is affecting my work significantly.,Billing & Payments,Medium,Email,Negative,Resolved,11.2,107.16,5,13,87,subscription fee deducted twice month affecting work significantly,87,8
TKT-2074,Can I exchange the product for a different size I need urgent assistance with this.,Returns & Refunds,Critical,Chat,Positive,Resolved,1.72,2.73,4,15,83,exchange product different size need urgent assistance,83,7
TKT-2075,"Good day, What languages does your platform currently support",Product Information,High,Chat,Positive,Resolved,3.29,18.94,4,9,61,good day language platform currently support,61,6
TKT-2076,"Hi team, I want to change my username on the platform Looking forward to your prompt response.",Account Management,Medium,Chat,Negative,Resolved,3.6,6.79,3,17,94,team want change username platform looking forward prompt response,94,9
TKT-2077,"Hi, My package was returned to sender by mistake Please help me resolve this as soon as possible.",Shipping & Delivery,Low,Phone,Negative,Pending,37.35,68.47,3,18,97,package returned sender mistake please help resolve soon possible,97,9
TKT-2078,My refund has not been processed after two weeks,Returns & Refunds,Medium,Chat,Neutral,Resolved,54.36,60.93,3,9,48,refund processed two week,48,4
TKT-2079,"Hello, Does the product support integration with Salesforce",Product Information,High,Phone,Neutral,Pending,11.65,17.96,3,8,59,hello product support integration salesforce,59,5
TKT-2080,"To whom it may concern, My account has been locked and I cannot access it Please let me know what steps I should take.",Account Management,Medium,Email,Negative,Resolved,8.51,35.58,5,24,118,may concern account locked cannot access please let know step take,118,11
TKT-2081,"Good day, I need a copy of my tax invoice for last year Thank you for your help.",Billing & Payments,High,Phone,Negative,Resolved,2.78,29.72,5,18,80,good day need copy tax invoice last year thank help,80,10
TKT-2082,"Hello, What are the system requirements for your software",Product Information,Low,Chat,Negative,Resolved,18.76,30.3,5,9,57,hello system requirement software,57,4
TKT-2083,"Dear team, Do you offer any educational or nonprofit discounts I need urgent assistance with this.",Product Information,Low,Phone,Neutral,Resolved,59.63,147.65,5,16,98,dear team offer educational nonprofit discount need urgent assistance,98,9
TKT-2084,"To whom it may concern, What is the data retention policy for your service I need urgent assistance with this.",Product Information,Medium,Chat,Positive,Resolved,13.49,32.94,5,20,110,may concern data retention policy service need urgent assistance,110,9
TKT-2085,"Hi, Is there an API available for custom integrations I need urgent assistance with this.",Product Information,Medium,Phone,Positive,Resolved,15.49,96.54,3,15,89,api available custom integration need urgent assistance,89,7
TKT-2086,"Hi, Does your product comply with GDPR regulations Please help me resolve this as soon as possible.",Product Information,Critical,Web Form,Neutral,Resolved,0.5,3.81,3,17,99,product comply gdpr regulation please help resolve soon possible,99,9
TKT-2087,"Hi there, The payment gateway keeps showing an error This is affecting my work significantly.",Billing & Payments,Medium,Phone,Negative,Resolved,2.5,37.79,4,15,93,payment gateway keep showing error affecting work significantly,93,8
TKT-2088,"Dear team, The replacement item also arrived damaged I have been waiting for a while now.",Returns & Refunds,Low,Web Form,Neutral,Resolved,12.15,32.41,4,16,89,dear team replacement item also arrived damaged waiting,89,8
TKT-2089,"Good day, I forgot my password and need to reset it",Account Management,Medium,Chat,Negative,Escalated,23.68,53.72,1,11,51,good day forgot password need reset,51,6
TKT-2090,"Dear team, I need to transfer my account to another user I have been waiting for a while now.",Account Management,Medium,Web Form,Negative,Pending,6.97,90.29,3,19,93,dear team need transfer account another user waiting,93,8
TKT-2091,"Hello, I sent the return package but got no confirmation I need urgent assistance with this.",Returns & Refunds,Medium,Web Form,Negative,Resolved,13.21,14.82,4,16,92,hello sent return package got confirmation need urgent assistance,92,9
TKT-2092,"Hi, How do I initiate a return for an online purchase I have been waiting for a while now.",Returns & Refunds,Medium,Chat,Positive,Resolved,4.85,25.62,4,19,90,initiate return online purchase waiting,90,5
TKT-2093,"Hi there, I want to change my username on the platform I have been waiting for a while now.",Account Management,Low,Email,Negative,Resolved,9.24,73.75,3,19,91,want change username platform waiting,91,5
TKT-2094,"Hi, The item I received is defective and I need replacement Looking forward to your prompt response.",Returns & Refunds,Low,Phone,Positive,Pending,33.59,124.31,3,17,100,item received defective need replacement looking forward prompt response,100,9
TKT-2095,"Hi team, Does the product support integration with Salesforce I need urgent assistance with this.",Product Information,Medium,Chat,Negative,Resolved,18.05,43.03,4,15,97,team product support integration salesforce need urgent assistance,97,8
TKT-2096,"Good day, Please remove the two factor authentication from my account This is affecting my work significantly.",Account Management,Low,Web Form,Negative,Pending,10.06,115.8,3,17,110,good day please remove two factor authentication account affecting work significantly,110,11
TKT-2097,"Good day, I was billed after cancelling my account",Billing & Payments,High,Chat,Negative,Resolved,5.53,45.66,3,9,50,good day billed cancelling account,50,5
TKT-2098,"To whom it may concern, The export function produces corrupt files I need urgent assistance with this.",Technical Support,Low,Chat,Negative,Resolved,15.81,22.89,5,17,102,may concern export function produce corrupt file need urgent assistance,102,10
TKT-2099,"Hello, What features are included in the premium plan",Product Information,High,Phone,Neutral,Resolved,0.5,26.05,4,9,53,hello feature included premium plan,53,5
TKT-2100,What languages does your platform currently support Looking forward to your prompt response.,Product Information,Medium,Chat,Negative,Pending,14.04,29.21,2,13,92,language platform currently support looking forward prompt response,92,8
TKT-2101,What features are included in the premium plan Please help me resolve this as soon as possible.,Product Information,Critical,Chat,Negative,Resolved,0.5,1.5,4,17,95,feature included premium plan please help resolve soon possible,95,9
TKT-2102,"Dear team, Can I expedite the shipping on my recent order Looking forward to your prompt response.",Shipping & Delivery,High,Email,Negative,Pending,1.83,5.07,3,17,98,dear team expedite shipping recent order looking forward prompt response,98,10
TKT-2103,"Dear Support, I need a prepaid return label for my item Looking forward to your prompt response.",Returns & Refunds,Low,Web Form,Negative,Resolved,13.32,318.26,4,17,96,dear support need prepaid return label item looking forward prompt response,96,11
TKT-2104,"To whom it may concern, I was billed after cancelling my account Thank you for your help.",Billing & Payments,Critical,Web Form,Positive,Pending,0.5,1.5,3,17,89,may concern billed cancelling account thank help,89,7
TKT-2105,"Good day, Do you offer any educational or nonprofit discounts Please let me know what steps I should take.",Product Information,Critical,Email,Negative,Resolved,0.5,5.48,3,19,106,good day offer educational nonprofit discount please let know step take,106,11
TKT-2106,"Hi there, How many users can I add under a single license",Product Information,Medium,Phone,Negative,Resolved,0.98,34.31,3,12,57,many user add single license,57,5
TKT-2107,"Hi team, The website is showing a 500 internal server error Please let me know what steps I should take.",Technical Support,High,Chat,Neutral,Resolved,0.75,16.99,4,20,104,team website showing internal server error please let know step take,104,11
TKT-2108,"To whom it may concern, Please process my refund to the original payment method This is affecting my work significantly.",Returns & Refunds,Medium,Email,Neutral,Pending,6.65,16.87,3,20,120,may concern please process refund original payment method affecting work significantly,120,11
TKT-2109,"Hi there, My data is not syncing across devices properly I have been waiting for a while now.",Technical Support,Low,Email,Negative,Pending,22.84,29.45,2,18,93,data syncing across device properly waiting,93,6
TKT-2110,"Dear Support, My refund has not been processed after two weeks I have been waiting for a while now.",Returns & Refunds,High,Email,Negative,Resolved,1.9,3.2,5,19,99,dear support refund processed two week waiting,99,7
TKT-2111,"To whom it may concern, The item I received is defective and I need replacement",Returns & Refunds,Medium,Email,Negative,Resolved,4.88,5.88,4,15,79,may concern item received defective need replacement,79,7
TKT-2112,"Hi team, My package was returned to sender by mistake Please let me know what steps I should take.",Shipping & Delivery,High,Chat,Negative,Resolved,0.5,25.86,3,19,98,team package returned sender mistake please let know step take,98,10
TKT-2113,What features are included in the premium plan I need urgent assistance with this.,Product Information,Critical,Web Form,Neutral,Resolved,0.5,3.11,4,14,82,feature included premium plan need urgent assistance,82,7
TKT-2114,"Dear Support, I was billed after cancelling my account Please help me resolve this as soon as possible.",Billing & Payments,Low,Phone,Neutral,Pending,0.5,199.39,2,18,103,dear support billed cancelling account please help resolve soon possible,103,10
TKT-2115,"Good day, I want to return the product I bought last week Please let me know what steps I should take.",Returns & Refunds,Low,Email,Neutral,Resolved,103.06,130.32,3,21,102,good day want return product bought last week please let know step take,102,13
TKT-2116,"Hi there, The mobile app is very slow and unresponsive Looking forward to your prompt response.",Technical Support,Low,Email,Negative,Pending,0.51,18.68,2,16,95,mobile app slow unresponsive looking forward prompt response,95,8
TKT-2117,"Hi there, Subscription fee was deducted twice this month This is affecting my work significantly.",Billing & Payments,Low,Chat,Neutral,Resolved,7.02,210.23,5,15,97,subscription fee deducted twice month affecting work significantly,97,8
TKT-2118,"To whom it may concern, My order has not arrived yet and it is overdue",Shipping & Delivery,Medium,Chat,Neutral,Resolved,15.6,37.23,5,15,70,may concern order arrived yet overdue,70,6
TKT-2119,The payment gateway keeps showing an error This is affecting my work significantly.,Billing & Payments,Critical,Email,Neutral,Resolved,0.5,2.1,4,13,83,payment gateway keep showing error affecting work significantly,83,8
TKT-2120,The replacement item also arrived damaged Thank you for your help.,Returns & Refunds,High,Chat,Neutral,Resolved,4.71,10.5,5,11,66,replacement item also arrived damaged thank help,66,7
TKT-2121,"Hi there, The software is not compatible with my operating system Please help me resolve this as soon as possible.",Technical Support,Medium,Chat,Neutral,Resolved,20.63,54.95,5,20,114,software compatible operating system please help resolve soon possible,114,9
TKT-2122,"Hi team, Does your product comply with GDPR regulations I have been waiting for a while now.",Product Information,Medium,Email,Positive,Resolved,14.37,70.6,4,17,92,team product comply gdpr regulation waiting,92,6
TKT-2123,"Hi, My order has not arrived yet and it is overdue Please let me know what steps I should take.",Shipping & Delivery,Medium,Email,Neutral,Resolved,1.76,9.64,3,20,95,order arrived yet overdue please let know step take,95,9
TKT-2124,"Dear team, I cannot install the application on my laptop This is affecting my work significantly.",Technical Support,Low,Email,Positive,Resolved,86.82,102.32,4,16,97,dear team cannot install application laptop affecting work significantly,97,9
TKT-2125,"To whom it may concern, My store credit was not applied to my account This is affecting my work significantly.",Returns & Refunds,Medium,Email,Positive,Pending,33.8,113.94,3,20,110,may concern store credit applied account affecting work significantly,110,9
TKT-2126,"Hi there, How do I initiate a return for an online purchase",Returns & Refunds,Medium,Chat,Negative,Resolved,0.55,2.55,4,12,59,initiate return online purchase,59,4
TKT-2127,"Hello, Dashboard is not loading any data for me Looking forward to your prompt response.",Technical Support,Medium,Phone,Negative,Resolved,2.83,20.87,4,15,88,hello dashboard loading data looking forward prompt response,88,8
TKT-2128,The export function produces corrupt files I need urgent assistance with this.,Technical Support,Medium,Phone,Neutral,Resolved,6.99,31.27,5,12,78,export function produce corrupt file need urgent assistance,78,8
TKT-2129,"Hi team, What features are included in the premium plan Please let me know what steps I should take.",Product Information,High,Web Form,Neutral,Resolved,3.44,6.44,4,19,100,team feature included premium plan please let know step take,100,10
TKT-2130,"Dear Support, My order was marked delivered but I did not receive it Looking forward to your prompt response.",Shipping & Delivery,High,Email,Positive,Escalated,6.36,12.39,1,19,109,dear support order marked delivered receive looking forward prompt response,109,10
TKT-2131,"Hi, My order was marked delivered but I did not receive it I have been waiting for a while now.",Shipping & Delivery,High,Email,Neutral,Resolved,0.5,3.87,5,20,95,order marked delivered receive waiting,95,5
TKT-2132,"Dear Support, Is there an API available for custom integrations Please help me resolve this as soon as possible.",Product Information,Low,Chat,Positive,Resolved,29.88,44.03,3,19,112,dear support api available custom integration please help resolve soon possible,112,11
TKT-2133,"Hi, I keep getting disconnected from the server Please let me know what steps I should take.",Technical Support,Critical,Web Form,Neutral,Pending,1.48,2.48,4,17,92,keep getting disconnected server please let know step take,92,9
TKT-2134,Do you offer any educational or nonprofit discounts I have been waiting for a while now.,Product Information,High,Email,Negative,Resolved,0.52,9.07,4,16,88,offer educational nonprofit discount waiting,88,5
TKT-2135,"To whom it may concern, Subscription fee was deducted twice this month This is affecting my work significantly.",Billing & Payments,Medium,Chat,Neutral,Resolved,27.78,34.23,4,18,111,may concern subscription fee deducted twice month affecting work significantly,111,10
TKT-2136,"Hello, The software is not compatible with my operating system Looking forward to your prompt response.",Technical Support,Low,Web Form,Negative,Pending,7.85,223.84,2,16,103,hello software compatible operating system looking forward prompt response,103,9
TKT-2137,Can I use the product offline without internet connection Thank you for your help.,Product Information,Medium,Chat,Positive,Pending,13.28,77.41,2,14,82,use product offline without internet connection thank help,82,8
TKT-2138,"Good day, Please update my payment method to a new card This is affecting my work significantly.",Billing & Payments,Low,Email,Negative,Resolved,15.17,80.84,3,17,96,good day please update payment method new card affecting work significantly,96,11
TKT-2139,"To whom it may concern, Can I exchange the product for a different size I have been waiting for a while now.",Returns & Refunds,Low,Web Form,Positive,Resolved,97.3,170.27,3,22,108,may concern exchange product different size waiting,108,7
TKT-2140,My account has been locked and I cannot access it,Account Management,Critical,Web Form,Negative,Resolved,1.42,5.36,5,10,49,account locked cannot access,49,4
TKT-2141,"Hi, I need to schedule a redelivery for my parcel I need urgent assistance with this.",Shipping & Delivery,Low,Email,Neutral,Pending,13.86,123.53,3,16,85,need schedule redelivery parcel need urgent assistance,85,6
TKT-2142,"Dear team, Can I exchange the product for a different size This is affecting my work significantly.",Returns & Refunds,Medium,Phone,Negative,Pending,3.11,14.64,2,17,99,dear team exchange product different size affecting work significantly,99,9
TKT-2143,"Good day, I need a prepaid return label for my item Please help me resolve this as soon as possible.",Returns & Refunds,Low,Chat,Neutral,Resolved,57.38,65.32,5,20,100,good day need prepaid return label item please help resolve soon possible,100,12
TKT-2144,"Hi team, Can I exchange the product for a different size I need urgent assistance with this.",Returns & Refunds,Medium,Chat,Positive,Escalated,5.43,56.29,1,17,92,team exchange product different size need urgent assistance,92,8
TKT-2145,Is there a free trial available for your enterprise plan Please let me know what steps I should take.,Product Information,Medium,Chat,Positive,Pending,12.15,21.15,3,19,101,free trial available enterprise plan please let know step take,101,10
TKT-2146,"To whom it may concern, I need a copy of my tax invoice for last year",Billing & Payments,High,Chat,Neutral,Resolved,8.98,17.25,5,16,69,may concern need copy tax invoice last year,69,8
TKT-2147,"Hi there, What features are included in the premium plan This is affecting my work significantly.",Product Information,High,Chat,Neutral,Resolved,7.0,10.1,4,16,97,feature included premium plan affecting work significantly,97,7
TKT-2148,"Hello, I need to transfer my account to another user I need urgent assistance with this.",Account Management,High,Email,Neutral,Resolved,0.5,19.48,3,16,88,hello need transfer account another user need urgent assistance,88,8
TKT-2149,The software is not compatible with my operating system Please help me resolve this as soon as possible.,Technical Support,Low,Web Form,Negative,Resolved,93.57,116.06,3,18,104,software compatible operating system please help resolve soon possible,104,9
TKT-2150,"Good day, The item I received is defective and I need replacement This is affecting my work significantly.",Returns & Refunds,High,Phone,Neutral,Resolved,0.5,25.0,3,18,106,good day item received defective need replacement affecting work significantly,106,10
TKT-2151,"Hello, The return window has passed but the item is broken This is affecting my work significantly.",Returns & Refunds,Low,Phone,Neutral,Escalated,38.79,75.29,1,17,99,hello return window passed item broken affecting work significantly,99,9
TKT-2152,"Hi team, The courier left my package in the wrong location I need urgent assistance with this.",Shipping & Delivery,Low,Chat,Neutral,Resolved,7.13,220.91,3,17,94,team courier left package wrong location need urgent assistance,94,9
TKT-2153,"Dear Support, The replacement item also arrived damaged Please help me resolve this as soon as possible.",Returns & Refunds,Critical,Email,Positive,Resolved,0.6,3.13,4,17,104,dear support replacement item also arrived damaged please help resolve soon possible,104,12
TKT-2154,"To whom it may concern, Is there an API available for custom integrations Please help me resolve this as soon as possible.",Product Information,Medium,Phone,Negative,Pending,3.45,37.31,3,22,122,may concern api available custom integration please help resolve soon possible,122,11
TKT-2155,"Hi, My invoice shows incorrect amount, please fix it Looking forward to your prompt response.",Billing & Payments,Medium,Email,Neutral,Resolved,2.89,6.9,5,15,93,invoice show incorrect amount please fix looking forward prompt response,93,10
TKT-2156,"Hello, I need to transfer my account to another user This is affecting my work significantly.",Account Management,Medium,Email,Negative,Pending,25.88,97.35,3,16,93,hello need transfer account another user affecting work significantly,93,9
TKT-2157,"Hi team, I cannot verify my email address with the link sent",Account Management,Medium,Web Form,Negative,Resolved,1.04,8.67,4,12,60,team cannot verify email address link sent,60,7
TKT-2158,"Hi team, The return window has passed but the item is broken I have been waiting for a while now.",Returns & Refunds,Medium,Chat,Negative,Escalated,0.58,58.73,2,20,97,team return window passed item broken waiting,97,7
TKT-2159,"Hello, I was billed after cancelling my account Please help me resolve this as soon as possible.",Billing & Payments,Low,Phone,Neutral,Pending,16.62,42.84,4,17,96,hello billed cancelling account please help resolve soon possible,96,9
TKT-2160,"Hello, My store credit was not applied to my account Please help me resolve this as soon as possible.",Returns & Refunds,Medium,Phone,Neutral,Resolved,3.33,10.11,4,19,101,hello store credit applied account please help resolve soon possible,101,10
TKT-2161,"To whom it may concern, The item I received is defective and I need replacement I need urgent assistance with this.",Returns & Refunds,Low,Phone,Negative,Resolved,7.99,8.99,3,21,115,may concern item received defective need replacement need urgent assistance,115,9
TKT-2162,"Hi there, I want to change my username on the platform I need urgent assistance with this.",Account Management,Critical,Phone,Negative,Resolved,0.94,11.55,4,17,90,want change username platform need urgent assistance,90,7
TKT-2163,"Hi team, My account shows wrong subscription plan Thank you for your help.",Account Management,Medium,Web Form,Positive,Resolved,9.29,21.51,3,13,74,team account show wrong subscription plan thank help,74,8
TKT-2164,"Dear team, I want to return the product I bought last week Looking forward to your prompt response.",Returns & Refunds,High,Web Form,Negative,Resolved,0.5,4.84,5,18,99,dear team want return product bought last week looking forward prompt response,99,12
TKT-2165,"Dear Support, I want to change the delivery address for my order Thank you for your help.",Shipping & Delivery,Medium,Phone,Neutral,Resolved,1.31,104.45,5,17,89,dear support want change delivery address order thank help,89,9
TKT-2166,"Dear Support, My order was marked delivered but I did not receive it Please let me know what steps I should take.",Shipping & Delivery,Low,Chat,Negative,Resolved,36.7,273.66,3,22,113,dear support order marked delivered receive please let know step take,113,11
TKT-2167,"To whom it may concern, My store credit was not applied to my account Please help me resolve this as soon as possible.",Returns & Refunds,Medium,Chat,Neutral,Resolved,0.64,42.29,4,23,118,may concern store credit applied account please help resolve soon possible,118,11
TKT-2168,"Dear Support, The delivery estimate keeps getting pushed further I need urgent assistance with this.",Shipping & Delivery,Low,Chat,Negative,Pending,8.51,81.69,2,15,100,dear support delivery estimate keep getting pushed need urgent assistance,100,10
TKT-2169,"Hi team, I was charged twice for my subscription this month I need urgent assistance with this.",Billing & Payments,Low,Email,Negative,Resolved,0.5,12.45,3,17,95,team charged twice subscription month need urgent assistance,95,8
TKT-2170,"To whom it may concern, My account has been locked and I cannot access it This is affecting my work significantly.",Account Management,Critical,Email,Neutral,Resolved,2.75,4.95,4,21,114,may concern account locked cannot access affecting work significantly,114,9
TKT-2171,What languages does your platform currently support Looking forward to your prompt response.,Product Information,High,Email,Neutral,Resolved,1.9,6.47,5,13,92,language platform currently support looking forward prompt response,92,8
TKT-2172,"Good day, The website is showing a 500 internal server error Please let me know what steps I should take.",Technical Support,Low,Email,Negative,Resolved,12.56,211.55,4,20,105,good day website showing internal server error please let know step take,105,12
TKT-2173,"Dear Support, I cannot log in to my account after the update Please help me resolve this as soon as possible.",Technical Support,Medium,Email,Neutral,Resolved,4.37,10.55,3,21,109,dear support cannot log account update please help resolve soon possible,109,11
TKT-2174,I received the wrong item in my package I need urgent assistance with this.,Shipping & Delivery,High,Chat,Positive,Resolved,2.83,12.75,4,14,75,received wrong item package need urgent assistance,75,7
TKT-2175,"Hello, I want to change my username on the platform Please let me know what steps I should take.",Account Management,Low,Email,Negative,Pending,2.47,166.68,2,19,96,hello want change username platform please let know step take,96,10
TKT-2176,"Dear team, Why was my card declined when making a payment I have been waiting for a while now.",Billing & Payments,Medium,Chat,Neutral,Resolved,8.94,17.1,4,19,94,dear team card declined making payment waiting,94,7
TKT-2177,"Good day, I need to change the email address on my account I need urgent assistance with this.",Account Management,High,Chat,Negative,Resolved,4.85,23.74,5,18,94,good day need change email address account need urgent assistance,94,9
TKT-2178,"Hello, Please remove the two factor authentication from my account This is affecting my work significantly.",Account Management,Low,Email,Negative,Pending,12.73,41.89,3,16,107,hello please remove two factor authentication account affecting work significantly,107,10
TKT-2179,"Dear team, My account shows wrong subscription plan I have been waiting for a while now.",Account Management,Low,Phone,Negative,Escalated,61.06,337.54,1,16,88,dear team account show wrong subscription plan waiting,88,8
TKT-2180,"Hi there, I need to schedule a redelivery for my parcel Looking forward to your prompt response.",Shipping & Delivery,Medium,Email,Neutral,Pending,47.58,81.82,3,17,96,need schedule redelivery parcel looking forward prompt response,96,8
TKT-2181,"To whom it may concern, My package was returned to sender by mistake I have been waiting for a while now.",Shipping & Delivery,Low,Email,Neutral,Pending,40.74,41.75,3,21,105,may concern package returned sender mistake waiting,105,7
TKT-2182,"Hi, Does the product support integration with Salesforce I have been waiting for a while now.",Product Information,Medium,Email,Negative,Pending,1.37,3.97,3,16,93,product support integration salesforce waiting,93,5
TKT-2183,"Hi team, My data is not syncing across devices properly Please let me know what steps I should take.",Technical Support,Medium,Chat,Negative,Resolved,6.09,7.09,4,19,100,team data syncing across device properly please let know step take,100,11
TKT-2184,"To whom it may concern, I need to change the email address on my account",Account Management,Critical,Chat,Negative,Resolved,1.88,3.63,3,15,72,may concern need change email address account,72,7
TKT-2185,"To whom it may concern, What is the data retention policy for your service Please let me know what steps I should take.",Product Information,Low,Phone,Negative,Escalated,1.77,16.88,2,23,119,may concern data retention policy service please let know step take,119,11
TKT-2186,"Hello, Can I use the product offline without internet connection Looking forward to your prompt response.",Product Information,High,Email,Negative,Resolved,7.05,25.68,4,16,105,hello use product offline without internet connection looking forward prompt response,105,11
TKT-2187,"Hello, I need a prepaid return label for my item Please let me know what steps I should take.",Returns & Refunds,High,Email,Neutral,Resolved,0.79,5.73,4,19,93,hello need prepaid return label item please let know step take,93,11
TKT-2188,"Good day, The software is not compatible with my operating system Please let me know what steps I should take.",Technical Support,Medium,Email,Neutral,Resolved,11.15,29.28,4,20,110,good day software compatible operating system please let know step take,110,11
TKT-2189,"Hello, The replacement item also arrived damaged I need urgent assistance with this.",Returns & Refunds,High,Chat,Negative,Pending,0.56,14.86,2,13,84,hello replacement item also arrived damaged need urgent assistance,84,9
TKT-2190,"Hi, I need a copy of my tax invoice for last year Thank you for your help.",Billing & Payments,Medium,Email,Positive,Pending,28.01,99.89,3,17,74,need copy tax invoice last year thank help,74,8
TKT-2191,"Hi, I want to change the delivery address for my order Please let me know what steps I should take.",Shipping & Delivery,High,Chat,Negative,Pending,6.16,13.61,4,20,99,want change delivery address order please let know step take,99,10
TKT-2192,"Dear team, The delivery estimate keeps getting pushed further Looking forward to your prompt response.",Shipping & Delivery,Medium,Phone,Neutral,Pending,9.7,16.84,3,15,102,dear team delivery estimate keep getting pushed looking forward prompt response,102,11
TKT-2193,"Good day, I cannot verify my email address with the link sent Please let me know what steps I should take.",Account Management,Critical,Email,Negative,Pending,0.63,3.75,4,21,106,good day cannot verify email address link sent please let know step take,106,13
TKT-2194,Error message appears every time I try to save I need urgent assistance with this.,Technical Support,Low,Email,Negative,Resolved,9.16,33.0,4,15,82,error message appears every time try save need urgent assistance,82,10
TKT-2195,How many users can I add under a single license Please help me resolve this as soon as possible.,Product Information,Low,Email,Neutral,Pending,6.38,49.87,3,19,96,many user add single license please help resolve soon possible,96,10
TKT-2196,"Dear Support, How do I initiate a return for an online purchase Looking forward to your prompt response.",Returns & Refunds,High,Chat,Neutral,Pending,0.5,2.54,3,18,104,dear support initiate return online purchase looking forward prompt response,104,10
TKT-2197,"Dear Support, Does the product support integration with Salesforce Looking forward to your prompt response.",Product Information,Medium,Chat,Negative,Resolved,2.25,11.51,4,15,107,dear support product support integration salesforce looking forward prompt response,107,9
TKT-2198,"Dear team, My store credit was not applied to my account I have been waiting for a while now.",Returns & Refunds,Medium,Phone,Negative,Resolved,22.97,33.71,4,19,93,dear team store credit applied account waiting,93,7
TKT-2199,"Dear team, Why was my card declined when making a payment This is affecting my work significantly.",Billing & Payments,Critical,Email,Neutral,Resolved,0.93,1.93,5,17,98,dear team card declined making payment affecting work significantly,98,9
TKT-2200,"To whom it may concern, I cannot find my billing history on the portal This is affecting my work significantly.",Billing & Payments,High,Chat,Negative,Pending,2.39,25.85,4,20,111,may concern cannot find billing history portal affecting work significantly,111,10
TKT-2201,"Good day, I want to upgrade my plan but billing is confusing I have been waiting for a while now.",Billing & Payments,Medium,Chat,Negative,Resolved,7.27,15.73,3,20,97,good day want upgrade plan billing confusing waiting,97,8
TKT-2202,"Dear team, What is the data retention policy for your service Please help me resolve this as soon as possible.",Product Information,Low,Chat,Negative,Resolved,94.68,125.73,4,20,110,dear team data retention policy service please help resolve soon possible,110,11
TKT-2203,"To whom it may concern, I want to upgrade my plan but billing is confusing I need urgent assistance with this.",Billing & Payments,Low,Chat,Positive,Pending,34.32,46.01,3,21,110,may concern want upgrade plan billing confusing need urgent assistance,110,10
TKT-2204,"Hi there, Please process my refund to the original payment method Please let me know what steps I should take.",Returns & Refunds,Low,Email,Neutral,Resolved,8.88,17.83,5,20,110,please process refund original payment method please let know step take,110,10
TKT-2205,"Dear Support, The delivery estimate keeps getting pushed further Thank you for your help.",Shipping & Delivery,Medium,Chat,Positive,Resolved,0.79,72.21,5,14,89,dear support delivery estimate keep getting pushed thank help,89,9
TKT-2206,"To whom it may concern, The return window has passed but the item is broken I need urgent assistance with this.",Returns & Refunds,Low,Chat,Neutral,Resolved,12.82,35.49,4,21,111,may concern return window passed item broken need urgent assistance,111,10
TKT-2207,"Hi team, My order was marked delivered but I did not receive it This is affecting my work significantly.",Shipping & Delivery,Medium,Phone,Neutral,Resolved,9.99,80.43,3,19,104,team order marked delivered receive affecting work significantly,104,8
TKT-2208,"To whom it may concern, Can I expedite the shipping on my recent order I have been waiting for a while now.",Shipping & Delivery,High,Phone,Negative,Resolved,2.33,37.13,3,22,107,may concern expedite shipping recent order waiting,107,7
TKT-2209,"Hi, What is the data retention policy for your service Looking forward to your prompt response.",Product Information,Medium,Email,Neutral,Escalated,39.3,122.73,1,16,95,data retention policy service looking forward prompt response,95,8
TKT-2210,"Good day, Does the product support integration with Salesforce I need urgent assistance with this.",Product Information,High,Chat,Negative,Resolved,2.94,7.13,3,15,98,good day product support integration salesforce need urgent assistance,98,9
TKT-2211,"Hi there, I need to schedule a redelivery for my parcel This is affecting my work significantly.",Shipping & Delivery,Low,Email,Neutral,Resolved,49.57,137.45,3,17,96,need schedule redelivery parcel affecting work significantly,96,7
TKT-2212,"Dear Support, The website is showing a 500 internal server error I have been waiting for a while now.",Technical Support,Medium,Email,Negative,Escalated,3.42,98.03,3,19,101,dear support website showing internal server error waiting,101,8
TKT-2213,"Hello, The courier left my package in the wrong location This is affecting my work significantly.",Shipping & Delivery,High,Chat,Negative,Resolved,1.05,3.45,5,16,97,hello courier left package wrong location affecting work significantly,97,9
TKT-2214,"Hello, How many users can I add under a single license",Product Information,Low,Email,Neutral,Escalated,91.59,463.49,2,11,54,hello many user add single license,54,6
TKT-2215,"Dear team, I sent the return package but got no confirmation This is affecting my work significantly.",Returns & Refunds,Low,Email,Neutral,Resolved,7.91,265.94,3,17,101,dear team sent return package got confirmation affecting work significantly,101,10
TKT-2216,"Hi team, The tracking number provided is not working Please help me resolve this as soon as possible.",Shipping & Delivery,High,Web Form,Positive,Resolved,1.36,3.82,5,18,101,team tracking number provided working please help resolve soon possible,101,10
TKT-2217,"Dear Support, The application keeps crashing when I open it Looking forward to your prompt response.",Technical Support,High,Email,Negative,Resolved,12.49,43.3,4,16,100,dear support application keep crashing open looking forward prompt response,100,10
TKT-2218,Dashboard is not loading any data for me Please help me resolve this as soon as possible.,Technical Support,High,Email,Neutral,Resolved,2.22,11.47,3,17,89,dashboard loading data please help resolve soon possible,89,8
TKT-2219,"Hi, The tracking number provided is not working Looking forward to your prompt response.",Shipping & Delivery,Medium,Chat,Negative,Pending,28.84,29.84,3,14,88,tracking number provided working looking forward prompt response,88,8
TKT-2220,I need to change the email address on my account Thank you for your help.,Account Management,High,Email,Negative,Resolved,8.74,16.38,5,15,73,need change email address account thank help,73,7
TKT-2221,"Hi, My package was returned to sender by mistake Please let me know what steps I should take.",Shipping & Delivery,Medium,Phone,Negative,Pending,6.09,32.04,4,18,93,package returned sender mistake please let know step take,93,9
TKT-2222,"Dear team, Why was my card declined when making a payment",Billing & Payments,Medium,Web Form,Neutral,Resolved,1.15,38.76,4,11,57,dear team card declined making payment,57,6
TKT-2223,"Good day, Does the product support integration with Salesforce Thank you for your help.",Product Information,Medium,Chat,Negative,Resolved,17.74,81.16,3,14,87,good day product support integration salesforce thank help,87,8
TKT-2224,"Dear Support, The tracking number provided is not working Please let me know what steps I should take.",Shipping & Delivery,High,Chat,Negative,Pending,3.12,33.29,4,18,102,dear support tracking number provided working please let know step take,102,11
TKT-2225,"To whom it may concern, The export function produces corrupt files",Technical Support,Medium,Chat,Neutral,Resolved,4.06,15.32,5,11,66,may concern export function produce corrupt file,66,7
TKT-2226,"Hello, My package was returned to sender by mistake This is affecting my work significantly.",Shipping & Delivery,Low,Email,Negative,Resolved,1.52,24.18,5,15,92,hello package returned sender mistake affecting work significantly,92,8
TKT-2227,"Dear Support, Does your product comply with GDPR regulations I need urgent assistance with this.",Product Information,High,Chat,Neutral,Resolved,8.27,25.54,4,15,96,dear support product comply gdpr regulation need urgent assistance,96,9
TKT-2228,Why was my card declined when making a payment Thank you for your help.,Billing & Payments,Medium,Chat,Negative,Resolved,28.53,77.07,4,14,71,card declined making payment thank help,71,6
TKT-2229,"Hello, I cannot install the application on my laptop Looking forward to your prompt response.",Technical Support,Medium,Phone,Neutral,Resolved,6.5,51.59,5,15,93,hello cannot install application laptop looking forward prompt response,93,9
TKT-2230,"Hi, Do you offer any educational or nonprofit discounts I need urgent assistance with this.",Product Information,Low,Phone,Neutral,Resolved,6.9,80.51,5,15,91,offer educational nonprofit discount need urgent assistance,91,7
TKT-2231,"Dear Support, My promo code is not being applied to my bill Please help me resolve this as soon as possible.",Billing & Payments,Medium,Email,Negative,Escalated,3.18,111.3,3,21,108,dear support promo code applied bill please help resolve soon possible,108,11
TKT-2232,"Hi team, The replacement item also arrived damaged Thank you for your help.",Returns & Refunds,Low,Web Form,Positive,Resolved,4.76,55.04,5,13,75,team replacement item also arrived damaged thank help,75,8
TKT-2233,I forgot my password and need to reset it Thank you for your help.,Account Management,Low,Web Form,Negative,Resolved,8.0,91.58,5,14,66,forgot password need reset thank help,66,6
TKT-2234,"Hi team, Error message appears every time I try to save I have been waiting for a while now.",Technical Support,Low,Email,Positive,Resolved,39.73,155.74,4,19,92,team error message appears every time try save waiting,92,9
TKT-2235,"Hello, The courier left my package in the wrong location Thank you for your help.",Shipping & Delivery,Medium,Chat,Negative,Pending,3.87,14.95,3,15,81,hello courier left package wrong location thank help,81,8
TKT-2236,"Dear team, The mobile app is very slow and unresponsive This is affecting my work significantly.",Technical Support,Medium,Phone,Neutral,Resolved,2.89,10.78,4,16,96,dear team mobile app slow unresponsive affecting work significantly,96,9
TKT-2237,I cannot find my billing history on the portal Thank you for your help.,Billing & Payments,Low,Chat,Negative,Resolved,18.49,34.87,3,14,71,cannot find billing history portal thank help,71,7
TKT-2238,"Hi, My account has been locked and I cannot access it Please help me resolve this as soon as possible.",Account Management,High,Email,Neutral,Resolved,2.76,12.45,4,20,102,account locked cannot access please help resolve soon possible,102,9
TKT-2239,"Hello, The delivery estimate keeps getting pushed further Please help me resolve this as soon as possible.",Shipping & Delivery,High,Phone,Neutral,Resolved,11.76,13.52,4,17,106,hello delivery estimate keep getting pushed please help resolve soon possible,106,11
TKT-2240,"Good day, What languages does your platform currently support I have been waiting for a while now.",Product Information,Low,Email,Positive,Resolved,29.7,84.64,3,17,98,good day language platform currently support waiting,98,7
TKT-2241,"Hello, How many users can I add under a single license Looking forward to your prompt response.",Product Information,Low,Chat,Negative,Resolved,9.86,73.27,4,17,95,hello many user add single license looking forward prompt response,95,10
TKT-2242,"Hi there, What languages does your platform currently support Please let me know what steps I should take.",Product Information,Low,Chat,Neutral,Resolved,25.77,47.82,3,18,106,language platform currently support please let know step take,106,9
TKT-2243,"To whom it may concern, Can I expedite the shipping on my recent order Please let me know what steps I should take.",Shipping & Delivery,Medium,Chat,Negative,Escalated,7.65,38.31,3,23,115,may concern expedite shipping recent order please let know step take,115,11
TKT-2244,"Good day, The return window has passed but the item is broken Thank you for your help.",Returns & Refunds,High,Email,Neutral,Resolved,2.81,19.16,4,17,86,good day return window passed item broken thank help,86,9
TKT-2245,"Dear team, The delivery estimate keeps getting pushed further Looking forward to your prompt response.",Shipping & Delivery,Low,Email,Negative,Pending,26.18,66.23,4,15,102,dear team delivery estimate keep getting pushed looking forward prompt response,102,11
TKT-2246,I need to transfer my account to another user,Account Management,High,Web Form,Negative,Pending,2.74,7.25,3,9,45,need transfer account another user,45,5
TKT-2247,"To whom it may concern, I want to merge two accounts into one Thank you for your help.",Account Management,Low,Phone,Neutral,Pending,12.41,29.82,2,18,86,may concern want merge two account one thank help,86,9
TKT-2248,"Hello, My refund has not been processed after two weeks This is affecting my work significantly.",Returns & Refunds,Low,Email,Neutral,Pending,14.53,49.63,4,16,96,hello refund processed two week affecting work significantly,96,8
TKT-2249,"Dear Support, Is there an API available for custom integrations I need urgent assistance with this.",Product Information,Medium,Chat,Positive,Resolved,10.98,30.51,4,16,99,dear support api available custom integration need urgent assistance,99,9
TKT-2250,"Hi team, The software is not compatible with my operating system I have been waiting for a while now.",Technical Support,Low,Email,Negative,Resolved,2.63,12.13,3,19,101,team software compatible operating system waiting,101,6
TKT-2251,"Hi, My package was returned to sender by mistake Looking forward to your prompt response.",Shipping & Delivery,Medium,Email,Neutral,Resolved,37.99,107.42,4,15,89,package returned sender mistake looking forward prompt response,89,8
TKT-2252,"Hi, What languages does your platform currently support I need urgent assistance with this.",Product Information,Medium,Email,Neutral,Resolved,13.35,40.01,5,14,91,language platform currently support need urgent assistance,91,7
TKT-2253,"Hi team, Error message appears every time I try to save I need urgent assistance with this.",Technical Support,Low,Email,Negative,Pending,12.2,25.63,2,17,91,team error message appears every time try save need urgent assistance,91,11
TKT-2254,"Good day, I cannot find my billing history on the portal I have been waiting for a while now.",Billing & Payments,Low,Web Form,Negative,Resolved,3.24,265.17,4,19,93,good day cannot find billing history portal waiting,93,8
TKT-2255,"Hi, The payment gateway keeps showing an error Thank you for your help.",Billing & Payments,High,Web Form,Neutral,Resolved,1.48,14.38,4,13,71,payment gateway keep showing error thank help,71,7
TKT-2256,Do you offer any educational or nonprofit discounts Please let me know what steps I should take.,Product Information,Medium,Email,Neutral,Pending,13.24,94.65,2,17,96,offer educational nonprofit discount please let know step take,96,9
TKT-2257,"Hi, I need a prepaid return label for my item Looking forward to your prompt response.",Returns & Refunds,Low,Chat,Negative,Resolved,3.54,54.42,3,16,86,need prepaid return label item looking forward prompt response,86,9
TKT-2258,"Dear team, I sent the return package but got no confirmation Please help me resolve this as soon as possible.",Returns & Refunds,Medium,Chat,Negative,Resolved,57.96,99.74,5,20,109,dear team sent return package got confirmation please help resolve soon possible,109,12
TKT-2259,Dashboard is not loading any data for me Please let me know what steps I should take.,Technical Support,Medium,Email,Negative,Resolved,2.72,21.23,5,17,85,dashboard loading data please let know step take,85,8
TKT-2260,The application keeps crashing when I open it This is affecting my work significantly.,Technical Support,Medium,Chat,Negative,Pending,5.3,36.28,2,14,86,application keep crashing open affecting work significantly,86,7
TKT-2261,"Hi, The tracking number provided is not working I have been waiting for a while now.",Shipping & Delivery,Low,Email,Negative,Resolved,50.59,76.46,5,16,84,tracking number provided working waiting,84,5
TKT-2262,"Hi, Dashboard is not loading any data for me Looking forward to your prompt response.",Technical Support,Medium,Email,Neutral,Resolved,6.35,52.23,4,15,85,dashboard loading data looking forward prompt response,85,7
TKT-2263,"Hi team, I cannot find my billing history on the portal I have been waiting for a while now.",Billing & Payments,Critical,Chat,Positive,Resolved,2.53,3.53,4,19,92,team cannot find billing history portal waiting,92,7
TKT-2264,"Hi team, The return window has passed but the item is broken This is affecting my work significantly.",Returns & Refunds,High,Email,Neutral,Pending,5.27,37.73,3,18,101,team return window passed item broken affecting work significantly,101,9
TKT-2265,"Hello, My order has not arrived yet and it is overdue I need urgent assistance with this.",Shipping & Delivery,Medium,Chat,Positive,Escalated,0.5,42.64,1,17,89,hello order arrived yet overdue need urgent assistance,89,8
TKT-2266,My order was marked delivered but I did not receive it I have been waiting for a while now.,Shipping & Delivery,Low,Chat,Neutral,Resolved,23.35,74.09,5,19,91,order marked delivered receive waiting,91,5
TKT-2267,"Good day, I want to merge two accounts into one This is affecting my work significantly.",Account Management,High,Phone,Negative,Resolved,2.17,12.17,5,16,88,good day want merge two account one affecting work significantly,88,10
TKT-2268,"Hi, Does your product comply with GDPR regulations Please let me know what steps I should take.",Product Information,Medium,Phone,Negative,Resolved,0.5,93.58,3,17,95,product comply gdpr regulation please let know step take,95,9
TKT-2269,The feature stopped working after the last update I need urgent assistance with this.,Technical Support,Low,Email,Neutral,Resolved,21.11,63.24,3,14,85,feature stopped working last update need urgent assistance,85,8
TKT-2270,I received a damaged item in my shipment Please let me know what steps I should take.,Shipping & Delivery,Medium,Phone,Negative,Pending,14.37,27.78,2,17,85,received damaged item shipment please let know step take,85,9
TKT-2271,Please help me delete my account permanently Please let me know what steps I should take.,Account Management,Low,Chat,Negative,Escalated,0.5,11.36,1,16,89,please help delete account permanently please let know step take,89,9
TKT-2272,"Hi there, My package was returned to sender by mistake",Shipping & Delivery,Medium,Chat,Positive,Escalated,29.24,83.84,2,10,54,package returned sender mistake,54,4
TKT-2273,"Dear team, Do you offer any educational or nonprofit discounts This is affecting my work significantly.",Product Information,Medium,Chat,Negative,Resolved,9.68,164.44,5,16,103,dear team offer educational nonprofit discount affecting work significantly,103,9
TKT-2274,"Dear team, My account shows wrong subscription plan Please help me resolve this as soon as possible.",Account Management,High,Email,Negative,Resolved,2.64,11.3,5,17,100,dear team account show wrong subscription plan please help resolve soon possible,100,12
TKT-2275,"Hi there, Can you explain the difference between basic and pro I need urgent assistance with this.",Product Information,Medium,Email,Negative,Resolved,11.46,74.84,3,17,98,explain difference basic pro need urgent assistance,98,7
TKT-2276,"Good day, What languages does your platform currently support This is affecting my work significantly.",Product Information,Medium,Email,Negative,Resolved,46.98,64.99,4,15,102,good day language platform currently support affecting work significantly,102,9
TKT-2277,"To whom it may concern, I cannot verify my email address with the link sent Please help me resolve this as soon as possible.",Account Management,Low,Chat,Negative,Resolved,2.21,163.49,4,24,124,may concern cannot verify email address link sent please help resolve soon possible,124,13
TKT-2278,"Good day, I was denied a refund but the product is faulty Please let me know what steps I should take.",Returns & Refunds,Medium,Web Form,Neutral,Resolved,31.79,44.8,5,21,102,good day denied refund product faulty please let know step take,102,11
TKT-2279,"To whom it may concern, I was billed after cancelling my account I need urgent assistance with this.",Billing & Payments,High,Chat,Negative,Resolved,1.28,22.14,3,18,100,may concern billed cancelling account need urgent assistance,100,8
TKT-2280,"Dear team, The tracking number provided is not working I have been waiting for a while now.",Shipping & Delivery,Medium,Chat,Neutral,Resolved,22.88,56.71,5,17,91,dear team tracking number provided working waiting,91,7
TKT-2281,"Hi there, My account has been locked and I cannot access it Looking forward to your prompt response.",Account Management,Low,Email,Negative,Resolved,19.53,97.53,4,18,100,account locked cannot access looking forward prompt response,100,8
TKT-2282,"Good day, The replacement item also arrived damaged",Returns & Refunds,High,Email,Negative,Resolved,3.63,7.49,3,8,51,good day replacement item also arrived damaged,51,7
TKT-2283,"Good day, How do I initiate a return for an online purchase This is affecting my work significantly.",Returns & Refunds,Medium,Phone,Negative,Resolved,12.39,26.96,5,18,100,good day initiate return online purchase affecting work significantly,100,9
TKT-2284,"Good day, My account has been locked and I cannot access it This is affecting my work significantly.",Account Management,Medium,Email,Negative,Resolved,14.31,31.29,5,18,100,good day account locked cannot access affecting work significantly,100,9
TKT-2285,"To whom it may concern, I cannot install the application on my laptop Looking forward to your prompt response.",Technical Support,High,Email,Negative,Resolved,1.66,9.43,4,19,110,may concern cannot install application laptop looking forward prompt response,110,10
TKT-2286,"Hello, My invoice shows incorrect amount, please fix it",Billing & Payments,Medium,Email,Neutral,Escalated,32.25,120.4,2,9,55,hello invoice show incorrect amount please fix,55,7
TKT-2287,My order has not arrived yet and it is overdue Please help me resolve this as soon as possible.,Shipping & Delivery,High,Email,Neutral,Resolved,1.43,11.79,4,19,95,order arrived yet overdue please help resolve soon possible,95,9
TKT-2288,"To whom it may concern, How many users can I add under a single license",Product Information,Medium,Email,Neutral,Resolved,0.64,11.17,3,15,71,may concern many user add single license,71,7
TKT-2289,"Dear team, My order was marked delivered but I did not receive it Looking forward to your prompt response.",Shipping & Delivery,Low,Phone,Negative,Resolved,7.64,155.39,4,19,106,dear team order marked delivered receive looking forward prompt response,106,10
TKT-2290,"Hi team, My order was marked delivered but I did not receive it This is affecting my work significantly.",Shipping & Delivery,Medium,Chat,Negative,Resolved,1.46,210.48,4,19,104,team order marked delivered receive affecting work significantly,104,8
TKT-2291,"Hi, The tracking number provided is not working Thank you for your help.",Shipping & Delivery,Medium,Phone,Negative,Resolved,7.27,53.04,3,13,72,tracking number provided working thank help,72,6
TKT-2292,"Hi, Can I use the product offline without internet connection I have been waiting for a while now.",Product Information,High,Email,Negative,Resolved,1.52,46.31,4,18,98,use product offline without internet connection waiting,98,7
TKT-2293,"Dear Support, What languages does your platform currently support",Product Information,Medium,Chat,Positive,Resolved,36.72,62.9,5,9,65,dear support language platform currently support,65,5
TKT-2294,Subscription fee was deducted twice this month,Billing & Payments,Medium,Chat,Positive,Resolved,36.09,106.65,4,7,46,subscription fee deducted twice month,46,5
TKT-2295,"Hi, My profile picture is not updating correctly Please help me resolve this as soon as possible.",Account Management,Low,Web Form,Neutral,Escalated,35.79,71.7,2,17,97,profile picture updating correctly please help resolve soon possible,97,9
TKT-2296,"Hi team, How do I initiate a return for an online purchase I need urgent assistance with this.",Returns & Refunds,Medium,Email,Neutral,Resolved,1.7,80.06,5,18,94,team initiate return online purchase need urgent assistance,94,8
TKT-2297,"Hi there, Please update my personal information in the system Looking forward to your prompt response.",Account Management,Medium,Phone,Negative,Resolved,18.4,70.27,5,16,102,please update personal information system looking forward prompt response,102,9
TKT-2298,"Good day, My order was marked delivered but I did not receive it Please let me know what steps I should take.",Shipping & Delivery,Low,Email,Neutral,Resolved,33.75,62.52,3,22,109,good day order marked delivered receive please let know step take,109,11
TKT-2299,"To whom it may concern, Do you offer any educational or nonprofit discounts I have been waiting for a while now.",Product Information,Medium,Chat,Negative,Resolved,6.81,9.46,4,21,112,may concern offer educational nonprofit discount waiting,112,7
TKT-2300,"Hi team, Error message appears every time I try to save This is affecting my work significantly.",Technical Support,High,Email,Negative,Pending,0.5,33.59,2,17,96,team error message appears every time try save affecting work significantly,96,11
TKT-2301,"To whom it may concern, Is there an API available for custom integrations I have been waiting for a while now.",Product Information,Medium,Phone,Negative,Resolved,1.75,14.14,3,21,110,may concern api available custom integration waiting,110,7
TKT-2302,"Dear team, Is there a free trial available for your enterprise plan Looking forward to your prompt response.",Product Information,High,Web Form,Neutral,Pending,3.0,12.32,3,18,108,dear team free trial available enterprise plan looking forward prompt response,108,11
TKT-2303,"Good day, The tracking number provided is not working I need urgent assistance with this.",Shipping & Delivery,Medium,Web Form,Neutral,Resolved,33.32,104.66,5,15,89,good day tracking number provided working need urgent assistance,89,9
TKT-2304,"Good day, I was denied a refund but the product is faulty Thank you for your help.",Returns & Refunds,Medium,Chat,Negative,Pending,39.17,58.52,3,17,82,good day denied refund product faulty thank help,82,8
TKT-2305,"Dear Support, What are the system requirements for your software Looking forward to your prompt response.",Product Information,High,Phone,Negative,Resolved,2.94,6.7,5,16,105,dear support system requirement software looking forward prompt response,105,9
TKT-2306,"Dear Support, What features are included in the premium plan Thank you for your help.",Product Information,Medium,Chat,Negative,Resolved,11.53,30.21,3,15,85,dear support feature included premium plan thank help,85,8
TKT-2307,Does the product support integration with Salesforce I have been waiting for a while now.,Product Information,Critical,Chat,Negative,Pending,0.5,2.07,3,15,89,product support integration salesforce waiting,89,5
TKT-2308,"Hi there, Is there a free trial available for your enterprise plan Please help me resolve this as soon as possible.",Product Information,Medium,Email,Negative,Resolved,8.22,14.89,3,21,115,free trial available enterprise plan please help resolve soon possible,115,10
TKT-2309,"Dear Support, Can you explain the difference between basic and pro Please help me resolve this as soon as possible.",Product Information,Critical,Chat,Negative,Pending,2.4,5.44,3,20,115,dear support explain difference basic pro please help resolve soon possible,115,11
TKT-2310,"Dear team, The mobile app is very slow and unresponsive I need urgent assistance with this.",Technical Support,Medium,Web Form,Negative,Pending,2.27,13.64,2,16,91,dear team mobile app slow unresponsive need urgent assistance,91,9
TKT-2311,"To whom it may concern, Is there an API available for custom integrations Please let me know what steps I should take.",Product Information,Low,Email,Negative,Resolved,7.68,23.74,4,22,118,may concern api available custom integration please let know step take,118,11
TKT-2312,Please update my personal information in the system Please let me know what steps I should take.,Account Management,High,Chat,Negative,Resolved,2.1,3.55,5,17,96,please update personal information system please let know step take,96,9
TKT-2313,"Hi team, I forgot my password and need to reset it I need urgent assistance with this.",Account Management,High,Email,Negative,Pending,12.31,32.51,4,17,86,team forgot password need reset need urgent assistance,86,7
TKT-2314,"Good day, I want to change my username on the platform Looking forward to your prompt response.",Account Management,Low,Phone,Negative,Pending,2.35,99.0,4,17,95,good day want change username platform looking forward prompt response,95,10
TKT-2315,"To whom it may concern, Please update my personal information in the system",Account Management,Medium,Chat,Negative,Escalated,10.97,34.26,3,13,75,may concern please update personal information system,75,7
TKT-2316,"Hello, I sent the return package but got no confirmation Thank you for your help.",Returns & Refunds,Low,Phone,Negative,Pending,20.99,193.5,4,15,81,hello sent return package got confirmation thank help,81,8
TKT-2317,"Dear team, My order was marked delivered but I did not receive it Looking forward to your prompt response.",Shipping & Delivery,Low,Email,Neutral,Resolved,18.47,192.48,5,19,106,dear team order marked delivered receive looking forward prompt response,106,10
TKT-2318,"To whom it may concern, Dashboard is not loading any data for me Thank you for your help.",Technical Support,Low,Chat,Positive,Resolved,7.43,172.83,5,18,89,may concern dashboard loading data thank help,89,7
TKT-2319,"Hi team, I need a prepaid return label for my item I need urgent assistance with this.",Returns & Refunds,Medium,Phone,Negative,Resolved,7.75,12.46,5,17,86,team need prepaid return label item need urgent assistance,86,8
TKT-2320,"To whom it may concern, I need a refund for the payment made last week This is affecting my work significantly.",Billing & Payments,Medium,Email,Negative,Resolved,1.27,25.95,5,21,111,may concern need refund payment made last week affecting work significantly,111,11
TKT-2321,"Hi there, Please update my personal information in the system Please let me know what steps I should take.",Account Management,Medium,Phone,Negative,Pending,8.14,96.84,3,19,106,please update personal information system please let know step take,106,9
TKT-2322,"Hi team, I need to schedule a redelivery for my parcel Please let me know what steps I should take.",Shipping & Delivery,Medium,Email,Neutral,Resolved,12.05,22.33,4,20,99,team need schedule redelivery parcel please let know step take,99,10
TKT-2323,How many users can I add under a single license,Product Information,High,Email,Neutral,Resolved,5.96,7.63,4,10,47,many user add single license,47,5
TKT-2324,"Dear Support, Does the product support integration with Salesforce Please help me resolve this as soon as possible.",Product Information,Medium,Phone,Negative,Resolved,0.55,13.21,4,18,115,dear support product support integration salesforce please help resolve soon possible,115,10
TKT-2325,"Good day, The export function produces corrupt files Please let me know what steps I should take.",Technical Support,Low,Chat,Neutral,Resolved,26.15,60.7,5,17,97,good day export function produce corrupt file please let know step take,97,12
TKT-2326,"Hello, My store credit was not applied to my account This is affecting my work significantly.",Returns & Refunds,Medium,Email,Neutral,Resolved,1.0,20.48,5,16,93,hello store credit applied account affecting work significantly,93,8
TKT-2327,"Hello, The feature stopped working after the last update I need urgent assistance with this.",Technical Support,High,Phone,Positive,Pending,3.78,24.37,3,15,92,hello feature stopped working last update need urgent assistance,92,9
TKT-2328,My promo code is not being applied to my bill Please help me resolve this as soon as possible.,Billing & Payments,Low,Chat,Negative,Resolved,19.98,233.83,5,19,94,promo code applied bill please help resolve soon possible,94,9
TKT-2329,I was billed after cancelling my account I need urgent assistance with this.,Billing & Payments,High,Email,Negative,Escalated,1.23,9.43,3,13,76,billed cancelling account need urgent assistance,76,6
TKT-2330,"Dear Support, I cannot find my billing history on the portal I need urgent assistance with this.",Billing & Payments,Medium,Email,Negative,Resolved,15.79,22.27,4,17,96,dear support cannot find billing history portal need urgent assistance,96,10
TKT-2331,"Hi there, The return window has passed but the item is broken This is affecting my work significantly.",Returns & Refunds,Low,Chat,Neutral,Pending,19.45,27.03,4,18,102,return window passed item broken affecting work significantly,102,8
TKT-2332,"Hi there, The export function produces corrupt files",Technical Support,Medium,Email,Negative,Pending,25.92,60.4,3,8,52,export function produce corrupt file,52,5
TKT-2333,"Dear Support, My refund has not been processed after two weeks Looking forward to your prompt response.",Returns & Refunds,Low,Email,Negative,Pending,9.89,129.34,3,17,103,dear support refund processed two week looking forward prompt response,103,10
TKT-2334,"To whom it may concern, I was charged twice for my subscription this month I have been waiting for a while now.",Billing & Payments,High,Chat,Neutral,Pending,0.95,12.97,4,22,111,may concern charged twice subscription month waiting,111,7
TKT-2335,What is the data retention policy for your service Please let me know what steps I should take.,Product Information,Medium,Chat,Neutral,Pending,22.25,73.89,2,18,95,data retention policy service please let know step take,95,9
TKT-2336,"Dear Support, I received the wrong item in my package Looking forward to your prompt response.",Shipping & Delivery,Critical,Phone,Negative,Pending,1.94,2.94,2,16,94,dear support received wrong item package looking forward prompt response,94,10
TKT-2337,"Dear team, My package was returned to sender by mistake Thank you for your help.",Shipping & Delivery,High,Phone,Neutral,Resolved,7.22,9.35,5,15,80,dear team package returned sender mistake thank help,80,8
TKT-2338,I need to schedule a redelivery for my parcel Please let me know what steps I should take.,Shipping & Delivery,Medium,Chat,Negative,Pending,2.59,14.66,3,18,90,need schedule redelivery parcel please let know step take,90,9
TKT-2339,My account shows wrong subscription plan This is affecting my work significantly.,Account Management,Medium,Chat,Negative,Pending,18.21,25.88,2,12,81,account show wrong subscription plan affecting work significantly,81,8
TKT-2340,"Hi there, My promo code is not being applied to my bill I have been waiting for a while now.",Billing & Payments,High,Phone,Positive,Resolved,2.11,27.19,4,20,92,promo code applied bill waiting,92,5
TKT-2341,"Dear Support, Is there a free trial available for your enterprise plan Please let me know what steps I should take.",Product Information,Low,Chat,Neutral,Resolved,18.37,169.02,5,21,115,dear support free trial available enterprise plan please let know step take,115,12
TKT-2342,I was charged twice for my subscription this month Looking forward to your prompt response.,Billing & Payments,Low,Web Form,Neutral,Resolved,158.01,177.34,5,15,91,charged twice subscription month looking forward prompt response,91,8
TKT-2343,"Dear team, I want to merge two accounts into one Please help me resolve this as soon as possible.",Account Management,Medium,Chat,Positive,Resolved,8.04,9.04,5,19,97,dear team want merge two account one please help resolve soon possible,97,12
TKT-2344,"Dear team, I sent the return package but got no confirmation Please let me know what steps I should take.",Returns & Refunds,Low,Email,Negative,Resolved,12.55,31.58,4,20,105,dear team sent return package got confirmation please let know step take,105,12
TKT-2345,"Hi there, I was billed after cancelling my account This is affecting my work significantly.",Billing & Payments,Low,Phone,Negative,Resolved,33.65,42.07,4,15,91,billed cancelling account affecting work significantly,91,6
TKT-2346,"To whom it may concern, I need a copy of my tax invoice for last year This is affecting my work significantly.",Billing & Payments,Low,Chat,Negative,Resolved,17.49,203.37,4,22,110,may concern need copy tax invoice last year affecting work significantly,110,11
TKT-2347,"Hi team, Can I use the product offline without internet connection Thank you for your help.",Product Information,Medium,Phone,Neutral,Escalated,4.03,70.97,1,16,91,team use product offline without internet connection thank help,91,9
TKT-2348,"Hi team, The website is showing a 500 internal server error Thank you for your help.",Technical Support,High,Phone,Negative,Resolved,1.37,5.61,4,16,84,team website showing internal server error thank help,84,8
TKT-2349,"Hello, The mobile app is very slow and unresponsive Thank you for your help.",Technical Support,High,Phone,Neutral,Resolved,0.75,2.08,4,14,76,hello mobile app slow unresponsive thank help,76,7
TKT-2350,How do I initiate a return for an online purchase Please let me know what steps I should take.,Returns & Refunds,Medium,Web Form,Neutral,Resolved,15.11,29.16,4,19,94,initiate return online purchase please let know step take,94,9
TKT-2351,I want to change my username on the platform Please let me know what steps I should take.,Account Management,Medium,Email,Negative,Resolved,23.54,34.2,4,18,89,want change username platform please let know step take,89,9
TKT-2352,"Hello, What are the system requirements for your software Looking forward to your prompt response.",Product Information,High,Phone,Negative,Resolved,0.5,16.47,4,15,98,hello system requirement software looking forward prompt response,98,8
TKT-2353,"Hello, The mobile app is very slow and unresponsive",Technical Support,High,Web Form,Negative,Escalated,2.87,8.23,1,9,51,hello mobile app slow unresponsive,51,5
TKT-2354,"Hi there, I received the wrong item in my package",Shipping & Delivery,Medium,Web Form,Negative,Resolved,20.26,159.09,5,10,49,received wrong item package,49,4
TKT-2355,"Hi, I keep getting disconnected from the server Looking forward to your prompt response.",Technical Support,Low,Email,Positive,Resolved,22.86,140.31,5,14,88,keep getting disconnected server looking forward prompt response,88,8
TKT-2356,"Hi, I need a copy of my tax invoice for last year Looking forward to your prompt response.",Billing & Payments,Medium,Email,Positive,Resolved,5.42,30.47,3,18,90,need copy tax invoice last year looking forward prompt response,90,10
TKT-2357,"Hi there, I cannot find my billing history on the portal Looking forward to your prompt response.",Billing & Payments,Medium,Chat,Neutral,Resolved,8.21,28.3,5,17,97,cannot find billing history portal looking forward prompt response,97,9
TKT-2358,"Hi, I sent the return package but got no confirmation This is affecting my work significantly.",Returns & Refunds,Low,Chat,Negative,Pending,63.49,97.67,3,16,94,sent return package got confirmation affecting work significantly,94,8
TKT-2359,"Hi, I need a refund for the payment made last week",Billing & Payments,Low,Email,Negative,Resolved,18.87,73.59,3,11,50,need refund payment made last week,50,6
TKT-2360,"Hi team, I keep getting disconnected from the server Please let me know what steps I should take.",Technical Support,Medium,Chat,Negative,Resolved,15.29,42.43,4,18,97,team keep getting disconnected server please let know step take,97,10
TKT-2361,"Dear team, How many users can I add under a single license Please help me resolve this as soon as possible.",Product Information,Medium,Phone,Negative,Escalated,0.93,23.16,3,21,107,dear team many user add single license please help resolve soon possible,107,12
TKT-2362,"Dear Support, Please help me delete my account permanently Please help me resolve this as soon as possible.",Account Management,Low,Email,Negative,Escalated,65.02,97.51,3,18,107,dear support please help delete account permanently please help resolve soon possible,107,10
TKT-2363,"Hello, I cannot verify my email address with the link sent",Account Management,Medium,Phone,Neutral,Resolved,0.5,32.88,3,11,58,hello cannot verify email address link sent,58,7
TKT-2364,"Hi there, My data is not syncing across devices properly Thank you for your help.",Technical Support,Medium,Email,Neutral,Resolved,1.36,7.03,3,15,81,data syncing across device properly thank help,81,7
TKT-2365,"Good day, My invoice shows incorrect amount, please fix it Thank you for your help.",Billing & Payments,Medium,Web Form,Negative,Resolved,15.86,52.39,5,15,83,good day invoice show incorrect amount please fix thank help,83,10
TKT-2366,"Hi, What are the system requirements for your software This is affecting my work significantly.",Product Information,High,Phone,Positive,Resolved,3.54,25.0,3,15,95,system requirement software affecting work significantly,95,6
TKT-2367,"Hello, Is there an API available for custom integrations This is affecting my work significantly.",Product Information,Medium,Email,Negative,Resolved,11.64,91.43,4,15,97,hello api available custom integration affecting work significantly,97,8
TKT-2368,"Hi there, Does your product comply with GDPR regulations I have been waiting for a while now.",Product Information,High,Email,Neutral,Resolved,0.5,6.24,4,17,93,product comply gdpr regulation waiting,93,5
TKT-2369,"Hi, Dashboard is not loading any data for me I need urgent assistance with this.",Technical Support,High,Email,Negative,Resolved,1.28,10.8,3,15,80,dashboard loading data need urgent assistance,80,6
TKT-2370,"Hi there, My account shows wrong subscription plan This is affecting my work significantly.",Account Management,Low,Email,Negative,Pending,12.52,44.17,3,14,91,account show wrong subscription plan affecting work significantly,91,8
TKT-2371,"Good day, I forgot my password and need to reset it I need urgent assistance with this.",Account Management,Medium,Chat,Positive,Pending,3.66,20.61,3,17,87,good day forgot password need reset need urgent assistance,87,8
TKT-2372,"Hi team, Dashboard is not loading any data for me I have been waiting for a while now.",Technical Support,Medium,Email,Neutral,Resolved,17.77,24.52,3,18,86,team dashboard loading data waiting,86,5
TKT-2373,"Hi there, I need a refund for the payment made last week I need urgent assistance with this.",Billing & Payments,Medium,Chat,Negative,Pending,2.76,50.87,3,18,92,need refund payment made last week need urgent assistance,92,8
TKT-2374,"Hi, What are the system requirements for your software Please help me resolve this as soon as possible.",Product Information,Low,Web Form,Negative,Resolved,47.23,131.07,5,18,103,system requirement software please help resolve soon possible,103,8
TKT-2375,"Dear team, The courier left my package in the wrong location Looking forward to your prompt response.",Shipping & Delivery,High,Email,Neutral,Resolved,1.97,18.21,4,17,101,dear team courier left package wrong location looking forward prompt response,101,11
TKT-2376,"Good day, Please help me delete my account permanently Looking forward to your prompt response.",Account Management,Medium,Email,Negative,Pending,5.84,12.04,3,15,95,good day please help delete account permanently looking forward prompt response,95,11
TKT-2377,"To whom it may concern, Can you explain the difference between basic and pro Please help me resolve this as soon as possible.",Product Information,Low,Email,Negative,Resolved,66.11,67.45,4,23,125,may concern explain difference basic pro please help resolve soon possible,125,11
TKT-2378,"Dear Support, Please update my payment method to a new card I need urgent assistance with this.",Billing & Payments,Low,Email,Neutral,Resolved,3.4,37.4,5,17,95,dear support please update payment method new card need urgent assistance,95,11
TKT-2379,"Good day, Error message appears every time I try to save I have been waiting for a while now.",Technical Support,High,Email,Negative,Resolved,1.35,3.47,4,19,93,good day error message appears every time try save waiting,93,10
TKT-2380,"To whom it may concern, I need to schedule a redelivery for my parcel",Shipping & Delivery,Low,Web Form,Negative,Resolved,5.22,79.12,5,14,69,may concern need schedule redelivery parcel,69,6
TKT-2381,"Hi, How do I initiate a return for an online purchase Thank you for your help.",Returns & Refunds,Medium,Email,Neutral,Resolved,4.37,53.51,3,16,78,initiate return online purchase thank help,78,6
TKT-2382,"Dear Support, My profile picture is not updating correctly Please let me know what steps I should take.",Account Management,Low,Chat,Negative,Pending,28.74,64.09,2,18,103,dear support profile picture updating correctly please let know step take,103,11
TKT-2383,"Dear team, My promo code is not being applied to my bill Please let me know what steps I should take.",Billing & Payments,Medium,Email,Negative,Escalated,8.5,22.86,2,21,101,dear team promo code applied bill please let know step take,101,11
TKT-2384,"Dear team, The courier left my package in the wrong location This is affecting my work significantly.",Shipping & Delivery,Low,Chat,Neutral,Pending,14.37,38.58,2,17,101,dear team courier left package wrong location affecting work significantly,101,10
TKT-2385,The tracking number provided is not working I have been waiting for a while now.,Shipping & Delivery,Medium,Chat,Negative,Escalated,6.0,73.48,1,15,80,tracking number provided working waiting,80,5
TKT-2386,"Dear team, My profile picture is not updating correctly Please let me know what steps I should take.",Account Management,Medium,Chat,Neutral,Pending,19.87,74.5,2,18,100,dear team profile picture updating correctly please let know step take,100,11
TKT-2387,"Dear Support, The delivery estimate keeps getting pushed further I need urgent assistance with this.",Shipping & Delivery,High,Email,Negative,Resolved,0.5,7.69,4,15,100,dear support delivery estimate keep getting pushed need urgent assistance,100,10
TKT-2388,"Dear team, The tracking number provided is not working Please let me know what steps I should take.",Shipping & Delivery,Medium,Email,Neutral,Pending,3.08,26.67,3,18,99,dear team tracking number provided working please let know step take,99,11
TKT-2389,"To whom it may concern, I need to transfer my account to another user",Account Management,Low,Phone,Neutral,Resolved,35.28,79.96,5,14,69,may concern need transfer account another user,69,7
TKT-2390,I want to upgrade my plan but billing is confusing Thank you for your help.,Billing & Payments,High,Phone,Positive,Escalated,0.92,3.39,1,15,75,want upgrade plan billing confusing thank help,75,7
TKT-2391,"Hi, My refund has not been processed after two weeks I have been waiting for a while now.",Returns & Refunds,Low,Phone,Negative,Resolved,32.91,99.72,5,18,89,refund processed two week waiting,89,5
TKT-2392,"To whom it may concern, I want to change the delivery address for my order I need urgent assistance with this.",Shipping & Delivery,Low,Email,Neutral,Resolved,0.8,138.31,5,21,110,may concern want change delivery address order need urgent assistance,110,10
TKT-2393,"Hi team, Please process my refund to the original payment method This is affecting my work significantly.",Returns & Refunds,Low,Email,Negative,Pending,0.88,195.26,2,17,105,team please process refund original payment method affecting work significantly,105,10
TKT-2394,"Dear team, I need to schedule a redelivery for my parcel Looking forward to your prompt response.",Shipping & Delivery,Low,Email,Neutral,Pending,7.54,27.55,4,17,97,dear team need schedule redelivery parcel looking forward prompt response,97,10
TKT-2395,"To whom it may concern, My order was marked delivered but I did not receive it Thank you for your help.",Shipping & Delivery,Low,Email,Negative,Escalated,84.85,297.0,3,21,103,may concern order marked delivered receive thank help,103,8
TKT-2396,"Hello, Can I exchange the product for a different size I need urgent assistance with this.",Returns & Refunds,Low,Web Form,Negative,Pending,4.78,109.36,2,16,90,hello exchange product different size need urgent assistance,90,8
TKT-2397,"Hello, I need to schedule a redelivery for my parcel Please help me resolve this as soon as possible.",Shipping & Delivery,Low,Chat,Neutral,Pending,18.51,402.32,2,19,101,hello need schedule redelivery parcel please help resolve soon possible,101,10
TKT-2398,"Hi, The website is showing a 500 internal server error This is affecting my work significantly.",Technical Support,Medium,Phone,Neutral,Resolved,33.35,61.49,5,16,95,website showing internal server error affecting work significantly,95,8
TKT-2399,"Good day, My promo code is not being applied to my bill I need urgent assistance with this.",Billing & Payments,Low,Email,Neutral,Resolved,7.0,59.45,3,18,91,good day promo code applied bill need urgent assistance,91,9
TKT-2400,"Hi team, The payment gateway keeps showing an error",Billing & Payments,Low,Web Form,Negative,Resolved,24.88,63.45,5,9,51,team payment gateway keep showing error,51,6
TKT-2401,"Hi there, My package was returned to sender by mistake Please help me resolve this as soon as possible.",Shipping & Delivery,High,Phone,Neutral,Resolved,3.28,21.99,5,19,103,package returned sender mistake please help resolve soon possible,103,9
TKT-2402,"Hello, My account has been locked and I cannot access it Please help me resolve this as soon as possible.",Account Management,Medium,Email,Negative,Resolved,21.14,31.59,5,20,105,hello account locked cannot access please help resolve soon possible,105,10
TKT-2403,"Dear team, Dashboard is not loading any data for me I need urgent assistance with this.",Technical Support,Critical,Chat,Negative,Resolved,0.5,1.81,5,16,87,dear team dashboard loading data need urgent assistance,87,8
TKT-2404,"Hi, What languages does your platform currently support I have been waiting for a while now.",Product Information,High,Chat,Negative,Resolved,6.27,14.02,4,16,92,language platform currently support waiting,92,5
TKT-2405,"Hi team, The courier left my package in the wrong location I have been waiting for a while now.",Shipping & Delivery,High,Web Form,Negative,Resolved,0.71,65.6,3,19,95,team courier left package wrong location waiting,95,7
TKT-2406,"Hi there, I want to return the product I bought last week Please help me resolve this as soon as possible.",Returns & Refunds,Low,Phone,Negative,Resolved,39.99,181.03,5,21,106,want return product bought last week please help resolve soon possible,106,11
TKT-2407,"Hi there, The item I received is defective and I need replacement I need urgent assistance with this.",Returns & Refunds,Low,Chat,Negative,Resolved,45.21,78.21,4,18,101,item received defective need replacement need urgent assistance,101,7
TKT-2408,"Hello, The software is not compatible with my operating system I need urgent assistance with this.",Technical Support,Medium,Email,Negative,Escalated,10.24,81.81,1,16,98,hello software compatible operating system need urgent assistance,98,8
TKT-2409,How do I initiate a return for an online purchase Thank you for your help.,Returns & Refunds,Low,Email,Negative,Resolved,45.38,98.46,5,15,74,initiate return online purchase thank help,74,6
TKT-2410,My data is not syncing across devices properly This is affecting my work significantly.,Technical Support,High,Chat,Negative,Resolved,0.88,29.88,3,14,87,data syncing across device properly affecting work significantly,87,8
TKT-2411,"Dear Support, I need to schedule a redelivery for my parcel Thank you for your help.",Shipping & Delivery,Low,Email,Negative,Resolved,21.94,28.64,3,16,84,dear support need schedule redelivery parcel thank help,84,8
TKT-2412,"To whom it may concern, The item I received is defective and I need replacement",Returns & Refunds,Medium,Chat,Negative,Resolved,10.01,26.38,5,15,79,may concern item received defective need replacement,79,7
TKT-2413,"Hi team, The replacement item also arrived damaged I need urgent assistance with this.",Returns & Refunds,Low,Phone,Negative,Pending,4.88,30.14,3,14,86,team replacement item also arrived damaged need urgent assistance,86,9
TKT-2414,The website is showing a 500 internal server error Thank you for your help.,Technical Support,Low,Phone,Negative,Pending,2.54,93.62,3,14,75,website showing internal server error thank help,75,7
TKT-2415,"Dear Support, I need to cancel my order before it is shipped",Shipping & Delivery,High,Chat,Positive,Resolved,0.64,10.45,5,12,60,dear support need cancel order shipped,60,6
TKT-2416,Please update my personal information in the system I have been waiting for a while now.,Account Management,Medium,Email,Negative,Resolved,0.5,14.82,5,16,88,please update personal information system waiting,88,6
TKT-2417,"Hi team, I cannot verify my email address with the link sent I have been waiting for a while now.",Account Management,Low,Web Form,Negative,Resolved,3.14,20.29,3,20,97,team cannot verify email address link sent waiting,97,8
TKT-2418,I want to change the delivery address for my order This is affecting my work significantly.,Shipping & Delivery,Medium,Chat,Neutral,Pending,11.43,38.75,2,16,91,want change delivery address order affecting work significantly,91,8
TKT-2419,"Hi there, Can I use the product offline without internet connection I have been waiting for a while now.",Product Information,Medium,Web Form,Negative,Pending,20.79,24.71,2,19,104,use product offline without internet connection waiting,104,7
TKT-2420,"Hi team, What is the data retention policy for your service Please help me resolve this as soon as possible.",Product Information,Low,Chat,Neutral,Resolved,27.13,176.57,5,20,108,team data retention policy service please help resolve soon possible,108,10
TKT-2421,"Hi there, I want to return the product I bought last week Please help me resolve this as soon as possible.",Returns & Refunds,Critical,Phone,Positive,Resolved,0.5,1.5,4,21,106,want return product bought last week please help resolve soon possible,106,11
TKT-2422,"Hi there, The tracking number provided is not working Please help me resolve this as soon as possible.",Shipping & Delivery,Low,Chat,Negative,Resolved,26.81,62.06,4,18,102,tracking number provided working please help resolve soon possible,102,9
TKT-2423,"Good day, My account has been locked and I cannot access it I have been waiting for a while now.",Account Management,Low,Phone,Neutral,Pending,26.38,45.58,3,20,96,good day account locked cannot access waiting,96,7
TKT-2424,"Hi there, Subscription fee was deducted twice this month Looking forward to your prompt response.",Billing & Payments,Medium,Chat,Neutral,Resolved,10.0,55.26,3,15,97,subscription fee deducted twice month looking forward prompt response,97,9
TKT-2425,"Dear team, I was charged twice for my subscription this month I have been waiting for a while now.",Billing & Payments,High,Web Form,Positive,Resolved,12.59,13.59,4,19,98,dear team charged twice subscription month waiting,98,7
TKT-2426,"Hi there, The website is showing a 500 internal server error I have been waiting for a while now.",Technical Support,Low,Web Form,Neutral,Pending,24.14,55.59,3,19,97,website showing internal server error waiting,97,6
TKT-2427,"Good day, I want to change the delivery address for my order Please let me know what steps I should take.",Shipping & Delivery,Medium,Chat,Negative,Pending,4.71,17.21,2,21,105,good day want change delivery address order please let know step take,105,12
TKT-2428,"Hi team, Please help me delete my account permanently This is affecting my work significantly.",Account Management,High,Chat,Neutral,Resolved,6.83,8.43,5,15,94,team please help delete account permanently affecting work significantly,94,9
TKT-2429,"To whom it may concern, The item I received is defective and I need replacement",Returns & Refunds,High,Email,Negative,Resolved,1.87,6.73,3,15,79,may concern item received defective need replacement,79,7
TKT-2430,"Hello, Error message appears every time I try to save Please let me know what steps I should take.",Technical Support,Medium,Email,Neutral,Pending,12.39,64.21,3,19,98,hello error message appears every time try save please let know step take,98,13
TKT-2431,"Hi team, Subscription fee was deducted twice this month I need urgent assistance with this.",Billing & Payments,High,Email,Negative,Escalated,2.8,3.8,1,15,91,team subscription fee deducted twice month need urgent assistance,91,9
TKT-2432,"To whom it may concern, Please update my payment method to a new card Thank you for your help.",Billing & Payments,Low,Email,Positive,Resolved,0.69,173.51,3,19,94,may concern please update payment method new card thank help,94,10
TKT-2433,"Good day, Can you explain the difference between basic and pro Please help me resolve this as soon as possible.",Product Information,High,Web Form,Neutral,Escalated,4.24,17.63,1,20,111,good day explain difference basic pro please help resolve soon possible,111,11
TKT-2434,"Hi team, The replacement item also arrived damaged Please help me resolve this as soon as possible.",Returns & Refunds,Critical,Phone,Negative,Pending,0.5,7.22,2,17,99,team replacement item also arrived damaged please help resolve soon possible,99,11
TKT-2435,"Hi, I need to transfer my account to another user I have been waiting for a while now.",Account Management,Medium,Email,Positive,Escalated,3.06,32.46,2,18,86,need transfer account another user waiting,86,6
TKT-2436,"Dear Support, My package was returned to sender by mistake I have been waiting for a while now.",Shipping & Delivery,Medium,Phone,Neutral,Resolved,50.56,110.33,4,18,95,dear support package returned sender mistake waiting,95,7
TKT-2437,"Good day, The courier left my package in the wrong location Looking forward to your prompt response.",Shipping & Delivery,Critical,Chat,Neutral,Resolved,0.59,5.07,4,17,100,good day courier left package wrong location looking forward prompt response,100,11
TKT-2438,"Hi team, I want to upgrade my plan but billing is confusing",Billing & Payments,Medium,Chat,Neutral,Resolved,3.14,8.91,5,12,59,team want upgrade plan billing confusing,59,6
TKT-2439,My package was returned to sender by mistake I need urgent assistance with this.,Shipping & Delivery,Medium,Web Form,Negative,Resolved,33.05,92.34,5,14,80,package returned sender mistake need urgent assistance,80,7
TKT-2440,"Hi there, The feature stopped working after the last update Thank you for your help.",Technical Support,Medium,Email,Negative,Resolved,7.0,9.11,5,15,84,feature stopped working last update thank help,84,7
TKT-2441,"To whom it may concern, The website is showing a 500 internal server error I need urgent assistance with this.",Technical Support,Medium,Chat,Negative,Pending,0.5,34.61,3,20,110,may concern website showing internal server error need urgent assistance,110,10
TKT-2442,"Hi, Do you offer any educational or nonprofit discounts Thank you for your help.",Product Information,Medium,Email,Negative,Resolved,2.11,18.86,5,14,80,offer educational nonprofit discount thank help,80,6
TKT-2443,"Hi team, Please help me delete my account permanently Thank you for your help.",Account Management,High,Phone,Neutral,Resolved,1.1,3.31,5,14,78,team please help delete account permanently thank help,78,7
TKT-2444,"Dear Support, My refund has not been processed after two weeks",Returns & Refunds,Medium,Phone,Negative,Resolved,3.02,13.92,4,11,62,dear support refund processed two week,62,6
TKT-2445,"Dear team, I want to change the delivery address for my order Thank you for your help.",Shipping & Delivery,Medium,Email,Neutral,Resolved,14.63,39.02,3,17,86,dear team want change delivery address order thank help,86,9
TKT-2446,"Good day, I need a prepaid return label for my item This is affecting my work significantly.",Returns & Refunds,Low,Email,Positive,Resolved,33.69,35.18,4,17,92,good day need prepaid return label item affecting work significantly,92,10
TKT-2447,"Hi there, I cannot log in to my account after the update Thank you for your help.",Technical Support,High,Phone,Negative,Resolved,2.72,25.23,5,17,81,cannot log account update thank help,81,6
TKT-2448,"Hello, I want to change my username on the platform I need urgent assistance with this.",Account Management,Medium,Chat,Negative,Resolved,7.4,8.85,3,16,87,hello want change username platform need urgent assistance,87,8
TKT-2449,"Hi team, The return window has passed but the item is broken I have been waiting for a while now.",Returns & Refunds,Low,Chat,Negative,Resolved,0.78,46.39,5,20,97,team return window passed item broken waiting,97,7
TKT-2450,"To whom it may concern, My account has been locked and I cannot access it I have been waiting for a while now.",Account Management,Medium,Phone,Negative,Pending,8.79,79.05,2,23,110,may concern account locked cannot access waiting,110,7
TKT-2451,"Hi, I need to schedule a redelivery for my parcel Please let me know what steps I should take.",Shipping & Delivery,High,Email,Neutral,Resolved,6.35,12.83,4,19,94,need schedule redelivery parcel please let know step take,94,9
TKT-2452,"Dear team, I keep getting disconnected from the server Looking forward to your prompt response.",Technical Support,Low,Chat,Negative,Pending,22.98,69.28,2,15,95,dear team keep getting disconnected server looking forward prompt response,95,10
TKT-2453,"Good day, What features are included in the premium plan This is affecting my work significantly.",Product Information,Critical,Email,Positive,Resolved,0.69,2.52,4,16,97,good day feature included premium plan affecting work significantly,97,9
TKT-2454,"Dear Support, Can I exchange the product for a different size I need urgent assistance with this.",Returns & Refunds,Low,Email,Negative,Resolved,1.61,105.16,4,17,97,dear support exchange product different size need urgent assistance,97,9
TKT-2455,"Hi, Subscription fee was deducted twice this month This is affecting my work significantly.",Billing & Payments,Medium,Chat,Negative,Pending,5.89,22.87,3,14,91,subscription fee deducted twice month affecting work significantly,91,8
TKT-2456,"Hi there, The tracking number provided is not working Please help me resolve this as soon as possible.",Shipping & Delivery,Medium,Email,Negative,Pending,1.76,37.59,2,18,102,tracking number provided working please help resolve soon possible,102,9
TKT-2457,"Hello, My profile picture is not updating correctly Please let me know what steps I should take.",Account Management,Low,Web Form,Negative,Resolved,30.33,133.89,4,17,96,hello profile picture updating correctly please let know step take,96,10
TKT-2458,"Hi, What is the data retention policy for your service I have been waiting for a while now.",Product Information,Low,Email,Negative,Resolved,9.31,21.83,4,18,91,data retention policy service waiting,91,5
TKT-2459,The export function produces corrupt files This is affecting my work significantly.,Technical Support,High,Chat,Neutral,Resolved,14.92,19.74,3,12,83,export function produce corrupt file affecting work significantly,83,8
TKT-2460,The software is not compatible with my operating system Please let me know what steps I should take.,Technical Support,Medium,Chat,Negative,Pending,4.54,32.64,2,18,100,software compatible operating system please let know step take,100,9
TKT-2461,"Dear Support, I received the wrong item in my package Please help me resolve this as soon as possible.",Shipping & Delivery,Medium,Email,Negative,Escalated,0.5,28.9,2,19,102,dear support received wrong item package please help resolve soon possible,102,11
TKT-2462,Do you offer any educational or nonprofit discounts Please help me resolve this as soon as possible.,Product Information,High,Chat,Neutral,Resolved,1.61,25.24,4,17,100,offer educational nonprofit discount please help resolve soon possible,100,9
TKT-2463,"Hi, I need to change the email address on my account Please let me know what steps I should take.",Account Management,High,Email,Negative,Pending,7.12,10.97,3,20,97,need change email address account please let know step take,97,10
TKT-2464,"Hi there, The export function produces corrupt files Please help me resolve this as soon as possible.",Technical Support,Low,Email,Neutral,Resolved,81.86,94.42,5,17,101,export function produce corrupt file please help resolve soon possible,101,10
TKT-2465,"Hi, What languages does your platform currently support I need urgent assistance with this.",Product Information,Critical,Email,Positive,Pending,0.5,2.05,4,14,91,language platform currently support need urgent assistance,91,7
TKT-2466,"Hi there, What languages does your platform currently support I have been waiting for a while now.",Product Information,Low,Web Form,Negative,Resolved,2.11,84.49,5,17,98,language platform currently support waiting,98,5
TKT-2467,"Hi there, I was charged twice for my subscription this month Thank you for your help.",Billing & Payments,Medium,Email,Negative,Pending,7.64,25.91,2,16,85,charged twice subscription month thank help,85,6
TKT-2468,The feature stopped working after the last update I need urgent assistance with this.,Technical Support,Medium,Web Form,Neutral,Resolved,1.11,93.06,4,14,85,feature stopped working last update need urgent assistance,85,8
TKT-2469,My account shows wrong subscription plan I need urgent assistance with this.,Account Management,Medium,Chat,Negative,Resolved,6.32,23.23,5,12,76,account show wrong subscription plan need urgent assistance,76,8
TKT-2470,My data is not syncing across devices properly,Technical Support,High,Chat,Positive,Resolved,0.5,12.08,3,8,46,data syncing across device properly,46,5
TKT-2471,"Hi, The courier left my package in the wrong location Please help me resolve this as soon as possible.",Shipping & Delivery,Medium,Phone,Positive,Resolved,7.94,145.79,5,19,102,courier left package wrong location please help resolve soon possible,102,10
TKT-2472,"Hi there, The software is not compatible with my operating system I have been waiting for a while now.",Technical Support,Medium,Web Form,Positive,Pending,20.62,25.55,4,19,102,software compatible operating system waiting,102,5
TKT-2473,"Dear Support, Does your product comply with GDPR regulations Please help me resolve this as soon as possible.",Product Information,Low,Email,Negative,Escalated,57.33,83.99,3,18,109,dear support product comply gdpr regulation please help resolve soon possible,109,11
TKT-2474,"To whom it may concern, I want to change my username on the platform I have been waiting for a while now.",Account Management,Low,Phone,Negative,Resolved,18.23,65.02,4,22,105,may concern want change username platform waiting,105,7
TKT-2475,"Good day, I was denied a refund but the product is faulty Please let me know what steps I should take.",Returns & Refunds,High,Email,Neutral,Resolved,12.46,13.46,3,21,102,good day denied refund product faulty please let know step take,102,11
TKT-2476,"Hi there, I want to upgrade my plan but billing is confusing Thank you for your help.",Billing & Payments,Low,Chat,Neutral,Resolved,49.42,139.07,4,17,85,want upgrade plan billing confusing thank help,85,7
TKT-2477,"Hi there, I need a copy of my tax invoice for last year This is affecting my work significantly.",Billing & Payments,Low,Phone,Negative,Resolved,6.91,45.76,4,19,96,need copy tax invoice last year affecting work significantly,96,9
TKT-2478,"Hi team, I keep getting disconnected from the server Looking forward to your prompt response.",Technical Support,High,Email,Positive,Resolved,4.88,33.14,4,15,93,team keep getting disconnected server looking forward prompt response,93,9
TKT-2479,"Hi team, Subscription fee was deducted twice this month This is affecting my work significantly.",Billing & Payments,Medium,Chat,Negative,Resolved,10.36,52.44,3,15,96,team subscription fee deducted twice month affecting work significantly,96,9
TKT-2480,"Dear Support, What are the system requirements for your software Thank you for your help.",Product Information,High,Phone,Neutral,Resolved,1.89,3.16,5,15,89,dear support system requirement software thank help,89,7
TKT-2481,"To whom it may concern, Please remove the two factor authentication from my account",Account Management,High,Web Form,Negative,Escalated,0.5,6.24,3,14,83,may concern please remove two factor authentication account,83,8
TKT-2482,"Good day, The tracking number provided is not working Looking forward to your prompt response.",Shipping & Delivery,Medium,Chat,Negative,Resolved,28.18,53.37,4,15,94,good day tracking number provided working looking forward prompt response,94,10
TKT-2483,"Good day, The delivery estimate keeps getting pushed further Looking forward to your prompt response.",Shipping & Delivery,Critical,Chat,Neutral,Resolved,1.68,6.18,5,15,101,good day delivery estimate keep getting pushed looking forward prompt response,101,11
TKT-2484,My profile picture is not updating correctly Looking forward to your prompt response.,Account Management,High,Web Form,Neutral,Pending,0.86,2.54,4,13,85,profile picture updating correctly looking forward prompt response,85,8
TKT-2485,"Dear Support, Does the product support integration with Salesforce I have been waiting for a while now.",Product Information,High,Chat,Negative,Pending,4.16,13.62,2,17,103,dear support product support integration salesforce waiting,103,6
TKT-2486,I need a copy of my tax invoice for last year I need urgent assistance with this.,Billing & Payments,High,Chat,Negative,Resolved,2.71,4.97,4,17,81,need copy tax invoice last year need urgent assistance,81,8
TKT-2487,"Dear Support, I keep getting disconnected from the server Please help me resolve this as soon as possible.",Technical Support,Low,Email,Neutral,Escalated,7.53,71.83,2,18,106,dear support keep getting disconnected server please help resolve soon possible,106,11
TKT-2488,"Hi team, I cannot verify my email address with the link sent Please let me know what steps I should take.",Account Management,Low,Email,Negative,Pending,8.17,208.37,4,21,105,team cannot verify email address link sent please let know step take,105,12
TKT-2489,"Hi there, Is there an API available for custom integrations Looking forward to your prompt response.",Product Information,Medium,Chat,Positive,Resolved,2.49,23.9,5,16,100,api available custom integration looking forward prompt response,100,8
TKT-2490,"Dear Support, I cannot log in to my account after the update Looking forward to your prompt response.",Technical Support,Medium,Email,Negative,Pending,21.89,25.83,4,18,101,dear support cannot log account update looking forward prompt response,101,10
TKT-2491,"Hi there, The payment gateway keeps showing an error This is affecting my work significantly.",Billing & Payments,Low,Chat,Positive,Resolved,57.23,89.73,4,15,93,payment gateway keep showing error affecting work significantly,93,8
TKT-2492,"Good day, I want to change the delivery address for my order Please help me resolve this as soon as possible.",Shipping & Delivery,Medium,Phone,Neutral,Resolved,17.1,86.12,5,21,109,good day want change delivery address order please help resolve soon possible,109,12
TKT-2493,"Dear team, Please help me delete my account permanently Looking forward to your prompt response.",Account Management,Low,Phone,Negative,Resolved,15.51,381.19,5,15,96,dear team please help delete account permanently looking forward prompt response,96,11
TKT-2494,"Dear team, My package was returned to sender by mistake I have been waiting for a while now.",Shipping & Delivery,Critical,Phone,Negative,Escalated,0.61,1.61,1,18,92,dear team package returned sender mistake waiting,92,7
TKT-2495,"Dear team, The feature stopped working after the last update",Technical Support,Low,Chat,Negative,Resolved,87.62,262.17,3,10,60,dear team feature stopped working last update,60,7
TKT-2496,"Good day, The website is showing a 500 internal server error This is affecting my work significantly.",Technical Support,Medium,Phone,Neutral,Resolved,8.91,39.47,5,17,101,good day website showing internal server error affecting work significantly,101,10
TKT-2497,"Hi, I was billed after cancelling my account Please let me know what steps I should take.",Billing & Payments,High,Chat,Positive,Pending,1.4,2.4,3,17,89,billed cancelling account please let know step take,89,8
TKT-2498,"Good day, What are the system requirements for your software This is affecting my work significantly.",Product Information,Medium,Phone,Neutral,Pending,3.37,5.19,4,16,101,good day system requirement software affecting work significantly,101,8
TKT-2499,"Dear team, I need a refund for the payment made last week",Billing & Payments,Low,Email,Negative,Resolved,6.79,7.79,4,12,57,dear team need refund payment made last week,57,8
TKT-2500,"Dear team, Can I exchange the product for a different size This is affecting my work significantly.",Returns & Refunds,Low,Chat,Negative,Resolved,21.41,46.88,3,17,99,dear team exchange product different size affecting work significantly,99,9
TKT-2501,"Hi, Does your product comply with GDPR regulations Thank you for your help.",Product Information,Low,Email,Positive,Pending,38.19,78.88,3,13,75,product comply gdpr regulation thank help,75,6
TKT-2502,"Hi team, Can I exchange the product for a different size Please help me resolve this as soon as possible.",Returns & Refunds,Medium,Email,Negative,Resolved,9.74,24.0,4,20,105,team exchange product different size please help resolve soon possible,105,10
TKT-2503,"Dear team, I received a damaged item in my shipment",Shipping & Delivery,Medium,Chat,Neutral,Resolved,16.16,60.22,4,10,51,dear team received damaged item shipment,51,6
TKT-2504,Why was my card declined when making a payment Thank you for your help.,Billing & Payments,Medium,Chat,Negative,Resolved,17.34,48.79,3,14,71,card declined making payment thank help,71,6
TKT-2505,I want to return the product I bought last week Thank you for your help.,Returns & Refunds,High,Phone,Positive,Pending,12.24,13.24,3,15,72,want return product bought last week thank help,72,8
TKT-2506,"Hi, I need to schedule a redelivery for my parcel This is affecting my work significantly.",Shipping & Delivery,Medium,Chat,Neutral,Resolved,7.83,11.8,5,16,90,need schedule redelivery parcel affecting work significantly,90,7
TKT-2507,"Hi team, My account shows wrong subscription plan Please let me know what steps I should take.",Account Management,High,Chat,Negative,Escalated,12.24,36.3,1,17,94,team account show wrong subscription plan please let know step take,94,11
TKT-2508,"Dear Support, My account shows wrong subscription plan Thank you for your help.",Account Management,Low,Chat,Neutral,Resolved,21.01,120.82,4,13,79,dear support account show wrong subscription plan thank help,79,9
TKT-2509,"Hi, Please remove the two factor authentication from my account Looking forward to your prompt response.",Account Management,Low,Web Form,Negative,Resolved,3.01,231.69,3,16,104,please remove two factor authentication account looking forward prompt response,104,10
TKT-2510,"Dear team, What languages does your platform currently support I need urgent assistance with this.",Product Information,Low,Web Form,Positive,Pending,13.66,203.63,3,15,98,dear team language platform currently support need urgent assistance,98,9
TKT-2511,"Hello, Please process my refund to the original payment method Looking forward to your prompt response.",Returns & Refunds,Medium,Chat,Negative,Resolved,28.37,111.61,5,16,103,hello please process refund original payment method looking forward prompt response,103,11
TKT-2512,The courier left my package in the wrong location Looking forward to your prompt response.,Shipping & Delivery,Critical,Chat,Positive,Pending,4.69,6.61,3,15,90,courier left package wrong location looking forward prompt response,90,9
TKT-2513,"To whom it may concern, Does your product comply with GDPR regulations",Product Information,Medium,Web Form,Neutral,Resolved,19.47,24.88,5,12,70,may concern product comply gdpr regulation,70,6
TKT-2514,"Dear team, I need a refund for the payment made last week This is affecting my work significantly.",Billing & Payments,Medium,Web Form,Neutral,Resolved,14.46,43.02,5,18,98,dear team need refund payment made last week affecting work significantly,98,11
TKT-2515,"Hi there, Can you explain the difference between basic and pro I have been waiting for a while now.",Product Information,Low,Email,Neutral,Resolved,25.98,200.37,4,19,99,explain difference basic pro waiting,99,5
TKT-2516,"Dear Support, The replacement item also arrived damaged I need urgent assistance with this.",Returns & Refunds,Low,Phone,Negative,Pending,48.74,104.11,3,14,91,dear support replacement item also arrived damaged need urgent assistance,91,10
TKT-2517,"Dear team, My invoice shows incorrect amount, please fix it I have been waiting for a while now.",Billing & Payments,Low,Chat,Neutral,Resolved,63.51,212.82,3,18,96,dear team invoice show incorrect amount please fix waiting,96,9
TKT-2518,"Hi team, I need a copy of my tax invoice for last year Looking forward to your prompt response.",Billing & Payments,Low,Chat,Neutral,Resolved,55.94,291.94,5,19,95,team need copy tax invoice last year looking forward prompt response,95,11
TKT-2519,"Hi team, Can I use the product offline without internet connection Please help me resolve this as soon as possible.",Product Information,High,Chat,Negative,Resolved,3.24,19.52,4,20,115,team use product offline without internet connection please help resolve soon possible,115,12
TKT-2520,"Dear Support, I keep getting disconnected from the server Looking forward to your prompt response.",Technical Support,Medium,Chat,Neutral,Escalated,16.88,66.91,1,15,98,dear support keep getting disconnected server looking forward prompt response,98,10
TKT-2521,"Hi, The website is showing a 500 internal server error Thank you for your help.",Technical Support,Medium,Web Form,Negative,Resolved,2.9,5.67,5,15,79,website showing internal server error thank help,79,7
TKT-2522,"Dear team, I want to merge two accounts into one Please let me know what steps I should take.",Account Management,High,Web Form,Negative,Pending,7.02,29.34,3,19,93,dear team want merge two account one please let know step take,93,12
TKT-2523,"Hello, My refund has not been processed after two weeks Looking forward to your prompt response.",Returns & Refunds,Medium,Chat,Negative,Resolved,7.09,37.04,4,16,96,hello refund processed two week looking forward prompt response,96,9
TKT-2524,"Hi there, The application keeps crashing when I open it Please help me resolve this as soon as possible.",Technical Support,Low,Chat,Negative,Resolved,3.6,4.6,4,19,104,application keep crashing open please help resolve soon possible,104,9
TKT-2525,"Dear team, What is the data retention policy for your service Please help me resolve this as soon as possible.",Product Information,High,Email,Positive,Escalated,0.92,3.32,1,20,110,dear team data retention policy service please help resolve soon possible,110,11
TKT-2526,"Good day, I received the wrong item in my package This is affecting my work significantly.",Shipping & Delivery,High,Email,Negative,Resolved,1.34,9.1,5,16,90,good day received wrong item package affecting work significantly,90,9
TKT-2527,"Dear team, I need to schedule a redelivery for my parcel",Shipping & Delivery,Low,Email,Negative,Resolved,14.61,19.93,5,11,56,dear team need schedule redelivery parcel,56,6
TKT-2528,"Hello, What is the data retention policy for your service Please help me resolve this as soon as possible.",Product Information,Low,Web Form,Negative,Resolved,5.15,159.47,5,19,106,hello data retention policy service please help resolve soon possible,106,10
TKT-2529,"Hi there, The software is not compatible with my operating system This is affecting my work significantly.",Technical Support,Critical,Chat,Neutral,Pending,0.5,2.26,2,17,106,software compatible operating system affecting work significantly,106,7
TKT-2530,"Dear Support, I need a refund for the payment made last week Please help me resolve this as soon as possible.",Billing & Payments,Critical,Chat,Positive,Resolved,0.77,4.03,3,21,109,dear support need refund payment made last week please help resolve soon possible,109,13
TKT-2531,"Hi, Can I exchange the product for a different size Looking forward to your prompt response.",Returns & Refunds,Medium,Phone,Neutral,Escalated,43.13,44.51,1,16,92,exchange product different size looking forward prompt response,92,8
TKT-2532,"Hi there, I want to upgrade my plan but billing is confusing I have been waiting for a while now.",Billing & Payments,Low,Phone,Positive,Resolved,6.31,57.52,5,20,97,want upgrade plan billing confusing waiting,97,6
TKT-2533,"Hello, I was charged twice for my subscription this month Thank you for your help.",Billing & Payments,Medium,Chat,Neutral,Resolved,2.34,38.52,4,15,82,hello charged twice subscription month thank help,82,7
TKT-2534,"Hi there, The website is showing a 500 internal server error Looking forward to your prompt response.",Technical Support,High,Chat,Negative,Resolved,0.94,18.9,4,17,101,website showing internal server error looking forward prompt response,101,9
TKT-2535,"To whom it may concern, Is there an API available for custom integrations Please help me resolve this as soon as possible.",Product Information,Low,Phone,Neutral,Resolved,6.24,60.09,4,22,122,may concern api available custom integration please help resolve soon possible,122,11
TKT-2536,"To whom it may concern, I cannot find my billing history on the portal I have been waiting for a while now.",Billing & Payments,Medium,Chat,Negative,Pending,0.5,20.51,3,22,107,may concern cannot find billing history portal waiting,107,8
TKT-2537,"Hi team, Can you explain the difference between basic and pro I need urgent assistance with this.",Product Information,Medium,Chat,Negative,Resolved,2.42,52.4,4,17,97,team explain difference basic pro need urgent assistance,97,8
TKT-2538,"Dear Support, My account shows wrong subscription plan I need urgent assistance with this.",Account Management,High,Phone,Positive,Resolved,1.03,20.06,5,14,90,dear support account show wrong subscription plan need urgent assistance,90,10
TKT-2539,"To whom it may concern, I was denied a refund but the product is faulty Thank you for your help.",Returns & Refunds,Medium,Chat,Neutral,Resolved,7.67,50.82,4,20,96,may concern denied refund product faulty thank help,96,8
TKT-2540,"Good day, I want to change the delivery address for my order Please help me resolve this as soon as possible.",Shipping & Delivery,Low,Email,Neutral,Resolved,33.17,146.98,4,21,109,good day want change delivery address order please help resolve soon possible,109,12
TKT-2541,The payment gateway keeps showing an error I need urgent assistance with this.,Billing & Payments,Critical,Phone,Negative,Escalated,1.28,2.28,1,13,78,payment gateway keep showing error need urgent assistance,78,8
TKT-2542,"Hi there, Is there an API available for custom integrations Thank you for your help.",Product Information,Low,Phone,Negative,Resolved,9.93,133.13,3,15,84,api available custom integration thank help,84,6
TKT-2543,"Hi there, I need to cancel my order before it is shipped I have been waiting for a while now.",Shipping & Delivery,Low,Email,Neutral,Resolved,34.62,41.96,4,20,93,need cancel order shipped waiting,93,5
TKT-2544,"Dear team, I cannot install the application on my laptop",Technical Support,High,Web Form,Positive,Escalated,0.5,4.63,1,10,56,dear team cannot install application laptop,56,6
TKT-2545,"Good day, Does the product support integration with Salesforce Please let me know what steps I should take.",Product Information,High,Phone,Negative,Resolved,0.5,21.99,5,18,107,good day product support integration salesforce please let know step take,107,11
TKT-2546,"Hello, The application keeps crashing when I open it Please help me resolve this as soon as possible.",Technical Support,Medium,Email,Negative,Pending,6.74,31.27,2,18,101,hello application keep crashing open please help resolve soon possible,101,10
TKT-2547,"Hello, What languages does your platform currently support This is affecting my work significantly.",Product Information,Critical,Chat,Positive,Pending,0.5,8.26,4,14,99,hello language platform currently support affecting work significantly,99,8
TKT-2548,"Hi team, Can I expedite the shipping on my recent order Please help me resolve this as soon as possible.",Shipping & Delivery,Medium,Chat,Neutral,Resolved,3.54,28.98,5,20,104,team expedite shipping recent order please help resolve soon possible,104,10
TKT-2549,Please update my personal information in the system This is affecting my work significantly.,Account Management,Medium,Chat,Negative,Pending,23.14,46.09,4,14,92,please update personal information system affecting work significantly,92,8
TKT-2550,"Good day, I want to upgrade my plan but billing is confusing Please let me know what steps I should take.",Billing & Payments,Low,Chat,Positive,Pending,52.78,252.78,2,21,105,good day want upgrade plan billing confusing please let know step take,105,12
TKT-2551,"Hi there, Please help me delete my account permanently Please let me know what steps I should take.",Account Management,Medium,Phone,Neutral,Resolved,3.95,33.25,5,18,99,please help delete account permanently please let know step take,99,9
TKT-2552,"To whom it may concern, The delivery estimate keeps getting pushed further Please help me resolve this as soon as possible.",Shipping & Delivery,Low,Web Form,Negative,Resolved,9.96,18.2,4,21,123,may concern delivery estimate keep getting pushed please help resolve soon possible,123,12
TKT-2553,"To whom it may concern, I want to upgrade my plan but billing is confusing I have been waiting for a while now.",Billing & Payments,Low,Phone,Negative,Resolved,17.87,50.98,3,23,111,may concern want upgrade plan billing confusing waiting,111,8
TKT-2554,"Hi, Is there an API available for custom integrations Looking forward to your prompt response.",Product Information,Medium,Web Form,Negative,Resolved,4.35,25.85,4,15,94,api available custom integration looking forward prompt response,94,8
TKT-2555,"To whom it may concern, I keep getting disconnected from the server",Technical Support,Low,Email,Negative,Resolved,11.76,77.77,4,12,67,may concern keep getting disconnected server,67,6
TKT-2556,"Dear Support, What features are included in the premium plan",Product Information,Medium,Phone,Positive,Resolved,1.0,70.64,3,10,60,dear support feature included premium plan,60,6
TKT-2557,"Dear team, Dashboard is not loading any data for me I have been waiting for a while now.",Technical Support,High,Email,Neutral,Resolved,0.5,3.42,3,18,88,dear team dashboard loading data waiting,88,6
TKT-2558,"Hi, Does your product comply with GDPR regulations Please let me know what steps I should take.",Product Information,Medium,Phone,Negative,Resolved,12.81,46.6,4,17,95,product comply gdpr regulation please let know step take,95,9
TKT-2559,"To whom it may concern, The courier left my package in the wrong location Please help me resolve this as soon as possible.",Shipping & Delivery,Medium,Email,Neutral,Pending,0.5,38.43,2,23,122,may concern courier left package wrong location please help resolve soon possible,122,12
TKT-2560,"To whom it may concern, I cannot install the application on my laptop I have been waiting for a while now.",Technical Support,High,Email,Negative,Resolved,2.73,14.01,4,21,106,may concern cannot install application laptop waiting,106,7
TKT-2561,"Hi there, I need a refund for the payment made last week Please help me resolve this as soon as possible.",Billing & Payments,High,Email,Negative,Resolved,5.55,8.45,5,21,105,need refund payment made last week please help resolve soon possible,105,11
TKT-2562,I cannot verify my email address with the link sent Looking forward to your prompt response.,Account Management,Medium,Web Form,Negative,Pending,5.57,14.01,3,16,92,cannot verify email address link sent looking forward prompt response,92,10
TKT-2563,"Hi team, My package was returned to sender by mistake Looking forward to your prompt response.",Shipping & Delivery,Medium,Email,Neutral,Escalated,0.5,1.5,2,16,94,team package returned sender mistake looking forward prompt response,94,9
TKT-2564,"Hi there, I received a damaged item in my shipment I have been waiting for a while now.",Shipping & Delivery,Medium,Email,Neutral,Resolved,13.68,15.84,5,18,87,received damaged item shipment waiting,87,5
TKT-2565,"Hi there, I want to return the product I bought last week Thank you for your help.",Returns & Refunds,Low,Phone,Negative,Resolved,6.07,12.14,5,17,82,want return product bought last week thank help,82,8
TKT-2566,"Good day, My promo code is not being applied to my bill I have been waiting for a while now.",Billing & Payments,High,Chat,Neutral,Pending,7.67,12.21,3,20,92,good day promo code applied bill waiting,92,7
TKT-2567,"Good day, Is there a free trial available for your enterprise plan Please let me know what steps I should take.",Product Information,Medium,Email,Neutral,Pending,1.94,32.91,3,21,111,good day free trial available enterprise plan please let know step take,111,12
TKT-2568,"To whom it may concern, I cannot log in to my account after the update Please help me resolve this as soon as possible.",Technical Support,Low,Email,Neutral,Escalated,26.49,123.52,1,24,119,may concern cannot log account update please help resolve soon possible,119,11
TKT-2569,"Dear team, I cannot log in to my account after the update Please help me resolve this as soon as possible.",Technical Support,Critical,Chat,Negative,Resolved,1.18,3.87,5,21,106,dear team cannot log account update please help resolve soon possible,106,11
TKT-2570,"Dear Support, Can I use the product offline without internet connection This is affecting my work significantly.",Product Information,Medium,Email,Neutral,Resolved,0.53,73.99,5,17,112,dear support use product offline without internet connection affecting work significantly,112,11
TKT-2571,My account shows wrong subscription plan Please let me know what steps I should take.,Account Management,Medium,Chat,Negative,Pending,24.52,40.56,4,15,85,account show wrong subscription plan please let know step take,85,10
TKT-2572,"Hello, I need to change the email address on my account Looking forward to your prompt response.",Account Management,Medium,Chat,Neutral,Resolved,1.78,33.99,4,17,96,hello need change email address account looking forward prompt response,96,10
TKT-2573,"Hi, The export function produces corrupt files",Technical Support,Low,Web Form,Negative,Resolved,27.05,58.85,4,7,46,export function produce corrupt file,46,5
TKT-2574,Is there an API available for custom integrations I need urgent assistance with this.,Product Information,Medium,Web Form,Negative,Resolved,30.94,70.89,5,14,85,api available custom integration need urgent assistance,85,7
TKT-2575,"Hi, I cannot find my billing history on the portal I need urgent assistance with this.",Billing & Payments,Medium,Email,Negative,Pending,28.49,52.34,3,16,86,cannot find billing history portal need urgent assistance,86,8
TKT-2576,"Hi, My account shows wrong subscription plan I need urgent assistance with this.",Account Management,Medium,Phone,Positive,Resolved,0.5,11.97,3,13,80,account show wrong subscription plan need urgent assistance,80,8
TKT-2577,"Hi there, I need to schedule a redelivery for my parcel Please help me resolve this as soon as possible.",Shipping & Delivery,Medium,Web Form,Negative,Pending,11.25,21.83,4,20,104,need schedule redelivery parcel please help resolve soon possible,104,9
TKT-2578,"Good day, My order was marked delivered but I did not receive it I have been waiting for a while now.",Shipping & Delivery,High,Web Form,Negative,Pending,4.98,10.5,3,21,101,good day order marked delivered receive waiting,101,7
TKT-2579,"Hi there, My data is not syncing across devices properly Please let me know what steps I should take.",Technical Support,Low,Email,Neutral,Resolved,0.56,10.87,5,19,101,data syncing across device properly please let know step take,101,10
TKT-2580,"Dear team, I need to cancel my order before it is shipped I need urgent assistance with this.",Shipping & Delivery,High,Chat,Negative,Resolved,11.07,13.26,5,18,93,dear team need cancel order shipped need urgent assistance,93,8
TKT-2581,"Dear Support, I need to change the email address on my account Please let me know what steps I should take.",Account Management,High,Phone,Positive,Pending,0.5,1.65,2,21,107,dear support need change email address account please let know step take,107,12
TKT-2582,I was charged twice for my subscription this month I need urgent assistance with this.,Billing & Payments,Medium,Email,Negative,Resolved,29.11,45.64,3,15,86,charged twice subscription month need urgent assistance,86,7
TKT-2583,"To whom it may concern, The software is not compatible with my operating system I have been waiting for a while now.",Technical Support,Medium,Email,Negative,Resolved,1.69,63.26,5,22,116,may concern software compatible operating system waiting,116,7
TKT-2584,"Hi there, I need to change the email address on my account This is affecting my work significantly.",Account Management,Medium,Phone,Neutral,Resolved,5.97,90.68,4,18,99,need change email address account affecting work significantly,99,8
TKT-2585,"Hi there, I cannot log in to my account after the update I have been waiting for a while now.",Technical Support,Medium,Phone,Negative,Escalated,0.5,15.04,1,20,93,cannot log account update waiting,93,5
TKT-2586,"Hi, I received the wrong item in my package Looking forward to your prompt response.",Shipping & Delivery,Medium,Phone,Negative,Pending,54.49,65.94,4,15,84,received wrong item package looking forward prompt response,84,8
TKT-2587,"Hi, My promo code is not being applied to my bill I need urgent assistance with this.",Billing & Payments,High,Email,Neutral,Pending,6.23,15.35,2,17,85,promo code applied bill need urgent assistance,85,7
TKT-2588,"Hello, What features are included in the premium plan Thank you for your help.",Product Information,Medium,Email,Negative,Resolved,6.82,37.16,5,14,78,hello feature included premium plan thank help,78,7
TKT-2589,"Dear team, Does the product support integration with Salesforce I have been waiting for a while now.",Product Information,Critical,Chat,Negative,Pending,1.37,2.37,2,17,100,dear team product support integration salesforce waiting,100,7
TKT-2590,"Good day, Please update my personal information in the system I need urgent assistance with this.",Account Management,Medium,Phone,Positive,Pending,6.11,27.5,4,16,97,good day please update personal information system need urgent assistance,97,10
TKT-2591,"Dear Support, Do you offer any educational or nonprofit discounts I need urgent assistance with this.",Product Information,High,Phone,Neutral,Resolved,3.31,5.44,4,16,101,dear support offer educational nonprofit discount need urgent assistance,101,9
TKT-2592,"Hello, I sent the return package but got no confirmation",Returns & Refunds,High,Phone,Negative,Escalated,11.39,14.31,2,10,56,hello sent return package got confirmation,56,6
TKT-2593,"Dear team, I want to change my username on the platform",Account Management,Low,Email,Negative,Resolved,47.6,186.27,3,11,55,dear team want change username platform,55,6
TKT-2594,"Dear Support, My data is not syncing across devices properly Please let me know what steps I should take.",Technical Support,Medium,Phone,Neutral,Resolved,4.45,107.61,3,19,105,dear support data syncing across device properly please let know step take,105,12
TKT-2595,"Dear Support, I cannot verify my email address with the link sent I have been waiting for a while now.",Account Management,Medium,Email,Negative,Resolved,21.61,73.26,4,20,102,dear support cannot verify email address link sent waiting,102,9
TKT-2596,"Dear team, My account shows wrong subscription plan Please help me resolve this as soon as possible.",Account Management,Medium,Chat,Positive,Resolved,1.08,67.81,5,17,100,dear team account show wrong subscription plan please help resolve soon possible,100,12
TKT-2597,"Hello, My promo code is not being applied to my bill I have been waiting for a while now.",Billing & Payments,Critical,Chat,Negative,Escalated,0.92,12.23,2,19,89,hello promo code applied bill waiting,89,6
TKT-2598,"Dear Support, What is the data retention policy for your service Please let me know what steps I should take.",Product Information,Low,Phone,Negative,Escalated,21.04,101.15,3,20,109,dear support data retention policy service please let know step take,109,11
TKT-2599,"Dear Support, Please remove the two factor authentication from my account I need urgent assistance with this.",Account Management,Low,Chat,Negative,Resolved,22.45,34.45,4,17,109,dear support please remove two factor authentication account need urgent assistance,109,11
TKT-2600,"Hello, Is there an API available for custom integrations I have been waiting for a while now.",Product Information,Medium,Phone,Positive,Resolved,4.75,28.86,5,17,93,hello api available custom integration waiting,93,6
TKT-2601,"Hello, I need to schedule a redelivery for my parcel Please let me know what steps I should take.",Shipping & Delivery,Low,Phone,Neutral,Resolved,55.66,233.55,5,19,97,hello need schedule redelivery parcel please let know step take,97,10
TKT-2602,"Hi team, I received the wrong item in my package Thank you for your help.",Shipping & Delivery,Low,Email,Positive,Resolved,29.74,107.66,3,15,73,team received wrong item package thank help,73,7
TKT-2603,"Good day, I cannot install the application on my laptop Looking forward to your prompt response.",Technical Support,High,Phone,Neutral,Resolved,2.24,9.23,3,16,96,good day cannot install application laptop looking forward prompt response,96,10
TKT-2604,"Hello, Does your product comply with GDPR regulations I have been waiting for a while now.",Product Information,Medium,Chat,Negative,Escalated,6.61,50.27,3,16,90,hello product comply gdpr regulation waiting,90,6
TKT-2605,"Hi team, The export function produces corrupt files Thank you for your help.",Technical Support,Low,Chat,Neutral,Pending,2.81,73.96,2,13,76,team export function produce corrupt file thank help,76,8
TKT-2606,I need to cancel my order before it is shipped This is affecting my work significantly.,Shipping & Delivery,Medium,Chat,Negative,Pending,3.93,13.39,4,16,87,need cancel order shipped affecting work significantly,87,7
TKT-2607,"Hello, Dashboard is not loading any data for me",Technical Support,Low,Phone,Neutral,Resolved,15.44,46.58,4,9,47,hello dashboard loading data,47,4
TKT-2608,"Dear team, The payment gateway keeps showing an error I have been waiting for a while now.",Billing & Payments,High,Web Form,Negative,Pending,9.28,14.06,4,17,90,dear team payment gateway keep showing error waiting,90,8
TKT-2609,"Dear team, I received a damaged item in my shipment Looking forward to your prompt response.",Shipping & Delivery,Low,Email,Neutral,Pending,7.65,33.61,3,16,92,dear team received damaged item shipment looking forward prompt response,92,10
TKT-2610,"Hello, I cannot verify my email address with the link sent I need urgent assistance with this.",Account Management,Medium,Phone,Negative,Pending,2.74,99.88,2,17,94,hello cannot verify email address link sent need urgent assistance,94,10
TKT-2611,"Hi team, I need a prepaid return label for my item I have been waiting for a while now.",Returns & Refunds,Low,Email,Positive,Resolved,3.59,29.27,4,19,87,team need prepaid return label item waiting,87,7
TKT-2612,"Hi, What languages does your platform currently support I need urgent assistance with this.",Product Information,Medium,Email,Negative,Pending,3.38,124.89,2,14,91,language platform currently support need urgent assistance,91,7
TKT-2613,"Hi, The website is showing a 500 internal server error Looking forward to your prompt response.",Technical Support,High,Email,Neutral,Escalated,2.32,17.06,2,16,95,website showing internal server error looking forward prompt response,95,9
TKT-2614,"Dear team, My refund has not been processed after two weeks Please let me know what steps I should take.",Returns & Refunds,Medium,Email,Negative,Pending,0.5,22.55,2,20,104,dear team refund processed two week please let know step take,104,11
TKT-2615,"Dear team, Do you offer any educational or nonprofit discounts This is affecting my work significantly.",Product Information,Medium,Email,Neutral,Resolved,9.54,13.98,3,16,103,dear team offer educational nonprofit discount affecting work significantly,103,9
TKT-2616,"To whom it may concern, Dashboard is not loading any data for me Please let me know what steps I should take.",Technical Support,Low,Phone,Negative,Resolved,1.69,9.93,4,22,109,may concern dashboard loading data please let know step take,109,10
TKT-2617,"Hi there, I need to schedule a redelivery for my parcel Thank you for your help.",Shipping & Delivery,Medium,Phone,Negative,Escalated,11.06,32.91,1,16,80,need schedule redelivery parcel thank help,80,6
TKT-2618,"Hello, Can I exchange the product for a different size Please help me resolve this as soon as possible.",Returns & Refunds,Critical,Email,Negative,Resolved,0.5,9.21,4,19,103,hello exchange product different size please help resolve soon possible,103,10
TKT-2619,"Hi team, The delivery estimate keeps getting pushed further Looking forward to your prompt response.",Shipping & Delivery,Medium,Email,Positive,Pending,21.55,26.99,4,15,100,team delivery estimate keep getting pushed looking forward prompt response,100,10
TKT-2620,"To whom it may concern, I forgot my password and need to reset it Please help me resolve this as soon as possible.",Account Management,High,Email,Neutral,Resolved,0.79,24.31,4,23,114,may concern forgot password need reset please help resolve soon possible,114,11
TKT-2621,Subscription fee was deducted twice this month I have been waiting for a while now.,Billing & Payments,Medium,Web Form,Neutral,Resolved,5.41,114.43,5,15,83,subscription fee deducted twice month waiting,83,6
TKT-2622,"Hi, I cannot find my billing history on the portal This is affecting my work significantly.",Billing & Payments,Low,Chat,Neutral,Pending,0.5,23.54,3,16,91,cannot find billing history portal affecting work significantly,91,8
TKT-2623,"Hi team, Is there an API available for custom integrations I have been waiting for a while now.",Product Information,High,Web Form,Positive,Resolved,5.56,16.26,5,18,95,team api available custom integration waiting,95,6
TKT-2624,"Hi team, The return window has passed but the item is broken Thank you for your help.",Returns & Refunds,Medium,Email,Negative,Resolved,15.67,35.26,5,17,85,team return window passed item broken thank help,85,8
TKT-2625,"Good day, Can I use the product offline without internet connection Looking forward to your prompt response.",Product Information,Medium,Email,Negative,Escalated,19.21,39.64,3,17,108,good day use product offline without internet connection looking forward prompt response,108,12
TKT-2626,"Good day, Does the product support integration with Salesforce Thank you for your help.",Product Information,Medium,Email,Negative,Resolved,2.67,22.62,5,14,87,good day product support integration salesforce thank help,87,8
TKT-2627,"Dear Support, I cannot verify my email address with the link sent Please let me know what steps I should take.",Account Management,Medium,Chat,Negative,Resolved,0.54,61.79,5,21,110,dear support cannot verify email address link sent please let know step take,110,13
TKT-2628,"Dear Support, My refund has not been processed after two weeks Please help me resolve this as soon as possible.",Returns & Refunds,Medium,Phone,Positive,Resolved,11.36,67.18,4,20,111,dear support refund processed two week please help resolve soon possible,111,11
TKT-2629,"Hi, I want to upgrade my plan but billing is confusing Looking forward to your prompt response.",Billing & Payments,High,Chat,Negative,Resolved,0.64,7.87,5,17,95,want upgrade plan billing confusing looking forward prompt response,95,9
TKT-2630,"Hi team, I sent the return package but got no confirmation Looking forward to your prompt response.",Returns & Refunds,Medium,Email,Negative,Resolved,10.44,35.83,4,17,99,team sent return package got confirmation looking forward prompt response,99,10
TKT-2631,"Hi team, I need a refund for the payment made last week",Billing & Payments,Low,Email,Neutral,Resolved,12.91,39.14,5,12,55,team need refund payment made last week,55,7
TKT-2632,"Hi team, I need a prepaid return label for my item Looking forward to your prompt response.",Returns & Refunds,Medium,Phone,Negative,Resolved,3.62,106.06,4,17,91,team need prepaid return label item looking forward prompt response,91,10
TKT-2633,"Hi team, Can I use the product offline without internet connection",Product Information,High,Phone,Neutral,Resolved,0.5,8.24,3,11,66,team use product offline without internet connection,66,7
TKT-2634,"Good day, How many users can I add under a single license Looking forward to your prompt response.",Product Information,Medium,Phone,Negative,Resolved,8.51,33.16,5,18,98,good day many user add single license looking forward prompt response,98,11
TKT-2635,"Hi, Do you offer any educational or nonprofit discounts",Product Information,High,Chat,Negative,Resolved,1.01,8.06,4,9,55,offer educational nonprofit discount,55,4
TKT-2636,How do I initiate a return for an online purchase Please let me know what steps I should take.,Returns & Refunds,High,Email,Negative,Resolved,7.92,10.21,5,19,94,initiate return online purchase please let know step take,94,9
TKT-2637,"To whom it may concern, Can I use the product offline without internet connection Please help me resolve this as soon as possible.",Product Information,Low,Email,Neutral,Escalated,13.23,39.65,3,23,130,may concern use product offline without internet connection please help resolve soon possible,130,13
TKT-2638,"Dear team, The payment gateway keeps showing an error I have been waiting for a while now.",Billing & Payments,High,Chat,Neutral,Resolved,1.64,15.02,3,17,90,dear team payment gateway keep showing error waiting,90,8
TKT-2639,"Dear team, The payment gateway keeps showing an error I need urgent assistance with this.",Billing & Payments,Low,Web Form,Negative,Resolved,1.45,18.92,5,15,89,dear team payment gateway keep showing error need urgent assistance,89,10
TKT-2640,The export function produces corrupt files Please let me know what steps I should take.,Technical Support,Medium,Chat,Negative,Resolved,15.54,29.13,5,15,87,export function produce corrupt file please let know step take,87,10
TKT-2641,"Hello, Can I use the product offline without internet connection I need urgent assistance with this.",Product Information,Medium,Chat,Neutral,Resolved,2.17,20.73,4,16,100,hello use product offline without internet connection need urgent assistance,100,10
TKT-2642,"Hello, Error message appears every time I try to save Please let me know what steps I should take.",Technical Support,Medium,Web Form,Negative,Resolved,4.17,23.52,5,19,98,hello error message appears every time try save please let know step take,98,13
TKT-2643,"To whom it may concern, My order has not arrived yet and it is overdue Please help me resolve this as soon as possible.",Shipping & Delivery,Medium,Chat,Negative,Resolved,3.79,267.16,4,24,119,may concern order arrived yet overdue please help resolve soon possible,119,11
TKT-2644,What is the data retention policy for your service,Product Information,High,Chat,Negative,Resolved,7.34,33.13,3,9,50,data retention policy service,50,4
TKT-2645,"To whom it may concern, The courier left my package in the wrong location Thank you for your help.",Shipping & Delivery,Medium,Chat,Neutral,Resolved,23.16,40.46,5,19,98,may concern courier left package wrong location thank help,98,9
TKT-2646,"Hi there, I want to merge two accounts into one Looking forward to your prompt response.",Account Management,Medium,Phone,Neutral,Resolved,23.14,64.82,3,16,88,want merge two account one looking forward prompt response,88,9
TKT-2647,"Hi there, Subscription fee was deducted twice this month Please let me know what steps I should take.",Billing & Payments,Low,Phone,Positive,Resolved,2.81,134.01,4,18,101,subscription fee deducted twice month please let know step take,101,10
TKT-2648,"Dear team, I want to upgrade my plan but billing is confusing Looking forward to your prompt response.",Billing & Payments,Medium,Web Form,Negative,Resolved,1.62,19.59,5,18,102,dear team want upgrade plan billing confusing looking forward prompt response,102,11
TKT-2649,"Hi there, My order has not arrived yet and it is overdue Please help me resolve this as soon as possible.",Shipping & Delivery,Critical,Phone,Negative,Resolved,1.79,2.79,5,21,105,order arrived yet overdue please help resolve soon possible,105,9
TKT-2650,"Hello, My account shows wrong subscription plan Looking forward to your prompt response.",Account Management,Medium,Chat,Neutral,Resolved,34.82,63.42,5,13,88,hello account show wrong subscription plan looking forward prompt response,88,10
TKT-2651,"Hi there, I received a damaged item in my shipment Please let me know what steps I should take.",Shipping & Delivery,Low,Phone,Negative,Pending,22.41,82.31,4,19,95,received damaged item shipment please let know step take,95,9
TKT-2652,"Hi there, I cannot install the application on my laptop Please let me know what steps I should take.",Technical Support,High,Chat,Positive,Pending,1.17,25.63,3,19,100,cannot install application laptop please let know step take,100,9
TKT-2653,"Hello, I forgot my password and need to reset it Looking forward to your prompt response.",Account Management,High,Chat,Neutral,Resolved,0.5,17.35,4,16,89,hello forgot password need reset looking forward prompt response,89,9
TKT-2654,"Dear Support, The courier left my package in the wrong location",Shipping & Delivery,Medium,Phone,Positive,Resolved,1.97,39.48,5,11,63,dear support courier left package wrong location,63,7
TKT-2655,"Hi there, I need to change the email address on my account This is affecting my work significantly.",Account Management,Medium,Email,Negative,Resolved,26.99,72.2,5,18,99,need change email address account affecting work significantly,99,8
TKT-2656,Does the product support integration with Salesforce Please help me resolve this as soon as possible.,Product Information,Medium,Phone,Neutral,Resolved,13.63,36.67,5,16,101,product support integration salesforce please help resolve soon possible,101,9
TKT-2657,"Dear Support, Please help me delete my account permanently Looking forward to your prompt response.",Account Management,Medium,Phone,Neutral,Pending,8.68,13.73,2,15,99,dear support please help delete account permanently looking forward prompt response,99,11
TKT-2658,"Hi team, Does your product comply with GDPR regulations This is affecting my work significantly.",Product Information,Medium,Web Form,Neutral,Pending,19.66,36.72,3,15,96,team product comply gdpr regulation affecting work significantly,96,8
TKT-2659,"Dear Support, I sent the return package but got no confirmation This is affecting my work significantly.",Returns & Refunds,Medium,Chat,Neutral,Resolved,28.07,37.9,4,17,104,dear support sent return package got confirmation affecting work significantly,104,10
TKT-2660,"To whom it may concern, The courier left my package in the wrong location Please help me resolve this as soon as possible.",Shipping & Delivery,Critical,Email,Positive,Pending,0.5,8.0,2,23,122,may concern courier left package wrong location please help resolve soon possible,122,12
TKT-2661,"Hello, I was denied a refund but the product is faulty Please help me resolve this as soon as possible.",Returns & Refunds,Medium,Email,Neutral,Resolved,1.47,4.14,5,20,103,hello denied refund product faulty please help resolve soon possible,103,10
TKT-2662,"Hi team, Error message appears every time I try to save",Technical Support,Medium,Web Form,Neutral,Resolved,29.0,74.27,5,11,55,team error message appears every time try save,55,8
TKT-2663,My account shows wrong subscription plan This is affecting my work significantly.,Account Management,Medium,Chat,Neutral,Resolved,7.89,26.32,5,12,81,account show wrong subscription plan affecting work significantly,81,8
TKT-2664,"Hi team, What languages does your platform currently support",Product Information,High,Email,Neutral,Pending,0.5,5.71,3,9,60,team language platform currently support,60,5
TKT-2665,I need to change the email address on my account Thank you for your help.,Account Management,Low,Chat,Negative,Resolved,1.84,15.69,5,15,73,need change email address account thank help,73,7
TKT-2666,"Dear team, I cannot find my billing history on the portal Thank you for your help.",Billing & Payments,Medium,Chat,Negative,Escalated,4.26,74.62,3,16,82,dear team cannot find billing history portal thank help,82,9
TKT-2667,Can I exchange the product for a different size Please help me resolve this as soon as possible.,Returns & Refunds,Medium,Chat,Negative,Pending,10.25,74.69,3,18,96,exchange product different size please help resolve soon possible,96,9
TKT-2668,"To whom it may concern, I need a copy of my tax invoice for last year Thank you for your help.",Billing & Payments,Low,Email,Neutral,Resolved,56.62,59.32,4,21,94,may concern need copy tax invoice last year thank help,94,10
TKT-2669,"Hi there, I need to schedule a redelivery for my parcel I have been waiting for a while now.",Shipping & Delivery,Medium,Email,Negative,Resolved,2.15,11.88,4,19,92,need schedule redelivery parcel waiting,92,5
TKT-2670,"Hello, I want to merge two accounts into one Please let me know what steps I should take.",Account Management,Low,Email,Negative,Resolved,31.36,60.07,5,18,89,hello want merge two account one please let know step take,89,11
TKT-2671,"Hi team, I need a prepaid return label for my item",Returns & Refunds,Low,Web Form,Negative,Pending,7.26,36.62,3,11,50,team need prepaid return label item,50,6
TKT-2672,"Good day, My store credit was not applied to my account This is affecting my work significantly.",Returns & Refunds,Critical,Email,Negative,Resolved,0.68,1.68,4,17,96,good day store credit applied account affecting work significantly,96,9
TKT-2673,"Dear Support, I need to cancel my order before it is shipped I have been waiting for a while now.",Shipping & Delivery,Low,Web Form,Negative,Escalated,11.29,77.08,3,20,97,dear support need cancel order shipped waiting,97,7
TKT-2674,"Hi, My order has not arrived yet and it is overdue I need urgent assistance with this.",Shipping & Delivery,Low,Email,Negative,Resolved,12.37,18.06,5,17,86,order arrived yet overdue need urgent assistance,86,7
TKT-2675,"Hello, I was billed after cancelling my account I need urgent assistance with this.",Billing & Payments,Low,Web Form,Neutral,Resolved,16.32,77.45,4,14,83,hello billed cancelling account need urgent assistance,83,7
TKT-2676,"To whom it may concern, I sent the return package but got no confirmation This is affecting my work significantly.",Returns & Refunds,Medium,Email,Neutral,Pending,1.32,45.9,2,20,114,may concern sent return package got confirmation affecting work significantly,114,10
TKT-2677,"Hi there, I was denied a refund but the product is faulty This is affecting my work significantly.",Returns & Refunds,Medium,Phone,Neutral,Resolved,11.72,48.94,5,18,98,denied refund product faulty affecting work significantly,98,7
TKT-2678,"Hello, I was charged twice for my subscription this month Please help me resolve this as soon as possible.",Billing & Payments,Low,Email,Neutral,Resolved,100.69,221.82,3,19,106,hello charged twice subscription month please help resolve soon possible,106,10
TKT-2679,"Good day, I need to schedule a redelivery for my parcel I need urgent assistance with this.",Shipping & Delivery,Low,Email,Positive,Resolved,18.29,158.83,5,17,91,good day need schedule redelivery parcel need urgent assistance,91,8
TKT-2680,"Hello, The item I received is defective and I need replacement Looking forward to your prompt response.",Returns & Refunds,Low,Phone,Neutral,Resolved,43.85,217.0,4,17,103,hello item received defective need replacement looking forward prompt response,103,10
TKT-2681,"Dear Support, What languages does your platform currently support I need urgent assistance with this.",Product Information,Medium,Email,Positive,Resolved,6.78,42.97,4,15,101,dear support language platform currently support need urgent assistance,101,8
TKT-2682,"Hi there, My refund has not been processed after two weeks Please let me know what steps I should take.",Returns & Refunds,Low,Email,Positive,Resolved,2.81,22.52,4,20,103,refund processed two week please let know step take,103,9
TKT-2683,"Hello, What languages does your platform currently support",Product Information,Critical,Chat,Neutral,Resolved,1.95,5.35,4,8,58,hello language platform currently support,58,5
TKT-2684,"To whom it may concern, I cannot verify my email address with the link sent Please let me know what steps I should take.",Account Management,Medium,Phone,Negative,Pending,24.56,98.03,3,24,120,may concern cannot verify email address link sent please let know step take,120,13
TKT-2685,"Hi there, I cannot log in to my account after the update Please help me resolve this as soon as possible.",Technical Support,Medium,Email,Negative,Pending,57.94,65.21,3,21,105,cannot log account update please help resolve soon possible,105,9
TKT-2686,"To whom it may concern, Does your product comply with GDPR regulations Please help me resolve this as soon as possible.",Product Information,High,Email,Neutral,Resolved,2.01,4.35,4,21,119,may concern product comply gdpr regulation please help resolve soon possible,119,11
TKT-2687,"Dear Support, I want to merge two accounts into one",Account Management,Medium,Email,Negative,Escalated,15.53,17.45,1,10,51,dear support want merge two account one,51,7
TKT-2688,"Good day, My promo code is not being applied to my bill Thank you for your help.",Billing & Payments,Low,Email,Negative,Escalated,4.23,24.04,2,17,80,good day promo code applied bill thank help,80,8
TKT-2689,"Dear team, Dashboard is not loading any data for me I need urgent assistance with this.",Technical Support,Medium,Email,Neutral,Pending,30.63,69.12,3,16,87,dear team dashboard loading data need urgent assistance,87,8
TKT-2690,"Hi team, The software is not compatible with my operating system This is affecting my work significantly.",Technical Support,High,Email,Negative,Resolved,10.99,13.15,3,17,105,team software compatible operating system affecting work significantly,105,8
TKT-2691,"Hello, I need to schedule a redelivery for my parcel",Shipping & Delivery,Medium,Web Form,Negative,Pending,9.14,12.94,3,10,52,hello need schedule redelivery parcel,52,5
TKT-2692,"Hello, I was denied a refund but the product is faulty Please help me resolve this as soon as possible.",Returns & Refunds,High,Email,Positive,Resolved,3.6,29.74,5,20,103,hello denied refund product faulty please help resolve soon possible,103,10
TKT-2693,"Hi there, My invoice shows incorrect amount, please fix it",Billing & Payments,Critical,Phone,Positive,Escalated,0.5,11.39,1,10,58,invoice show incorrect amount please fix,58,6
TKT-2694,"Dear Support, My promo code is not being applied to my bill Please help me resolve this as soon as possible.",Billing & Payments,High,Chat,Negative,Pending,0.51,9.62,2,21,108,dear support promo code applied bill please help resolve soon possible,108,11
TKT-2695,"Hi team, I want to upgrade my plan but billing is confusing Please let me know what steps I should take.",Billing & Payments,High,Email,Negative,Escalated,6.62,40.08,2,21,104,team want upgrade plan billing confusing please let know step take,104,11
TKT-2696,"To whom it may concern, The export function produces corrupt files Thank you for your help.",Technical Support,Low,Chat,Positive,Resolved,23.84,336.05,4,16,91,may concern export function produce corrupt file thank help,91,9
TKT-2697,My order has not arrived yet and it is overdue,Shipping & Delivery,Medium,Web Form,Negative,Pending,19.5,39.53,3,10,46,order arrived yet overdue,46,4
TKT-2698,"Hi team, Does your product comply with GDPR regulations I need urgent assistance with this.",Product Information,High,Email,Neutral,Resolved,0.5,15.7,3,15,91,team product comply gdpr regulation need urgent assistance,91,8
TKT-2699,"Hi, I want to change the delivery address for my order Thank you for your help.",Shipping & Delivery,Low,Chat,Neutral,Resolved,26.95,31.07,3,16,79,want change delivery address order thank help,79,7
TKT-2700,"Hello, I sent the return package but got no confirmation I have been waiting for a while now.",Returns & Refunds,Medium,Email,Neutral,Resolved,27.13,69.5,3,18,93,hello sent return package got confirmation waiting,93,7
TKT-2701,"Hi there, I want to change my username on the platform Thank you for your help.",Account Management,Low,Chat,Negative,Pending,29.03,130.69,3,16,79,want change username platform thank help,79,6
TKT-2702,"Hello, I want to upgrade my plan but billing is confusing I have been waiting for a while now.",Billing & Payments,Medium,Web Form,Neutral,Resolved,11.1,19.27,5,19,94,hello want upgrade plan billing confusing waiting,94,7
TKT-2703,"Hello, I need to cancel my order before it is shipped",Shipping & Delivery,Critical,Web Form,Negative,Pending,0.5,6.04,4,11,53,hello need cancel order shipped,53,5
TKT-2704,"Good day, I want to change my username on the platform Looking forward to your prompt response.",Account Management,Low,Email,Positive,Escalated,49.13,50.13,1,17,95,good day want change username platform looking forward prompt response,95,10
TKT-2705,"Hi team, My order has not arrived yet and it is overdue This is affecting my work significantly.",Shipping & Delivery,Medium,Chat,Neutral,Pending,0.97,7.36,2,18,96,team order arrived yet overdue affecting work significantly,96,8
TKT-2706,"Hi team, My profile picture is not updating correctly I need urgent assistance with this.",Account Management,Low,Email,Negative,Resolved,15.9,22.75,3,15,89,team profile picture updating correctly need urgent assistance,89,8
TKT-2707,"To whom it may concern, My store credit was not applied to my account",Returns & Refunds,Low,Phone,Negative,Escalated,9.76,32.66,2,14,69,may concern store credit applied account,69,6
TKT-2708,"Dear team, I want to upgrade my plan but billing is confusing This is affecting my work significantly.",Billing & Payments,High,Email,Negative,Resolved,4.74,26.16,5,18,102,dear team want upgrade plan billing confusing affecting work significantly,102,10
TKT-2709,"Good day, The application keeps crashing when I open it Please help me resolve this as soon as possible.",Technical Support,Medium,Web Form,Negative,Resolved,41.23,108.85,4,19,104,good day application keep crashing open please help resolve soon possible,104,11
TKT-2710,"Good day, I need a prepaid return label for my item",Returns & Refunds,Low,Web Form,Negative,Resolved,2.53,23.99,5,11,51,good day need prepaid return label item,51,7
TKT-2711,Can you explain the difference between basic and pro Please let me know what steps I should take.,Product Information,Low,Chat,Neutral,Resolved,4.13,146.0,4,18,97,explain difference basic pro please let know step take,97,9
TKT-2712,"Dear team, Can I use the product offline without internet connection Please help me resolve this as soon as possible.",Product Information,Critical,Email,Neutral,Resolved,0.5,2.78,3,20,117,dear team use product offline without internet connection please help resolve soon possible,117,13
TKT-2713,"Hi, Please update my payment method to a new card I have been waiting for a while now.",Billing & Payments,Medium,Email,Negative,Resolved,17.89,123.49,3,18,86,please update payment method new card waiting,86,7
TKT-2714,"Hi team, I want to return the product I bought last week I need urgent assistance with this.",Returns & Refunds,Low,Web Form,Negative,Resolved,0.5,149.46,4,18,92,team want return product bought last week need urgent assistance,92,10
TKT-2715,Dashboard is not loading any data for me,Technical Support,Critical,Email,Neutral,Pending,0.5,4.96,3,8,40,dashboard loading data,40,3
TKT-2716,"Dear Support, Please process my refund to the original payment method This is affecting my work significantly.",Returns & Refunds,Critical,Chat,Neutral,Pending,3.88,13.52,2,17,110,dear support please process refund original payment method affecting work significantly,110,11
TKT-2717,"Dear Support, I was charged twice for my subscription this month",Billing & Payments,High,Chat,Negative,Resolved,0.5,22.25,3,11,64,dear support charged twice subscription month,64,6
TKT-2718,"Dear team, I want to return the product I bought last week Please help me resolve this as soon as possible.",Returns & Refunds,Low,Web Form,Neutral,Resolved,87.82,129.5,3,21,107,dear team want return product bought last week please help resolve soon possible,107,13
TKT-2719,"Dear Support, The export function produces corrupt files Please help me resolve this as soon as possible.",Technical Support,High,Email,Negative,Resolved,2.79,7.75,5,17,105,dear support export function produce corrupt file please help resolve soon possible,105,12
TKT-2720,"Hi, Dashboard is not loading any data for me Please let me know what steps I should take.",Technical Support,Medium,Email,Negative,Resolved,22.85,52.18,4,18,89,dashboard loading data please let know step take,89,8
TKT-2721,"Dear Support, My promo code is not being applied to my bill I need urgent assistance with this.",Billing & Payments,Medium,Chat,Neutral,Pending,15.55,19.17,2,18,95,dear support promo code applied bill need urgent assistance,95,9
TKT-2722,"Dear team, My invoice shows incorrect amount, please fix it This is affecting my work significantly.",Billing & Payments,Critical,Email,Negative,Resolved,0.5,3.65,5,16,100,dear team invoice show incorrect amount please fix affecting work significantly,100,11
TKT-2723,"Hi team, Why was my card declined when making a payment I have been waiting for a while now.",Billing & Payments,High,Chat,Negative,Pending,0.53,10.5,4,19,92,team card declined making payment waiting,92,6
TKT-2724,"Hi team, The replacement item also arrived damaged I have been waiting for a while now.",Returns & Refunds,High,Web Form,Negative,Resolved,2.24,7.07,5,16,87,team replacement item also arrived damaged waiting,87,7
TKT-2725,I want to upgrade my plan but billing is confusing Looking forward to your prompt response.,Billing & Payments,High,Chat,Neutral,Resolved,0.65,38.64,4,16,91,want upgrade plan billing confusing looking forward prompt response,91,9
TKT-2726,"Hi, My account has been locked and I cannot access it Looking forward to your prompt response.",Account Management,High,Email,Neutral,Resolved,5.78,16.22,5,17,94,account locked cannot access looking forward prompt response,94,8
TKT-2727,"Hello, Please help me delete my account permanently Please let me know what steps I should take.",Account Management,Low,Email,Neutral,Resolved,23.7,83.83,5,17,96,hello please help delete account permanently please let know step take,96,10
TKT-2728,"Dear Support, The feature stopped working after the last update I have been waiting for a while now.",Technical Support,Medium,Email,Neutral,Resolved,22.69,57.19,3,18,100,dear support feature stopped working last update waiting,100,8
TKT-2729,"Dear team, The tracking number provided is not working This is affecting my work significantly.",Shipping & Delivery,Low,Phone,Negative,Pending,12.54,34.41,4,15,95,dear team tracking number provided working affecting work significantly,95,9
TKT-2730,"Dear Support, My order has not arrived yet and it is overdue I need urgent assistance with this.",Shipping & Delivery,High,Phone,Neutral,Pending,1.41,8.08,2,18,96,dear support order arrived yet overdue need urgent assistance,96,9
TKT-2731,"Hi team, I need a prepaid return label for my item Looking forward to your prompt response.",Returns & Refunds,Low,Phone,Negative,Resolved,130.28,136.01,4,17,91,team need prepaid return label item looking forward prompt response,91,10
TKT-2732,"Hello, My promo code is not being applied to my bill Please help me resolve this as soon as possible.",Billing & Payments,High,Email,Negative,Pending,2.42,13.26,4,20,101,hello promo code applied bill please help resolve soon possible,101,10
TKT-2733,"Hello, I need a refund for the payment made last week Please let me know what steps I should take.",Billing & Payments,Medium,Web Form,Negative,Resolved,13.31,35.73,5,20,98,hello need refund payment made last week please let know step take,98,12
TKT-2734,"Dear team, Is there an API available for custom integrations Looking forward to your prompt response.",Product Information,Low,Email,Neutral,Resolved,10.25,113.87,5,16,101,dear team api available custom integration looking forward prompt response,101,10
TKT-2735,"Hi there, The website is showing a 500 internal server error",Technical Support,Low,Web Form,Negative,Resolved,26.62,40.49,4,11,60,website showing internal server error,60,5
TKT-2736,"Dear Support, What are the system requirements for your software Please help me resolve this as soon as possible.",Product Information,Medium,Email,Positive,Resolved,3.48,23.69,4,19,113,dear support system requirement software please help resolve soon possible,113,10
TKT-2737,"Dear team, The tracking number provided is not working I need urgent assistance with this.",Shipping & Delivery,Low,Email,Negative,Resolved,0.5,6.32,4,15,90,dear team tracking number provided working need urgent assistance,90,9
TKT-2738,"To whom it may concern, I was denied a refund but the product is faulty Thank you for your help.",Returns & Refunds,Low,Chat,Neutral,Resolved,6.31,36.64,5,20,96,may concern denied refund product faulty thank help,96,8
TKT-2739,"Good day, I need a copy of my tax invoice for last year This is affecting my work significantly.",Billing & Payments,High,Chat,Negative,Resolved,1.82,27.2,3,19,96,good day need copy tax invoice last year affecting work significantly,96,11
TKT-2740,"Hello, I need a copy of my tax invoice for last year I have been waiting for a while now.",Billing & Payments,Critical,Email,Negative,Pending,0.93,2.92,2,20,89,hello need copy tax invoice last year waiting,89,8
TKT-2741,"Good day, The delivery estimate keeps getting pushed further",Shipping & Delivery,Low,Chat,Negative,Resolved,1.81,91.97,5,9,60,good day delivery estimate keep getting pushed,60,7
TKT-2742,"Good day, The replacement item also arrived damaged Please let me know what steps I should take.",Returns & Refunds,Medium,Chat,Negative,Resolved,3.19,105.24,4,17,96,good day replacement item also arrived damaged please let know step take,96,12
TKT-2743,"Hello, Why was my card declined when making a payment Looking forward to your prompt response.",Billing & Payments,Medium,Email,Neutral,Pending,4.16,45.12,2,16,94,hello card declined making payment looking forward prompt response,94,9
TKT-2744,"Dear team, I sent the return package but got no confirmation Looking forward to your prompt response.",Returns & Refunds,High,Email,Positive,Pending,0.5,27.92,3,17,101,dear team sent return package got confirmation looking forward prompt response,101,11
TKT-2745,"Hi, Dashboard is not loading any data for me Please help me resolve this as soon as possible.",Technical Support,Medium,Chat,Neutral,Resolved,57.35,204.49,5,18,93,dashboard loading data please help resolve soon possible,93,8
TKT-2746,"Hi there, Can I exchange the product for a different size This is affecting my work significantly.",Returns & Refunds,Medium,Email,Neutral,Pending,4.78,7.59,2,17,98,exchange product different size affecting work significantly,98,7
TKT-2747,"To whom it may concern, Is there a free trial available for your enterprise plan",Product Information,Low,Chat,Neutral,Pending,9.81,16.0,3,15,80,may concern free trial available enterprise plan,80,7
TKT-2748,"Hi, My invoice shows incorrect amount, please fix it Looking forward to your prompt response.",Billing & Payments,Low,Email,Negative,Escalated,5.72,51.85,3,15,93,invoice show incorrect amount please fix looking forward prompt response,93,10
TKT-2749,"Dear team, The application keeps crashing when I open it I need urgent assistance with this.",Technical Support,High,Web Form,Negative,Resolved,0.5,1.5,5,16,92,dear team application keep crashing open need urgent assistance,92,9
TKT-2750,"Dear team, Why was my card declined when making a payment I have been waiting for a while now.",Billing & Payments,Critical,Email,Positive,Resolved,0.5,1.5,5,19,94,dear team card declined making payment waiting,94,7
TKT-2751,"To whom it may concern, What are the system requirements for your software This is affecting my work significantly.",Product Information,Medium,Chat,Negative,Pending,19.16,51.77,2,19,115,may concern system requirement software affecting work significantly,115,8
TKT-2752,"Good day, Please update my payment method to a new card I need urgent assistance with this.",Billing & Payments,Medium,Web Form,Negative,Pending,6.35,58.24,2,17,91,good day please update payment method new card need urgent assistance,91,11
TKT-2753,"Hi team, The export function produces corrupt files This is affecting my work significantly.",Technical Support,High,Chat,Neutral,Resolved,3.77,5.3,5,14,92,team export function produce corrupt file affecting work significantly,92,9
TKT-2754,"Hello, What are the system requirements for your software",Product Information,Low,Email,Negative,Pending,11.89,109.11,3,9,57,hello system requirement software,57,4
TKT-2755,"Hi, I received the wrong item in my package Thank you for your help.",Shipping & Delivery,Medium,Web Form,Neutral,Resolved,2.89,22.37,4,14,68,received wrong item package thank help,68,6
TKT-2756,"Dear team, My data is not syncing across devices properly Looking forward to your prompt response.",Technical Support,High,Email,Negative,Resolved,0.5,7.19,4,16,98,dear team data syncing across device properly looking forward prompt response,98,11
TKT-2757,"Dear Support, How many users can I add under a single license",Product Information,Critical,Web Form,Neutral,Resolved,0.68,3.42,3,12,61,dear support many user add single license,61,7
TKT-2758,"To whom it may concern, How do I initiate a return for an online purchase Please let me know what steps I should take.",Returns & Refunds,Medium,Email,Negative,Resolved,11.79,98.64,4,24,118,may concern initiate return online purchase please let know step take,118,11
TKT-2759,"Dear Support, I keep getting disconnected from the server Please help me resolve this as soon as possible.",Technical Support,Medium,Phone,Negative,Resolved,11.44,52.42,4,18,106,dear support keep getting disconnected server please help resolve soon possible,106,11
TKT-2760,"Hi, I need a prepaid return label for my item Please let me know what steps I should take.",Returns & Refunds,Medium,Chat,Negative,Resolved,2.5,3.5,5,19,90,need prepaid return label item please let know step take,90,10
TKT-2761,"Dear team, I cannot log in to my account after the update",Technical Support,Medium,Chat,Negative,Resolved,2.69,58.89,5,12,57,dear team cannot log account update,57,6
TKT-2762,"To whom it may concern, Does the product support integration with Salesforce This is affecting my work significantly.",Product Information,Low,Chat,Negative,Resolved,101.83,255.94,5,18,117,may concern product support integration salesforce affecting work significantly,117,9
TKT-2763,"Dear Support, Please remove the two factor authentication from my account Looking forward to your prompt response.",Account Management,Medium,Chat,Positive,Resolved,18.91,24.77,5,17,114,dear support please remove two factor authentication account looking forward prompt response,114,12
TKT-2764,"Good day, The delivery estimate keeps getting pushed further I need urgent assistance with this.",Shipping & Delivery,Medium,Chat,Neutral,Pending,20.06,26.16,3,15,96,good day delivery estimate keep getting pushed need urgent assistance,96,10
TKT-2765,"Dear team, Can I use the product offline without internet connection This is affecting my work significantly.",Product Information,Low,Web Form,Neutral,Pending,6.99,35.52,3,17,109,dear team use product offline without internet connection affecting work significantly,109,11
TKT-2766,"Dear team, I received the wrong item in my package Please let me know what steps I should take.",Shipping & Delivery,Low,Email,Negative,Pending,14.96,122.3,2,19,95,dear team received wrong item package please let know step take,95,11
TKT-2767,"Hi team, Subscription fee was deducted twice this month This is affecting my work significantly.",Billing & Payments,Medium,Email,Positive,Resolved,21.3,37.12,4,15,96,team subscription fee deducted twice month affecting work significantly,96,9
TKT-2768,"Hi team, I keep getting disconnected from the server This is affecting my work significantly.",Technical Support,High,Chat,Positive,Resolved,1.34,30.47,5,15,93,team keep getting disconnected server affecting work significantly,93,8
TKT-2769,"Hi, The tracking number provided is not working Thank you for your help.",Shipping & Delivery,Low,Web Form,Negative,Resolved,9.01,70.47,4,13,72,tracking number provided working thank help,72,6
TKT-2770,"Dear team, I was charged twice for my subscription this month Please help me resolve this as soon as possible.",Billing & Payments,Medium,Phone,Neutral,Resolved,7.2,121.77,4,20,110,dear team charged twice subscription month please help resolve soon possible,110,11
TKT-2771,"Hi team, Can I use the product offline without internet connection",Product Information,Medium,Web Form,Negative,Pending,21.09,37.16,3,11,66,team use product offline without internet connection,66,7
TKT-2772,"Dear team, The item I received is defective and I need replacement",Returns & Refunds,Low,Phone,Negative,Resolved,18.02,56.16,4,12,66,dear team item received defective need replacement,66,7
TKT-2773,I cannot log in to my account after the update Please help me resolve this as soon as possible.,Technical Support,Critical,Email,Positive,Resolved,3.54,15.17,5,19,95,cannot log account update please help resolve soon possible,95,9
TKT-2774,"Hi team, My store credit was not applied to my account This is affecting my work significantly.",Returns & Refunds,High,Email,Neutral,Escalated,0.5,1.93,2,17,95,team store credit applied account affecting work significantly,95,8
TKT-2775,"Hi there, I keep getting disconnected from the server This is affecting my work significantly.",Technical Support,High,Chat,Neutral,Escalated,0.65,8.18,2,15,94,keep getting disconnected server affecting work significantly,94,7
TKT-2776,"Hi, The item I received is defective and I need replacement",Returns & Refunds,High,Email,Neutral,Resolved,4.15,55.35,3,11,59,item received defective need replacement,59,5
TKT-2777,"Dear Support, I was denied a refund but the product is faulty",Returns & Refunds,High,Web Form,Negative,Resolved,2.64,7.48,3,12,61,dear support denied refund product faulty,61,6
TKT-2778,"Hi, The courier left my package in the wrong location",Shipping & Delivery,Low,Web Form,Negative,Resolved,6.33,15.63,3,10,53,courier left package wrong location,53,5
TKT-2779,"Hi team, Does the product support integration with Salesforce Looking forward to your prompt response.",Product Information,Medium,Email,Negative,Pending,25.13,79.92,2,15,102,team product support integration salesforce looking forward prompt response,102,9
TKT-2780,"Dear team, I want to change my username on the platform Please help me resolve this as soon as possible.",Account Management,High,Email,Neutral,Resolved,2.53,9.17,4,20,104,dear team want change username platform please help resolve soon possible,104,11
TKT-2781,"Hi team, The item I received is defective and I need replacement I have been waiting for a while now.",Returns & Refunds,Low,Phone,Negative,Escalated,8.42,28.64,1,20,101,team item received defective need replacement waiting,101,7
TKT-2782,"Hi there, My order has not arrived yet and it is overdue Thank you for your help.",Shipping & Delivery,Low,Phone,Negative,Resolved,27.36,52.26,4,17,81,order arrived yet overdue thank help,81,6
TKT-2783,My profile picture is not updating correctly This is affecting my work significantly.,Account Management,Medium,Chat,Neutral,Resolved,3.81,7.14,5,13,85,profile picture updating correctly affecting work significantly,85,7
TKT-2784,"To whom it may concern, The item I received is defective and I need replacement Please help me resolve this as soon as possible.",Returns & Refunds,High,Phone,Neutral,Resolved,0.95,6.95,3,24,128,may concern item received defective need replacement please help resolve soon possible,128,12
TKT-2785,"To whom it may concern, I need to schedule a redelivery for my parcel Please help me resolve this as soon as possible.",Shipping & Delivery,Low,Email,Negative,Pending,9.82,20.2,2,23,118,may concern need schedule redelivery parcel please help resolve soon possible,118,11
TKT-2786,"To whom it may concern, I was billed after cancelling my account",Billing & Payments,Critical,Phone,Negative,Resolved,1.83,6.76,3,12,64,may concern billed cancelling account,64,5
TKT-2787,"To whom it may concern, My order has not arrived yet and it is overdue I have been waiting for a while now.",Shipping & Delivery,Low,Web Form,Negative,Resolved,26.28,252.08,4,23,107,may concern order arrived yet overdue waiting,107,7
TKT-2788,Dashboard is not loading any data for me I need urgent assistance with this.,Technical Support,High,Email,Neutral,Escalated,2.91,21.8,1,14,76,dashboard loading data need urgent assistance,76,6
TKT-2789,"Good day, The courier left my package in the wrong location Looking forward to your prompt response.",Shipping & Delivery,Medium,Chat,Negative,Resolved,0.67,67.15,5,17,100,good day courier left package wrong location looking forward prompt response,100,11
TKT-2790,My account has been locked and I cannot access it I need urgent assistance with this.,Account Management,Medium,Email,Positive,Resolved,0.5,34.97,3,16,85,account locked cannot access need urgent assistance,85,7
TKT-2791,"Good day, I sent the return package but got no confirmation This is affecting my work significantly.",Returns & Refunds,Low,Email,Negative,Resolved,3.88,66.37,5,17,100,good day sent return package got confirmation affecting work significantly,100,10
TKT-2792,"Hi there, Please update my personal information in the system Thank you for your help.",Account Management,High,Email,Neutral,Resolved,2.22,37.21,4,15,86,please update personal information system thank help,86,7
TKT-2793,"Hello, I forgot my password and need to reset it I have been waiting for a while now.",Account Management,Low,Phone,Positive,Resolved,24.72,166.86,4,18,85,hello forgot password need reset waiting,85,6
TKT-2794,"Dear team, My account shows wrong subscription plan I need urgent assistance with this.",Account Management,Low,Chat,Neutral,Pending,18.17,100.88,3,14,87,dear team account show wrong subscription plan need urgent assistance,87,10
TKT-2795,Is there an API available for custom integrations Please let me know what steps I should take.,Product Information,High,Email,Negative,Pending,4.54,32.43,2,17,94,api available custom integration please let know step take,94,9
TKT-2796,"To whom it may concern, Do you offer any educational or nonprofit discounts I need urgent assistance with this.",Product Information,High,Chat,Negative,Resolved,0.56,41.61,5,19,111,may concern offer educational nonprofit discount need urgent assistance,111,9
TKT-2797,"Hello, Error message appears every time I try to save I need urgent assistance with this.",Technical Support,Low,Email,Positive,Resolved,0.85,57.02,4,16,89,hello error message appears every time try save need urgent assistance,89,11
TKT-2798,"Hi there, Does the product support integration with Salesforce I need urgent assistance with this.",Product Information,Low,Phone,Negative,Escalated,41.48,59.05,1,15,98,product support integration salesforce need urgent assistance,98,7
TKT-2799,"Hi there, I need a refund for the payment made last week I need urgent assistance with this.",Billing & Payments,Low,Phone,Negative,Escalated,51.18,124.48,1,18,92,need refund payment made last week need urgent assistance,92,8
TKT-2800,"Dear team, My refund has not been processed after two weeks Looking forward to your prompt response.",Returns & Refunds,Medium,Phone,Positive,Resolved,6.92,35.85,4,17,100,dear team refund processed two week looking forward prompt response,100,10
TKT-2801,"Hi, The software is not compatible with my operating system Please let me know what steps I should take.",Technical Support,Low,Chat,Neutral,Resolved,41.25,84.44,5,19,104,software compatible operating system please let know step take,104,9
TKT-2802,What languages does your platform currently support Looking forward to your prompt response.,Product Information,High,Email,Negative,Pending,0.5,4.13,2,13,92,language platform currently support looking forward prompt response,92,8
TKT-2803,"Hi team, How many users can I add under a single license",Product Information,Critical,Email,Negative,Resolved,0.5,3.49,5,12,56,team many user add single license,56,6
TKT-2804,"Hi, The replacement item also arrived damaged Please let me know what steps I should take.",Returns & Refunds,High,Email,Negative,Resolved,1.1,6.43,5,16,90,replacement item also arrived damaged please let know step take,90,10
TKT-2805,"Hi, I cannot log in to my account after the update This is affecting my work significantly.",Technical Support,Medium,Email,Negative,Resolved,0.8,28.59,5,17,91,cannot log account update affecting work significantly,91,7
TKT-2806,"To whom it may concern, I need to schedule a redelivery for my parcel Thank you for your help.",Shipping & Delivery,Low,Chat,Negative,Pending,32.93,70.19,3,19,94,may concern need schedule redelivery parcel thank help,94,8
TKT-2807,"To whom it may concern, I need to cancel my order before it is shipped",Shipping & Delivery,High,Chat,Negative,Resolved,0.72,3.46,5,15,70,may concern need cancel order shipped,70,6
TKT-2808,I need to schedule a redelivery for my parcel,Shipping & Delivery,Critical,Email,Neutral,Resolved,0.61,1.64,4,9,45,need schedule redelivery parcel,45,4
TKT-2809,"Dear Support, Is there a free trial available for your enterprise plan Please let me know what steps I should take.",Product Information,High,Phone,Positive,Resolved,1.24,12.33,5,21,115,dear support free trial available enterprise plan please let know step take,115,12
TKT-2810,"Good day, The mobile app is very slow and unresponsive",Technical Support,Medium,Phone,Neutral,Resolved,17.05,31.0,3,10,54,good day mobile app slow unresponsive,54,6
TKT-2811,"Hi, I want to merge two accounts into one Looking forward to your prompt response.",Account Management,Low,Email,Positive,Resolved,9.86,110.6,4,15,82,want merge two account one looking forward prompt response,82,9
TKT-2812,"Dear team, I want to merge two accounts into one Looking forward to your prompt response.",Account Management,High,Phone,Negative,Resolved,5.51,11.59,4,16,89,dear team want merge two account one looking forward prompt response,89,11
TKT-2813,The tracking number provided is not working Please let me know what steps I should take.,Shipping & Delivery,Medium,Email,Negative,Resolved,13.78,33.84,4,16,88,tracking number provided working please let know step take,88,9
TKT-2814,"Dear Support, The website is showing a 500 internal server error Looking forward to your prompt response.",Technical Support,High,Phone,Negative,Pending,3.82,5.78,4,17,105,dear support website showing internal server error looking forward prompt response,105,11
TKT-2815,"Hi, I cannot log in to my account after the update I have been waiting for a while now.",Technical Support,Critical,Email,Positive,Resolved,1.4,5.24,3,19,87,cannot log account update waiting,87,5
TKT-2816,"Dear team, The tracking number provided is not working Please let me know what steps I should take.",Shipping & Delivery,High,Chat,Neutral,Pending,1.59,3.66,2,18,99,dear team tracking number provided working please let know step take,99,11
TKT-2817,"Good day, I need to change the email address on my account Please help me resolve this as soon as possible.",Account Management,Medium,Email,Negative,Resolved,0.9,49.92,5,21,107,good day need change email address account please help resolve soon possible,107,12
TKT-2818,"To whom it may concern, Can I exchange the product for a different size Looking forward to your prompt response.",Returns & Refunds,Low,Web Form,Negative,Resolved,57.03,143.3,5,20,112,may concern exchange product different size looking forward prompt response,112,10
TKT-2819,My account shows wrong subscription plan Looking forward to your prompt response.,Account Management,High,Email,Negative,Resolved,0.98,5.74,5,12,81,account show wrong subscription plan looking forward prompt response,81,9
TKT-2820,"Hello, My order was marked delivered but I did not receive it Please help me resolve this as soon as possible.",Shipping & Delivery,Low,Email,Neutral,Resolved,21.32,206.09,5,21,110,hello order marked delivered receive please help resolve soon possible,110,10
TKT-2821,"Dear Support, What is the data retention policy for your service",Product Information,Medium,Email,Negative,Resolved,27.01,37.3,3,11,64,dear support data retention policy service,64,6
TKT-2822,"Hi, I need to change the email address on my account I have been waiting for a while now.",Account Management,High,Email,Neutral,Resolved,0.59,2.87,3,19,89,need change email address account waiting,89,6
TKT-2823,"Hi there, My store credit was not applied to my account",Returns & Refunds,Medium,Web Form,Negative,Resolved,2.88,17.05,3,11,55,store credit applied account,55,4
TKT-2824,"Dear Support, Please remove the two factor authentication from my account",Account Management,Medium,Phone,Neutral,Resolved,9.47,45.03,5,11,73,dear support please remove two factor authentication account,73,8
TKT-2825,"Hello, My profile picture is not updating correctly",Account Management,Low,Chat,Neutral,Pending,4.72,38.69,3,8,51,hello profile picture updating correctly,51,5
TKT-2826,I need a refund for the payment made last week I need urgent assistance with this.,Billing & Payments,Medium,Phone,Neutral,Escalated,7.88,48.9,3,16,82,need refund payment made last week need urgent assistance,82,8
TKT-2827,"Hi team, I forgot my password and need to reset it This is affecting my work significantly.",Account Management,Low,Phone,Neutral,Resolved,0.89,298.7,4,17,91,team forgot password need reset affecting work significantly,91,8
TKT-2828,"Hello, How many users can I add under a single license I have been waiting for a while now.",Product Information,Medium,Phone,Neutral,Resolved,37.32,56.54,5,19,91,hello many user add single license waiting,91,7
TKT-2829,"Good day, The payment gateway keeps showing an error This is affecting my work significantly.",Billing & Payments,High,Chat,Neutral,Pending,3.27,4.27,3,15,93,good day payment gateway keep showing error affecting work significantly,93,10
TKT-2830,"Hi, My account has been locked and I cannot access it I need urgent assistance with this.",Account Management,Low,Email,Negative,Pending,9.39,56.65,3,17,89,account locked cannot access need urgent assistance,89,7
TKT-2831,"Hello, I received the wrong item in my package Thank you for your help.",Shipping & Delivery,Low,Email,Negative,Resolved,0.5,8.18,5,14,71,hello received wrong item package thank help,71,7
TKT-2832,"To whom it may concern, Error message appears every time I try to save Please help me resolve this as soon as possible.",Technical Support,Critical,Email,Neutral,Resolved,0.8,1.8,5,23,119,may concern error message appears every time try save please help resolve soon possible,119,14
TKT-2833,"Hi team, Can I exchange the product for a different size Looking forward to your prompt response.",Returns & Refunds,Critical,Email,Neutral,Pending,0.5,1.5,2,17,97,team exchange product different size looking forward prompt response,97,9
TKT-2834,"To whom it may concern, The return window has passed but the item is broken Thank you for your help.",Returns & Refunds,Low,Email,Neutral,Resolved,25.65,206.48,4,20,100,may concern return window passed item broken thank help,100,9
TKT-2835,"Hi there, I forgot my password and need to reset it I have been waiting for a while now.",Account Management,Low,Chat,Neutral,Pending,14.57,26.24,3,19,88,forgot password need reset waiting,88,5
TKT-2836,"Dear team, I want to merge two accounts into one I need urgent assistance with this.",Account Management,Low,Email,Negative,Pending,17.45,35.81,3,16,84,dear team want merge two account one need urgent assistance,84,10
TKT-2837,"Dear team, The export function produces corrupt files Thank you for your help.",Technical Support,High,Email,Negative,Resolved,6.44,18.2,4,13,78,dear team export function produce corrupt file thank help,78,9
TKT-2838,"Dear Support, Is there a free trial available for your enterprise plan Thank you for your help.",Product Information,Low,Chat,Neutral,Escalated,12.29,65.35,2,17,95,dear support free trial available enterprise plan thank help,95,9
TKT-2839,"Dear Support, The return window has passed but the item is broken I need urgent assistance with this.",Returns & Refunds,Medium,Phone,Neutral,Resolved,14.97,91.9,4,18,101,dear support return window passed item broken need urgent assistance,101,10
TKT-2840,"Hi there, My data is not syncing across devices properly",Technical Support,Low,Chat,Negative,Resolved,26.34,83.28,4,10,56,data syncing across device properly,56,5
TKT-2841,"Hello, I need to cancel my order before it is shipped Thank you for your help.",Shipping & Delivery,High,Chat,Negative,Resolved,0.5,1.55,4,16,78,hello need cancel order shipped thank help,78,7
TKT-2842,"Hi team, I was charged twice for my subscription this month Please let me know what steps I should take.",Billing & Payments,Medium,Phone,Negative,Pending,8.75,15.34,4,20,104,team charged twice subscription month please let know step take,104,10
TKT-2843,Does the product support integration with Salesforce,Product Information,Medium,Web Form,Positive,Resolved,26.2,27.2,5,7,52,product support integration salesforce,52,4
TKT-2844,"Dear Support, I need a prepaid return label for my item This is affecting my work significantly.",Returns & Refunds,Low,Web Form,Positive,Pending,21.77,83.28,4,17,96,dear support need prepaid return label item affecting work significantly,96,10
TKT-2845,"Hi there, The feature stopped working after the last update",Technical Support,High,Web Form,Negative,Resolved,22.24,23.72,5,10,59,feature stopped working last update,59,5
TKT-2846,"Hi there, I cannot find my billing history on the portal",Billing & Payments,Medium,Email,Neutral,Resolved,8.47,82.17,4,11,56,cannot find billing history portal,56,5
TKT-2847,"Dear team, The courier left my package in the wrong location This is affecting my work significantly.",Shipping & Delivery,Medium,Chat,Negative,Resolved,6.97,33.35,5,17,101,dear team courier left package wrong location affecting work significantly,101,10
TKT-2848,"Dear Support, I was charged twice for my subscription this month Please let me know what steps I should take.",Billing & Payments,High,Chat,Neutral,Pending,1.65,14.53,3,20,109,dear support charged twice subscription month please let know step take,109,11
TKT-2849,"Dear team, I want to change my username on the platform I need urgent assistance with this.",Account Management,Medium,Email,Positive,Resolved,3.99,44.27,3,17,91,dear team want change username platform need urgent assistance,91,9
TKT-2850,"Hi there, The replacement item also arrived damaged Thank you for your help.",Returns & Refunds,High,Chat,Neutral,Resolved,0.97,26.87,3,13,76,replacement item also arrived damaged thank help,76,7
TKT-2851,"Good day, Error message appears every time I try to save Please help me resolve this as soon as possible.",Technical Support,Medium,Email,Negative,Resolved,6.55,50.71,5,20,105,good day error message appears every time try save please help resolve soon possible,105,14
TKT-2852,"Dear team, I cannot find my billing history on the portal I need urgent assistance with this.",Billing & Payments,High,Email,Neutral,Escalated,0.5,21.34,1,17,93,dear team cannot find billing history portal need urgent assistance,93,10
TKT-2853,"To whom it may concern, The courier left my package in the wrong location",Shipping & Delivery,Low,Phone,Neutral,Resolved,23.5,43.03,4,14,73,may concern courier left package wrong location,73,7
TKT-2854,"Hi there, Can I expedite the shipping on my recent order",Shipping & Delivery,Critical,Web Form,Negative,Resolved,1.23,2.23,3,11,56,expedite shipping recent order,56,4
TKT-2855,"To whom it may concern, The item I received is defective and I need replacement Please help me resolve this as soon as possible.",Returns & Refunds,Low,Chat,Negative,Resolved,2.35,185.0,4,24,128,may concern item received defective need replacement please help resolve soon possible,128,12
TKT-2856,"Hi, I need to change the email address on my account Looking forward to your prompt response.",Account Management,Critical,Chat,Negative,Resolved,0.5,7.68,4,17,93,need change email address account looking forward prompt response,93,9
TKT-2857,"Dear Support, My account shows wrong subscription plan I have been waiting for a while now.",Account Management,Low,Web Form,Positive,Resolved,28.33,173.92,4,16,91,dear support account show wrong subscription plan waiting,91,8
TKT-2858,"Hi there, The application keeps crashing when I open it I have been waiting for a while now.",Technical Support,Low,Web Form,Negative,Resolved,11.04,12.04,5,18,92,application keep crashing open waiting,92,5
TKT-2859,"To whom it may concern, What languages does your platform currently support Please help me resolve this as soon as possible.",Product Information,Critical,Email,Negative,Resolved,0.83,3.88,5,21,124,may concern language platform currently support please help resolve soon possible,124,11
TKT-2860,I want to merge two accounts into one I need urgent assistance with this.,Account Management,Low,Phone,Negative,Resolved,18.64,57.15,5,14,73,want merge two account one need urgent assistance,73,8
TKT-2861,"Dear Support, I want to change the delivery address for my order I need urgent assistance with this.",Shipping & Delivery,Medium,Phone,Negative,Escalated,9.55,10.55,1,18,100,dear support want change delivery address order need urgent assistance,100,10
TKT-2862,The tracking number provided is not working I have been waiting for a while now.,Shipping & Delivery,Low,Email,Neutral,Resolved,10.71,50.0,3,15,80,tracking number provided working waiting,80,5
TKT-2863,"Hi there, I want to change my username on the platform Please let me know what steps I should take.",Account Management,Low,Chat,Negative,Resolved,24.15,150.76,4,20,99,want change username platform please let know step take,99,9
TKT-2864,"To whom it may concern, My store credit was not applied to my account I need urgent assistance with this.",Returns & Refunds,Medium,Chat,Negative,Pending,12.42,19.43,3,20,105,may concern store credit applied account need urgent assistance,105,9
TKT-2865,"To whom it may concern, My package was returned to sender by mistake Looking forward to your prompt response.",Shipping & Delivery,Critical,Chat,Negative,Escalated,6.76,9.36,1,19,109,may concern package returned sender mistake looking forward prompt response,109,10
TKT-2866,I need a refund for the payment made last week Please let me know what steps I should take.,Billing & Payments,Medium,Phone,Neutral,Resolved,3.87,61.19,4,19,91,need refund payment made last week please let know step take,91,11
TKT-2867,"Hi team, My account shows wrong subscription plan I have been waiting for a while now.",Account Management,Low,Chat,Negative,Resolved,22.6,81.79,5,16,86,team account show wrong subscription plan waiting,86,7
TKT-2868,"Good day, I cannot log in to my account after the update Looking forward to your prompt response.",Technical Support,Medium,Email,Neutral,Pending,9.43,117.67,3,18,97,good day cannot log account update looking forward prompt response,97,10
TKT-2869,"Good day, I want to change the delivery address for my order I need urgent assistance with this.",Shipping & Delivery,High,Web Form,Negative,Pending,1.27,3.51,3,18,96,good day want change delivery address order need urgent assistance,96,10
TKT-2870,"Hello, What is the data retention policy for your service I need urgent assistance with this.",Product Information,High,Email,Neutral,Resolved,13.88,28.13,4,16,93,hello data retention policy service need urgent assistance,93,8
TKT-2871,"Dear team, The application keeps crashing when I open it I have been waiting for a while now.",Technical Support,Low,Email,Neutral,Resolved,56.94,492.79,3,18,93,dear team application keep crashing open waiting,93,7
TKT-2872,"To whom it may concern, My profile picture is not updating correctly Looking forward to your prompt response.",Account Management,Low,Email,Neutral,Resolved,8.61,24.75,5,18,109,may concern profile picture updating correctly looking forward prompt response,109,10
TKT-2873,Do you offer any educational or nonprofit discounts I have been waiting for a while now.,Product Information,High,Web Form,Negative,Resolved,13.96,16.25,4,16,88,offer educational nonprofit discount waiting,88,5
TKT-2874,"Hi there, The export function produces corrupt files Please help me resolve this as soon as possible.",Technical Support,Medium,Chat,Positive,Resolved,8.86,23.33,4,17,101,export function produce corrupt file please help resolve soon possible,101,10
TKT-2875,"Good day, The item I received is defective and I need replacement Looking forward to your prompt response.",Returns & Refunds,Critical,Email,Neutral,Pending,0.5,2.91,2,18,106,good day item received defective need replacement looking forward prompt response,106,11
TKT-2876,"Good day, My refund has not been processed after two weeks Please let me know what steps I should take.",Returns & Refunds,Low,Phone,Neutral,Resolved,5.43,84.87,3,20,103,good day refund processed two week please let know step take,103,11
TKT-2877,"Dear Support, My data is not syncing across devices properly I need urgent assistance with this.",Technical Support,Medium,Web Form,Neutral,Pending,33.33,34.33,4,16,96,dear support data syncing across device properly need urgent assistance,96,10
TKT-2878,"Hello, Is there an API available for custom integrations I need urgent assistance with this.",Product Information,Low,Chat,Negative,Resolved,2.31,10.88,5,15,92,hello api available custom integration need urgent assistance,92,8
TKT-2879,"Hi team, My promo code is not being applied to my bill Please help me resolve this as soon as possible.",Billing & Payments,Critical,Phone,Negative,Pending,0.5,1.5,2,21,103,team promo code applied bill please help resolve soon possible,103,10
TKT-2880,"Hi, I cannot log in to my account after the update Please help me resolve this as soon as possible.",Technical Support,Medium,Email,Neutral,Resolved,1.6,90.29,3,20,99,cannot log account update please help resolve soon possible,99,9
TKT-2881,"Hi there, Can you explain the difference between basic and pro Please help me resolve this as soon as possible.",Product Information,Medium,Email,Negative,Resolved,4.61,6.5,4,20,111,explain difference basic pro please help resolve soon possible,111,9
TKT-2882,"Hi, I cannot find my billing history on the portal I need urgent assistance with this.",Billing & Payments,Low,Chat,Negative,Pending,13.67,48.95,4,16,86,cannot find billing history portal need urgent assistance,86,8
TKT-2883,"Good day, The payment gateway keeps showing an error This is affecting my work significantly.",Billing & Payments,Low,Chat,Negative,Pending,8.47,54.25,2,15,93,good day payment gateway keep showing error affecting work significantly,93,10
TKT-2884,"To whom it may concern, Dashboard is not loading any data for me Please help me resolve this as soon as possible.",Technical Support,Low,Chat,Positive,Resolved,45.39,64.74,5,22,113,may concern dashboard loading data please help resolve soon possible,113,10
TKT-2885,"Hi there, I need a refund for the payment made last week I have been waiting for a while now.",Billing & Payments,Critical,Chat,Negative,Pending,0.5,3.02,3,20,93,need refund payment made last week waiting,93,7
TKT-2886,I need to change the email address on my account This is affecting my work significantly.,Account Management,High,Email,Negative,Resolved,0.82,1.82,4,16,89,need change email address account affecting work significantly,89,8
TKT-2887,"Hello, My package was returned to sender by mistake I need urgent assistance with this.",Shipping & Delivery,Medium,Web Form,Negative,Resolved,11.87,77.92,3,15,87,hello package returned sender mistake need urgent assistance,87,8
TKT-2888,My order has not arrived yet and it is overdue This is affecting my work significantly.,Shipping & Delivery,High,Email,Negative,Resolved,10.44,11.44,4,16,87,order arrived yet overdue affecting work significantly,87,7
TKT-2889,"Hi there, How do I initiate a return for an online purchase Looking forward to your prompt response.",Returns & Refunds,Medium,Chat,Negative,Pending,6.68,151.14,3,18,100,initiate return online purchase looking forward prompt response,100,8
TKT-2890,"Hello, My order has not arrived yet and it is overdue This is affecting my work significantly.",Shipping & Delivery,High,Chat,Neutral,Resolved,5.04,6.43,4,17,94,hello order arrived yet overdue affecting work significantly,94,8
TKT-2891,"Dear team, The courier left my package in the wrong location I have been waiting for a while now.",Shipping & Delivery,Low,Email,Neutral,Pending,27.0,221.08,2,19,97,dear team courier left package wrong location waiting,97,8
TKT-2892,"Dear Support, I need a prepaid return label for my item",Returns & Refunds,Medium,Email,Negative,Escalated,1.27,7.05,2,11,55,dear support need prepaid return label item,55,7
TKT-2893,"Dear Support, The item I received is defective and I need replacement I have been waiting for a while now.",Returns & Refunds,High,Email,Negative,Resolved,3.48,11.41,5,20,106,dear support item received defective need replacement waiting,106,8
TKT-2894,"Good day, Does your product comply with GDPR regulations This is affecting my work significantly.",Product Information,Medium,Email,Neutral,Resolved,3.71,7.29,4,15,97,good day product comply gdpr regulation affecting work significantly,97,9
TKT-2895,"To whom it may concern, Can you explain the difference between basic and pro I need urgent assistance with this.",Product Information,Low,Email,Neutral,Pending,26.48,117.34,3,20,112,may concern explain difference basic pro need urgent assistance,112,9
TKT-2896,Can you explain the difference between basic and pro Looking forward to your prompt response.,Product Information,Critical,Web Form,Positive,Pending,1.98,2.98,2,15,93,explain difference basic pro looking forward prompt response,93,8
TKT-2897,"Hi there, How many users can I add under a single license Please help me resolve this as soon as possible.",Product Information,Low,Email,Negative,Pending,18.61,103.15,3,21,106,many user add single license please help resolve soon possible,106,10
TKT-2898,"Dear team, Please update my payment method to a new card I need urgent assistance with this.",Billing & Payments,High,Chat,Negative,Resolved,1.07,10.86,5,17,92,dear team please update payment method new card need urgent assistance,92,11
TKT-2899,"Dear team, Is there a free trial available for your enterprise plan Please let me know what steps I should take.",Product Information,High,Email,Neutral,Resolved,3.04,4.5,4,21,112,dear team free trial available enterprise plan please let know step take,112,12
TKT-2900,"Good day, I sent the return package but got no confirmation Thank you for your help.",Returns & Refunds,Low,Web Form,Neutral,Resolved,31.18,62.16,3,16,84,good day sent return package got confirmation thank help,84,9
TKT-2901,"Good day, I cannot verify my email address with the link sent I need urgent assistance with this.",Account Management,Medium,Phone,Neutral,Resolved,11.48,47.64,4,18,97,good day cannot verify email address link sent need urgent assistance,97,11
TKT-2902,"To whom it may concern, What languages does your platform currently support Looking forward to your prompt response.",Product Information,Critical,Email,Negative,Resolved,0.62,1.62,5,18,116,may concern language platform currently support looking forward prompt response,116,10
TKT-2903,"Dear team, I want to upgrade my plan but billing is confusing I need urgent assistance with this.",Billing & Payments,Medium,Chat,Positive,Resolved,26.23,56.31,5,18,97,dear team want upgrade plan billing confusing need urgent assistance,97,10
TKT-2904,What is the data retention policy for your service I need urgent assistance with this.,Product Information,Medium,Phone,Negative,Resolved,0.62,25.1,4,15,86,data retention policy service need urgent assistance,86,7
TKT-2905,"Hi team, I need a refund for the payment made last week Thank you for your help.",Billing & Payments,Medium,Email,Negative,Resolved,8.56,80.12,4,17,80,team need refund payment made last week thank help,80,9
TKT-2906,"Hello, I need a prepaid return label for my item Looking forward to your prompt response.",Returns & Refunds,High,Chat,Negative,Resolved,1.76,23.23,3,16,89,hello need prepaid return label item looking forward prompt response,89,10
TKT-2907,"Good day, Please update my payment method to a new card I have been waiting for a while now.",Billing & Payments,Medium,Chat,Negative,Resolved,9.32,17.24,4,19,92,good day please update payment method new card waiting,92,9
TKT-2908,"Hi team, I cannot install the application on my laptop I need urgent assistance with this.",Technical Support,Medium,Web Form,Negative,Resolved,12.4,13.4,5,16,90,team cannot install application laptop need urgent assistance,90,8
TKT-2909,"Dear team, The feature stopped working after the last update Please let me know what steps I should take.",Technical Support,Low,Email,Negative,Pending,7.14,41.73,2,19,105,dear team feature stopped working last update please let know step take,105,12
TKT-2910,"Hi there, I need a prepaid return label for my item Thank you for your help.",Returns & Refunds,Medium,Email,Neutral,Resolved,22.45,82.69,4,16,76,need prepaid return label item thank help,76,7
TKT-2911,"Hi team, My account shows wrong subscription plan",Account Management,High,Chat,Neutral,Resolved,2.45,12.5,5,8,49,team account show wrong subscription plan,49,6
TKT-2912,"Dear Support, My order was marked delivered but I did not receive it",Shipping & Delivery,Critical,Email,Negative,Pending,0.5,4.46,3,13,68,dear support order marked delivered receive,68,6
TKT-2913,"Hi there, My invoice shows incorrect amount, please fix it",Billing & Payments,Medium,Email,Neutral,Resolved,11.83,18.7,3,10,58,invoice show incorrect amount please fix,58,6
TKT-2914,"Dear Support, What are the system requirements for your software Please help me resolve this as soon as possible.",Product Information,Medium,Email,Neutral,Pending,2.33,30.98,3,19,113,dear support system requirement software please help resolve soon possible,113,10
TKT-2915,"Hi, Subscription fee was deducted twice this month I need urgent assistance with this.",Billing & Payments,Low,Phone,Positive,Escalated,10.91,56.68,1,14,86,subscription fee deducted twice month need urgent assistance,86,8
TKT-2916,"Hi, What languages does your platform currently support Looking forward to your prompt response.",Product Information,Medium,Email,Negative,Pending,22.02,26.68,2,14,96,language platform currently support looking forward prompt response,96,8
TKT-2917,"To whom it may concern, Do you offer any educational or nonprofit discounts Looking forward to your prompt response.",Product Information,Low,Chat,Positive,Escalated,1.94,233.21,3,19,116,may concern offer educational nonprofit discount looking forward prompt response,116,10
TKT-2918,"Hello, Please remove the two factor authentication from my account I need urgent assistance with this.",Account Management,High,Phone,Negative,Resolved,4.68,29.15,5,16,102,hello please remove two factor authentication account need urgent assistance,102,10
TKT-2919,"Dear team, Please process my refund to the original payment method",Returns & Refunds,Medium,Email,Negative,Resolved,1.37,99.81,4,11,66,dear team please process refund original payment method,66,8
TKT-2920,"Dear team, The mobile app is very slow and unresponsive",Technical Support,Medium,Email,Neutral,Escalated,18.09,87.71,1,10,55,dear team mobile app slow unresponsive,55,6
TKT-2921,My order was marked delivered but I did not receive it I have been waiting for a while now.,Shipping & Delivery,Medium,Phone,Negative,Escalated,3.09,82.0,1,19,91,order marked delivered receive waiting,91,5
TKT-2922,"Hi, The delivery estimate keeps getting pushed further Please help me resolve this as soon as possible.",Shipping & Delivery,Medium,Phone,Negative,Resolved,10.88,91.45,3,17,103,delivery estimate keep getting pushed please help resolve soon possible,103,10
TKT-2923,"Hi team, Can you explain the difference between basic and pro",Product Information,Medium,Email,Negative,Resolved,55.96,67.81,5,11,61,team explain difference basic pro,61,5
TKT-2924,"Dear team, I cannot verify my email address with the link sent",Account Management,Low,Phone,Neutral,Pending,20.88,75.23,4,12,62,dear team cannot verify email address link sent,62,8
TKT-2925,"Dear Support, I was charged twice for my subscription this month Please let me know what steps I should take.",Billing & Payments,Low,Chat,Neutral,Resolved,6.92,36.17,4,20,109,dear support charged twice subscription month please let know step take,109,11
TKT-2926,"Dear team, My refund has not been processed after two weeks Thank you for your help.",Returns & Refunds,Low,Chat,Positive,Pending,48.02,133.44,2,16,84,dear team refund processed two week thank help,84,8
TKT-2927,"Hi team, The mobile app is very slow and unresponsive",Technical Support,Medium,Web Form,Positive,Pending,9.09,50.42,2,10,53,team mobile app slow unresponsive,53,5
TKT-2928,"Dear team, The payment gateway keeps showing an error",Billing & Payments,Medium,Email,Negative,Resolved,7.07,51.92,4,9,53,dear team payment gateway keep showing error,53,7
TKT-2929,"Dear Support, Can I use the product offline without internet connection Please help me resolve this as soon as possible.",Product Information,Critical,Phone,Positive,Resolved,0.5,3.7,3,20,120,dear support use product offline without internet connection please help resolve soon possible,120,13
TKT-2930,"Dear team, Is there a free trial available for your enterprise plan Thank you for your help.",Product Information,Low,Chat,Positive,Escalated,38.19,67.31,2,17,92,dear team free trial available enterprise plan thank help,92,9
TKT-2931,"To whom it may concern, I need to schedule a redelivery for my parcel Please let me know what steps I should take.",Shipping & Delivery,Medium,Phone,Negative,Pending,0.57,29.29,3,23,114,may concern need schedule redelivery parcel please let know step take,114,11
TKT-2932,"Hi, I forgot my password and need to reset it Please help me resolve this as soon as possible.",Account Management,Critical,Chat,Neutral,Resolved,0.5,1.5,5,19,94,forgot password need reset please help resolve soon possible,94,9
TKT-2933,"To whom it may concern, I keep getting disconnected from the server Please help me resolve this as soon as possible.",Technical Support,Medium,Email,Negative,Pending,9.52,12.65,4,21,116,may concern keep getting disconnected server please help resolve soon possible,116,11
TKT-2934,"Hi team, Can I exchange the product for a different size I need urgent assistance with this.",Returns & Refunds,Medium,Chat,Neutral,Resolved,3.48,20.39,5,17,92,team exchange product different size need urgent assistance,92,8
TKT-2935,"To whom it may concern, How many users can I add under a single license Thank you for your help.",Product Information,High,Web Form,Neutral,Resolved,0.5,26.89,4,20,96,may concern many user add single license thank help,96,9
TKT-2936,"Good day, I forgot my password and need to reset it This is affecting my work significantly.",Account Management,Medium,Web Form,Negative,Resolved,1.29,16.63,4,17,92,good day forgot password need reset affecting work significantly,92,9
TKT-2937,"Hi there, Dashboard is not loading any data for me I need urgent assistance with this.",Technical Support,High,Chat,Neutral,Pending,0.84,17.91,2,16,86,dashboard loading data need urgent assistance,86,6
TKT-2938,"Hi there, The item I received is defective and I need replacement I need urgent assistance with this.",Returns & Refunds,Medium,Chat,Positive,Resolved,9.75,28.42,4,18,101,item received defective need replacement need urgent assistance,101,7
TKT-2939,"Hi, I need to change the email address on my account I have been waiting for a while now.",Account Management,Low,Web Form,Neutral,Escalated,3.77,5.94,3,19,89,need change email address account waiting,89,6
TKT-2940,"Hi team, My promo code is not being applied to my bill Thank you for your help.",Billing & Payments,Medium,Email,Negative,Pending,7.89,132.56,3,17,79,team promo code applied bill thank help,79,7
TKT-2941,"Dear team, I forgot my password and need to reset it Please help me resolve this as soon as possible.",Account Management,Low,Phone,Positive,Resolved,8.4,9.96,5,20,101,dear team forgot password need reset please help resolve soon possible,101,11
TKT-2942,"Hi team, I cannot verify my email address with the link sent I have been waiting for a while now.",Account Management,Low,Email,Positive,Resolved,13.16,195.36,5,20,97,team cannot verify email address link sent waiting,97,8
TKT-2943,"Dear team, I received a damaged item in my shipment I need urgent assistance with this.",Shipping & Delivery,Medium,Email,Neutral,Resolved,0.64,101.46,3,16,87,dear team received damaged item shipment need urgent assistance,87,9
TKT-2944,"Good day, The replacement item also arrived damaged I have been waiting for a while now.",Returns & Refunds,Low,Email,Neutral,Resolved,3.84,38.05,5,16,88,good day replacement item also arrived damaged waiting,88,8
TKT-2945,"To whom it may concern, Can I use the product offline without internet connection Looking forward to your prompt response.",Product Information,Low,Web Form,Neutral,Resolved,9.47,19.79,4,20,122,may concern use product offline without internet connection looking forward prompt response,122,12
TKT-2946,"To whom it may concern, My order was marked delivered but I did not receive it Thank you for your help.",Shipping & Delivery,High,Email,Positive,Resolved,0.5,8.42,4,21,103,may concern order marked delivered receive thank help,103,8
TKT-2947,"Hello, Error message appears every time I try to save This is affecting my work significantly.",Technical Support,High,Chat,Negative,Resolved,2.75,3.75,5,16,94,hello error message appears every time try save affecting work significantly,94,11
TKT-2948,"Hi, I want to merge two accounts into one Please let me know what steps I should take.",Account Management,Critical,Email,Neutral,Resolved,1.08,4.33,5,18,86,want merge two account one please let know step take,86,10
TKT-2949,"Good day, Can I expedite the shipping on my recent order I need urgent assistance with this.",Shipping & Delivery,High,Phone,Neutral,Resolved,2.88,10.62,5,17,92,good day expedite shipping recent order need urgent assistance,92,9
TKT-2950,"Hello, I need a prepaid return label for my item I have been waiting for a while now.",Returns & Refunds,Medium,Phone,Negative,Resolved,12.35,38.76,5,18,85,hello need prepaid return label item waiting,85,7
TKT-2951,Please help me delete my account permanently,Account Management,Medium,Chat,Neutral,Resolved,10.72,139.5,4,7,44,please help delete account permanently,44,5
TKT-2952,"To whom it may concern, What are the system requirements for your software I need urgent assistance with this.",Product Information,Medium,Phone,Neutral,Resolved,3.45,37.24,5,19,110,may concern system requirement software need urgent assistance,110,8
TKT-2953,I was denied a refund but the product is faulty Please let me know what steps I should take.,Returns & Refunds,Medium,Email,Negative,Resolved,27.16,98.35,3,19,92,denied refund product faulty please let know step take,92,9
TKT-2954,What languages does your platform currently support I have been waiting for a while now.,Product Information,Low,Web Form,Positive,Resolved,19.62,53.26,5,15,88,language platform currently support waiting,88,5
TKT-2955,"Hi team, The feature stopped working after the last update Please let me know what steps I should take.",Technical Support,Medium,Phone,Neutral,Escalated,22.27,48.12,2,19,103,team feature stopped working last update please let know step take,103,11
TKT-2956,"Dear team, The delivery estimate keeps getting pushed further Looking forward to your prompt response.",Shipping & Delivery,Low,Email,Negative,Escalated,37.96,86.51,1,15,102,dear team delivery estimate keep getting pushed looking forward prompt response,102,11
TKT-2957,I want to upgrade my plan but billing is confusing Looking forward to your prompt response.,Billing & Payments,High,Email,Neutral,Resolved,11.74,15.88,4,16,91,want upgrade plan billing confusing looking forward prompt response,91,9
TKT-2958,"Good day, I received the wrong item in my package",Shipping & Delivery,Low,Phone,Negative,Pending,16.61,62.96,2,10,49,good day received wrong item package,49,6
TKT-2959,I want to change my username on the platform Thank you for your help.,Account Management,Medium,Phone,Neutral,Escalated,6.39,12.3,2,14,69,want change username platform thank help,69,6
TKT-2960,"Hi, The courier left my package in the wrong location This is affecting my work significantly.",Shipping & Delivery,Low,Chat,Neutral,Resolved,37.12,64.29,3,16,94,courier left package wrong location affecting work significantly,94,8
TKT-2961,"Dear Support, My account shows wrong subscription plan This is affecting my work significantly.",Account Management,Medium,Email,Negative,Resolved,35.3,146.27,5,14,95,dear support account show wrong subscription plan affecting work significantly,95,10
TKT-2962,"Hi there, The export function produces corrupt files Thank you for your help.",Technical Support,High,Email,Neutral,Resolved,1.53,39.16,5,13,77,export function produce corrupt file thank help,77,7
TKT-2963,"Hello, How many users can I add under a single license This is affecting my work significantly.",Product Information,High,Phone,Neutral,Escalated,0.71,25.31,1,17,95,hello many user add single license affecting work significantly,95,9
TKT-2964,"Hi there, Is there a free trial available for your enterprise plan Looking forward to your prompt response.",Product Information,Low,Email,Negative,Pending,9.22,364.58,3,18,107,free trial available enterprise plan looking forward prompt response,107,9
TKT-2965,"Good day, I want to change my username on the platform Thank you for your help.",Account Management,High,Email,Neutral,Resolved,1.14,4.35,3,16,79,good day want change username platform thank help,79,8
TKT-2966,"Dear Support, I cannot log in to my account after the update This is affecting my work significantly.",Technical Support,Medium,Email,Neutral,Pending,7.5,8.5,3,18,101,dear support cannot log account update affecting work significantly,101,9
TKT-2967,"Hi there, Why was my card declined when making a payment",Billing & Payments,Low,Chat,Negative,Pending,2.17,66.8,3,11,56,card declined making payment,56,4
TKT-2968,"Hi team, Can I use the product offline without internet connection Thank you for your help.",Product Information,Low,Phone,Negative,Pending,38.99,191.24,4,16,91,team use product offline without internet connection thank help,91,9
TKT-2969,"Good day, I want to return the product I bought last week Looking forward to your prompt response.",Returns & Refunds,Medium,Phone,Negative,Pending,64.9,65.9,2,18,98,good day want return product bought last week looking forward prompt response,98,12
TKT-2970,"Hi, I need to change the email address on my account Please let me know what steps I should take.",Account Management,Low,Phone,Neutral,Resolved,2.13,99.56,5,20,97,need change email address account please let know step take,97,10
TKT-2971,I want to change my username on the platform Looking forward to your prompt response.,Account Management,Low,Phone,Neutral,Resolved,50.19,187.82,5,15,85,want change username platform looking forward prompt response,85,8
TKT-2972,"Dear team, I want to return the product I bought last week Please help me resolve this as soon as possible.",Returns & Refunds,Medium,Web Form,Negative,Pending,0.5,122.13,3,21,107,dear team want return product bought last week please help resolve soon possible,107,13
TKT-2973,"To whom it may concern, My invoice shows incorrect amount, please fix it Please let me know what steps I should take.",Billing & Payments,High,Email,Positive,Resolved,1.38,2.96,5,22,117,may concern invoice show incorrect amount please fix please let know step take,117,12
TKT-2974,"To whom it may concern, I was billed after cancelling my account I need urgent assistance with this.",Billing & Payments,Low,Chat,Neutral,Resolved,7.04,28.62,4,18,100,may concern billed cancelling account need urgent assistance,100,8
TKT-2975,"Dear Support, Is there an API available for custom integrations This is affecting my work significantly.",Product Information,Medium,Email,Positive,Resolved,43.68,61.9,4,16,104,dear support api available custom integration affecting work significantly,104,9
TKT-2976,The payment gateway keeps showing an error I need urgent assistance with this.,Billing & Payments,Low,Email,Neutral,Resolved,15.18,51.8,3,13,78,payment gateway keep showing error need urgent assistance,78,8
TKT-2977,I need to schedule a redelivery for my parcel Please let me know what steps I should take.,Shipping & Delivery,Medium,Chat,Negative,Resolved,39.55,103.67,4,18,90,need schedule redelivery parcel please let know step take,90,9
TKT-2978,"Good day, Can you explain the difference between basic and pro I need urgent assistance with this.",Product Information,High,Email,Positive,Resolved,0.7,7.37,3,17,98,good day explain difference basic pro need urgent assistance,98,9
TKT-2979,"Hi team, Please update my personal information in the system This is affecting my work significantly.",Account Management,Medium,Email,Neutral,Resolved,1.81,33.33,5,16,101,team please update personal information system affecting work significantly,101,9
TKT-2980,"Dear Support, What are the system requirements for your software I need urgent assistance with this.",Product Information,Low,Email,Neutral,Pending,50.08,103.57,3,16,100,dear support system requirement software need urgent assistance,100,8
TKT-2981,"Hi there, My data is not syncing across devices properly",Technical Support,Medium,Web Form,Neutral,Resolved,15.44,55.32,5,10,56,data syncing across device properly,56,5
TKT-2982,"Hi, Is there a free trial available for your enterprise plan",Product Information,Low,Phone,Negative,Resolved,8.88,83.08,5,11,60,free trial available enterprise plan,60,5
TKT-2983,"Hello, I need to cancel my order before it is shipped I have been waiting for a while now.",Shipping & Delivery,Medium,Email,Positive,Resolved,13.39,121.98,4,19,90,hello need cancel order shipped waiting,90,6
TKT-2984,"Dear team, Can I expedite the shipping on my recent order This is affecting my work significantly.",Shipping & Delivery,Medium,Email,Negative,Resolved,30.16,70.06,3,17,98,dear team expedite shipping recent order affecting work significantly,98,9
TKT-2985,"To whom it may concern, I need to change the email address on my account",Account Management,Low,Phone,Negative,Pending,8.29,200.83,3,15,72,may concern need change email address account,72,7
TKT-2986,"Hi there, Can I exchange the product for a different size Please help me resolve this as soon as possible.",Returns & Refunds,Medium,Web Form,Negative,Resolved,1.57,12.16,5,20,106,exchange product different size please help resolve soon possible,106,9
TKT-2987,"Hi, I need a prepaid return label for my item Please help me resolve this as soon as possible.",Returns & Refunds,Medium,Chat,Negative,Resolved,30.59,31.92,5,19,94,need prepaid return label item please help resolve soon possible,94,10
TKT-2988,"Good day, The replacement item also arrived damaged Please let me know what steps I should take.",Returns & Refunds,Low,Chat,Negative,Resolved,52.57,98.76,5,17,96,good day replacement item also arrived damaged please let know step take,96,12
TKT-2989,"Hi there, Can I expedite the shipping on my recent order I have been waiting for a while now.",Shipping & Delivery,High,Chat,Negative,Escalated,0.76,1.76,1,19,93,expedite shipping recent order waiting,93,5
TKT-2990,The item I received is defective and I need replacement This is affecting my work significantly.,Returns & Refunds,Low,Email,Negative,Resolved,0.88,129.13,4,16,96,item received defective need replacement affecting work significantly,96,8
TKT-2991,"Hi, Does your product comply with GDPR regulations Thank you for your help.",Product Information,Medium,Web Form,Negative,Resolved,11.49,18.79,5,13,75,product comply gdpr regulation thank help,75,6
TKT-2992,"Hello, I want to merge two accounts into one This is affecting my work significantly.",Account Management,High,Email,Neutral,Pending,1.31,2.49,2,15,85,hello want merge two account one affecting work significantly,85,9
TKT-2993,"Dear Support, My account has been locked and I cannot access it",Account Management,Low,Chat,Negative,Resolved,18.24,183.09,5,12,63,dear support account locked cannot access,63,6
TKT-2994,"Hi team, Can I exchange the product for a different size Please help me resolve this as soon as possible.",Returns & Refunds,High,Web Form,Negative,Pending,4.91,5.91,3,20,105,team exchange product different size please help resolve soon possible,105,10
TKT-2995,"Dear team, Please help me delete my account permanently",Account Management,Medium,Chat,Neutral,Resolved,32.53,33.81,5,9,55,dear team please help delete account permanently,55,7
TKT-2996,"To whom it may concern, The return window has passed but the item is broken Thank you for your help.",Returns & Refunds,High,Phone,Negative,Escalated,2.94,5.68,2,20,100,may concern return window passed item broken thank help,100,9
TKT-2997,"Hi there, I need a refund for the payment made last week I need urgent assistance with this.",Billing & Payments,High,Email,Negative,Pending,3.66,8.51,2,18,92,need refund payment made last week need urgent assistance,92,8
TKT-2998,I cannot verify my email address with the link sent I have been waiting for a while now.,Account Management,Low,Email,Positive,Pending,8.04,239.69,2,18,88,cannot verify email address link sent waiting,88,7
TKT-2999,"Hi, Is there an API available for custom integrations Please help me resolve this as soon as possible.",Product Information,Low,Email,Neutral,Resolved,1.94,66.71,3,18,102,api available custom integration please help resolve soon possible,102,9
TKT-3000,"Dear Support, The replacement item also arrived damaged",Returns & Refunds,Medium,Web Form,Negative,Resolved,8.27,26.59,5,8,55,dear support replacement item also arrived damaged,55,7
TKT-3001,"Hi, My refund has not been processed after two weeks Thank you for your help.",Returns & Refunds,Low,Chat,Positive,Pending,37.5,216.08,2,15,77,refund processed two week thank help,77,6
TKT-3002,"Hi there, Dashboard is not loading any data for me I have been waiting for a while now.",Technical Support,Medium,Phone,Negative,Escalated,29.13,39.69,2,18,87,dashboard loading data waiting,87,4
TKT-3003,"Hello, I received a damaged item in my shipment Looking forward to your prompt response.",Shipping & Delivery,Low,Email,Neutral,Escalated,80.73,92.36,3,15,88,hello received damaged item shipment looking forward prompt response,88,9
TKT-3004,"Dear Support, The software is not compatible with my operating system Thank you for your help.",Technical Support,Low,Chat,Neutral,Resolved,10.27,87.39,3,16,94,dear support software compatible operating system thank help,94,8
TKT-3005,"Dear team, My account shows wrong subscription plan Looking forward to your prompt response.",Account Management,Low,Phone,Positive,Resolved,52.58,72.8,4,14,92,dear team account show wrong subscription plan looking forward prompt response,92,11
TKT-3006,"To whom it may concern, I need to change the email address on my account Please let me know what steps I should take.",Account Management,High,Chat,Neutral,Resolved,0.58,1.58,3,24,117,may concern need change email address account please let know step take,117,12
TKT-3007,"Hi team, I cannot log in to my account after the update I have been waiting for a while now.",Technical Support,Medium,Email,Positive,Resolved,0.97,8.63,5,20,92,team cannot log account update waiting,92,6
TKT-3008,"Hi team, The feature stopped working after the last update This is affecting my work significantly.",Technical Support,Low,Phone,Negative,Resolved,21.32,39.53,5,16,99,team feature stopped working last update affecting work significantly,99,9
TKT-3009,I was charged twice for my subscription this month This is affecting my work significantly.,Billing & Payments,Medium,Web Form,Negative,Resolved,17.66,139.34,4,15,91,charged twice subscription month affecting work significantly,91,7
TKT-3010,"Good day, My promo code is not being applied to my bill Please let me know what steps I should take.",Billing & Payments,Medium,Web Form,Negative,Pending,4.71,62.42,2,21,100,good day promo code applied bill please let know step take,100,11
TKT-3011,"Hi, My refund has not been processed after two weeks Thank you for your help.",Returns & Refunds,Medium,Web Form,Neutral,Resolved,1.9,37.92,4,15,77,refund processed two week thank help,77,6
TKT-3012,"Hi there, Can I expedite the shipping on my recent order Looking forward to your prompt response.",Shipping & Delivery,Low,Email,Neutral,Resolved,38.7,296.54,4,17,97,expedite shipping recent order looking forward prompt response,97,8
TKT-3013,"Dear Support, Please update my payment method to a new card I need urgent assistance with this.",Billing & Payments,Low,Email,Neutral,Pending,0.5,56.6,4,17,95,dear support please update payment method new card need urgent assistance,95,11
TKT-3014,Subscription fee was deducted twice this month Thank you for your help.,Billing & Payments,Medium,Phone,Neutral,Escalated,15.24,45.02,3,12,71,subscription fee deducted twice month thank help,71,7
TKT-3015,"Dear team, What languages does your platform currently support I need urgent assistance with this.",Product Information,Medium,Phone,Negative,Pending,4.12,17.14,3,15,98,dear team language platform currently support need urgent assistance,98,9
TKT-3016,"Good day, The export function produces corrupt files This is affecting my work significantly.",Technical Support,Low,Phone,Negative,Resolved,2.81,130.16,5,14,93,good day export function produce corrupt file affecting work significantly,93,10
TKT-3017,"Dear team, I want to merge two accounts into one Thank you for your help.",Account Management,Low,Email,Negative,Resolved,10.4,15.1,5,15,73,dear team want merge two account one thank help,73,9
TKT-3018,"Good day, The feature stopped working after the last update This is affecting my work significantly.",Technical Support,Low,Chat,Negative,Resolved,10.57,91.22,5,16,100,good day feature stopped working last update affecting work significantly,100,10
TKT-3019,"Good day, My profile picture is not updating correctly Thank you for your help.",Account Management,Medium,Email,Positive,Pending,0.5,19.79,3,14,79,good day profile picture updating correctly thank help,79,8
TKT-3020,"Dear Support, The feature stopped working after the last update Please help me resolve this as soon as possible.",Technical Support,Medium,Email,Negative,Resolved,0.75,42.54,4,19,112,dear support feature stopped working last update please help resolve soon possible,112,12
TKT-3021,"Good day, I want to merge two accounts into one",Account Management,Medium,Chat,Negative,Resolved,8.59,45.01,5,10,47,good day want merge two account one,47,7
TKT-3022,"Dear team, I keep getting disconnected from the server I need urgent assistance with this.",Technical Support,Low,Chat,Positive,Resolved,49.5,87.43,3,15,90,dear team keep getting disconnected server need urgent assistance,90,9
TKT-3023,"Dear Support, My promo code is not being applied to my bill I have been waiting for a while now.",Billing & Payments,High,Chat,Negative,Pending,7.89,8.89,2,20,96,dear support promo code applied bill waiting,96,7
TKT-3024,"Good day, The return window has passed but the item is broken Thank you for your help.",Returns & Refunds,Low,Chat,Negative,Resolved,15.36,42.15,5,17,86,good day return window passed item broken thank help,86,9
TKT-3025,"Hi there, The return window has passed but the item is broken I need urgent assistance with this.",Returns & Refunds,Low,Email,Neutral,Pending,26.82,148.86,4,18,97,return window passed item broken need urgent assistance,97,8
TKT-3026,"Hi, I need a copy of my tax invoice for last year Please help me resolve this as soon as possible.",Billing & Payments,High,Email,Neutral,Resolved,1.19,2.38,4,21,98,need copy tax invoice last year please help resolve soon possible,98,11
TKT-3027,"Dear team, My account has been locked and I cannot access it I have been waiting for a while now.",Account Management,High,Chat,Neutral,Resolved,2.46,44.37,4,20,97,dear team account locked cannot access waiting,97,7
TKT-3028,"Hi, I need to schedule a redelivery for my parcel Please help me resolve this as soon as possible.",Shipping & Delivery,Medium,Chat,Neutral,Resolved,20.14,23.88,3,19,98,need schedule redelivery parcel please help resolve soon possible,98,9
TKT-3029,"Hi team, I need to transfer my account to another user Please let me know what steps I should take.",Account Management,Low,Chat,Negative,Pending,15.16,172.99,3,20,99,team need transfer account another user please let know step take,99,11
TKT-3030,"To whom it may concern, What languages does your platform currently support Looking forward to your prompt response.",Product Information,High,Chat,Negative,Resolved,8.0,39.25,3,18,116,may concern language platform currently support looking forward prompt response,116,10
TKT-3031,"Dear Support, My order has not arrived yet and it is overdue Please let me know what steps I should take.",Shipping & Delivery,Low,Web Form,Negative,Resolved,11.82,20.95,3,21,105,dear support order arrived yet overdue please let know step take,105,11
TKT-3032,"Dear team, The software is not compatible with my operating system I have been waiting for a while now.",Technical Support,Low,Phone,Neutral,Resolved,103.14,145.08,4,19,103,dear team software compatible operating system waiting,103,7
TKT-3033,"Hello, Does the product support integration with Salesforce I have been waiting for a while now.",Product Information,Medium,Email,Negative,Resolved,0.5,4.2,3,16,96,hello product support integration salesforce waiting,96,6
TKT-3034,"Hi team, Please process my refund to the original payment method Looking forward to your prompt response.",Returns & Refunds,High,Web Form,Neutral,Pending,14.9,48.48,2,17,105,team please process refund original payment method looking forward prompt response,105,11
TKT-3035,"To whom it may concern, Please help me delete my account permanently Please help me resolve this as soon as possible.",Account Management,Medium,Web Form,Neutral,Pending,22.87,43.32,3,21,117,may concern please help delete account permanently please help resolve soon possible,117,10
TKT-3036,"Hi there, Error message appears every time I try to save I have been waiting for a while now.",Technical Support,Low,Chat,Positive,Pending,129.95,137.32,4,19,93,error message appears every time try save waiting,93,8
TKT-3037,"Hi there, Is there a free trial available for your enterprise plan Please let me know what steps I should take.",Product Information,Medium,Web Form,Negative,Pending,4.24,111.95,2,21,111,free trial available enterprise plan please let know step take,111,10
TKT-3038,"Hi team, I need to cancel my order before it is shipped Looking forward to your prompt response.",Shipping & Delivery,Low,Chat,Neutral,Pending,42.43,136.61,2,18,96,team need cancel order shipped looking forward prompt response,96,9
TKT-3039,"Dear team, My profile picture is not updating correctly Looking forward to your prompt response.",Account Management,Critical,Email,Positive,Pending,0.69,2.34,2,15,96,dear team profile picture updating correctly looking forward prompt response,96,10
TKT-3040,"Dear team, I need to schedule a redelivery for my parcel Please help me resolve this as soon as possible.",Shipping & Delivery,Medium,Email,Neutral,Resolved,8.06,65.63,4,20,105,dear team need schedule redelivery parcel please help resolve soon possible,105,11
TKT-3041,"Hi, The website is showing a 500 internal server error This is affecting my work significantly.",Technical Support,High,Phone,Negative,Pending,2.39,16.42,2,16,95,website showing internal server error affecting work significantly,95,8
TKT-3042,"Dear team, The application keeps crashing when I open it Please let me know what steps I should take.",Technical Support,High,Phone,Negative,Resolved,0.5,3.44,3,19,101,dear team application keep crashing open please let know step take,101,11
TKT-3043,"Dear team, The export function produces corrupt files Thank you for your help.",Technical Support,High,Email,Negative,Pending,2.78,17.43,2,13,78,dear team export function produce corrupt file thank help,78,9
TKT-3044,"Hi, My promo code is not being applied to my bill",Billing & Payments,Medium,Chat,Positive,Resolved,12.72,18.4,3,11,49,promo code applied bill,49,4
TKT-3045,My profile picture is not updating correctly,Account Management,Low,Chat,Neutral,Resolved,25.46,66.95,5,7,44,profile picture updating correctly,44,4
TKT-3046,"Hello, What is the data retention policy for your service Looking forward to your prompt response.",Product Information,High,Web Form,Positive,Resolved,0.5,2.43,3,16,98,hello data retention policy service looking forward prompt response,98,9
TKT-3047,"Hello, Please update my payment method to a new card This is affecting my work significantly.",Billing & Payments,Medium,Web Form,Negative,Escalated,6.35,23.07,1,16,93,hello please update payment method new card affecting work significantly,93,10
TKT-3048,"Dear Support, I need to change the email address on my account Please let me know what steps I should take.",Account Management,Low,Email,Positive,Resolved,6.6,32.97,5,21,107,dear support need change email address account please let know step take,107,12
TKT-3049,"Good day, I need to schedule a redelivery for my parcel Please help me resolve this as soon as possible.",Shipping & Delivery,Medium,Chat,Negative,Resolved,4.71,11.98,3,20,104,good day need schedule redelivery parcel please help resolve soon possible,104,11
TKT-3050,"Dear Support, My package was returned to sender by mistake Thank you for your help.",Shipping & Delivery,Critical,Email,Negative,Resolved,0.55,1.55,4,15,83,dear support package returned sender mistake thank help,83,8
TKT-3051,"Dear team, Why was my card declined when making a payment I need urgent assistance with this.",Billing & Payments,Low,Chat,Neutral,Resolved,2.38,42.61,5,17,93,dear team card declined making payment need urgent assistance,93,9
TKT-3052,"Hi there, I forgot my password and need to reset it I need urgent assistance with this.",Account Management,Medium,Web Form,Negative,Pending,18.73,57.53,4,17,87,forgot password need reset need urgent assistance,87,6
TKT-3053,"Hello, How many users can I add under a single license I have been waiting for a while now.",Product Information,Low,Phone,Neutral,Escalated,78.53,187.43,3,19,91,hello many user add single license waiting,91,7
TKT-3054,"Hello, The application keeps crashing when I open it",Technical Support,High,Web Form,Negative,Resolved,6.97,29.26,5,9,52,hello application keep crashing open,52,5
TKT-3055,"Dear team, The replacement item also arrived damaged",Returns & Refunds,Medium,Chat,Positive,Escalated,4.25,10.06,3,8,52,dear team replacement item also arrived damaged,52,7
TKT-3056,"Hi, I was denied a refund but the product is faulty I have been waiting for a while now.",Returns & Refunds,High,Chat,Negative,Resolved,1.45,2.45,5,19,88,denied refund product faulty waiting,88,5
TKT-3057,"Dear team, I want to upgrade my plan but billing is confusing I have been waiting for a while now.",Billing & Payments,Low,Chat,Negative,Resolved,62.72,65.03,5,20,98,dear team want upgrade plan billing confusing waiting,98,8
TKT-3058,"Dear Support, My store credit was not applied to my account This is affecting my work significantly.",Returns & Refunds,Low,Email,Positive,Resolved,37.36,91.65,3,17,100,dear support store credit applied account affecting work significantly,100,9
TKT-3059,"Hi there, I want to upgrade my plan but billing is confusing I have been waiting for a while now.",Billing & Payments,Low,Chat,Negative,Pending,19.41,135.23,3,20,97,want upgrade plan billing confusing waiting,97,6
TKT-3060,"Hello, Subscription fee was deducted twice this month Thank you for your help.",Billing & Payments,Low,Phone,Negative,Resolved,23.28,273.95,3,13,78,hello subscription fee deducted twice month thank help,78,8
TKT-3061,"Hi there, I was billed after cancelling my account Looking forward to your prompt response.",Billing & Payments,Critical,Email,Negative,Pending,0.5,4.9,3,15,91,billed cancelling account looking forward prompt response,91,7
TKT-3062,"Hello, The feature stopped working after the last update Please help me resolve this as soon as possible.",Technical Support,Low,Web Form,Negative,Resolved,54.62,56.16,5,18,105,hello feature stopped working last update please help resolve soon possible,105,11
TKT-3063,"Hi team, The website is showing a 500 internal server error Thank you for your help.",Technical Support,Critical,Chat,Neutral,Pending,1.06,2.31,2,16,84,team website showing internal server error thank help,84,8
TKT-3064,"Dear Support, I want to change my username on the platform I need urgent assistance with this.",Account Management,Medium,Email,Positive,Pending,6.13,86.95,3,17,94,dear support want change username platform need urgent assistance,94,9
TKT-3065,"Hi team, My account shows wrong subscription plan Please let me know what steps I should take.",Account Management,Medium,Email,Negative,Pending,7.69,135.52,2,17,94,team account show wrong subscription plan please let know step take,94,11
TKT-3066,"Dear Support, I need a prepaid return label for my item I have been waiting for a while now.",Returns & Refunds,Medium,Phone,Neutral,Resolved,17.64,142.71,5,19,92,dear support need prepaid return label item waiting,92,8
TKT-3067,"To whom it may concern, The item I received is defective and I need replacement This is affecting my work significantly.",Returns & Refunds,Low,Email,Positive,Escalated,8.97,179.18,2,21,120,may concern item received defective need replacement affecting work significantly,120,10
TKT-3068,"Hi team, What is the data retention policy for your service",Product Information,Low,Email,Negative,Escalated,47.58,83.23,2,11,59,team data retention policy service,59,5
TKT-3069,"Hi team, Please remove the two factor authentication from my account I need urgent assistance with this.",Account Management,Critical,Email,Negative,Resolved,0.5,2.98,3,17,104,team please remove two factor authentication account need urgent assistance,104,10
TKT-3070,"Dear Support, How many users can I add under a single license Thank you for your help.",Product Information,Medium,Email,Positive,Resolved,21.64,30.11,4,17,86,dear support many user add single license thank help,86,9
TKT-3071,"Hello, The return window has passed but the item is broken Please help me resolve this as soon as possible.",Returns & Refunds,High,Email,Negative,Resolved,5.03,10.98,5,20,107,hello return window passed item broken please help resolve soon possible,107,11
TKT-3072,"Dear team, I need to cancel my order before it is shipped This is affecting my work significantly.",Shipping & Delivery,Medium,Phone,Neutral,Resolved,27.9,29.74,4,18,98,dear team need cancel order shipped affecting work significantly,98,9
TKT-3073,"Dear Support, The replacement item also arrived damaged",Returns & Refunds,Low,Chat,Neutral,Pending,64.68,136.38,4,8,55,dear support replacement item also arrived damaged,55,7
TKT-3074,I need to schedule a redelivery for my parcel I need urgent assistance with this.,Shipping & Delivery,High,Chat,Positive,Resolved,0.75,8.94,4,15,81,need schedule redelivery parcel need urgent assistance,81,6
TKT-3075,"Hi team, My account shows wrong subscription plan I need urgent assistance with this.",Account Management,Critical,Web Form,Neutral,Pending,2.1,3.1,3,14,85,team account show wrong subscription plan need urgent assistance,85,9
TKT-3076,"Dear Support, Is there a free trial available for your enterprise plan Looking forward to your prompt response.",Product Information,Medium,Phone,Neutral,Resolved,7.22,33.92,5,18,111,dear support free trial available enterprise plan looking forward prompt response,111,11
TKT-3077,"Good day, I was denied a refund but the product is faulty Thank you for your help.",Returns & Refunds,Low,Email,Neutral,Pending,22.69,42.4,4,17,82,good day denied refund product faulty thank help,82,8
TKT-3078,"Hi, Please remove the two factor authentication from my account I need urgent assistance with this.",Account Management,Medium,Email,Neutral,Resolved,4.02,23.43,4,16,99,please remove two factor authentication account need urgent assistance,99,9
TKT-3079,"Hello, I need a copy of my tax invoice for last year Thank you for your help.",Billing & Payments,Medium,Phone,Negative,Resolved,4.41,9.28,5,17,77,hello need copy tax invoice last year thank help,77,9
TKT-3080,"Dear team, Can you explain the difference between basic and pro Please let me know what steps I should take.",Product Information,High,Chat,Neutral,Resolved,3.05,15.98,3,20,108,dear team explain difference basic pro please let know step take,108,11
TKT-3081,"Hello, I want to merge two accounts into one Please help me resolve this as soon as possible.",Account Management,High,Phone,Positive,Resolved,2.4,4.34,5,18,93,hello want merge two account one please help resolve soon possible,93,11
TKT-3082,"Dear team, Subscription fee was deducted twice this month Looking forward to your prompt response.",Billing & Payments,High,Email,Negative,Resolved,11.35,20.47,5,15,98,dear team subscription fee deducted twice month looking forward prompt response,98,11
TKT-3083,"Hi, The feature stopped working after the last update I need urgent assistance with this.",Technical Support,Medium,Chat,Neutral,Escalated,1.82,10.75,1,15,89,feature stopped working last update need urgent assistance,89,8
TKT-3084,"Hi there, Is there an API available for custom integrations I have been waiting for a while now.",Product Information,Low,Phone,Neutral,Resolved,10.52,302.0,3,18,96,api available custom integration waiting,96,5
TKT-3085,"Dear team, The courier left my package in the wrong location",Shipping & Delivery,Medium,Web Form,Positive,Pending,20.52,49.73,3,11,60,dear team courier left package wrong location,60,7
TKT-3086,"To whom it may concern, My order was marked delivered but I did not receive it Looking forward to your prompt response.",Shipping & Delivery,High,Chat,Negative,Escalated,18.81,20.84,1,22,119,may concern order marked delivered receive looking forward prompt response,119,10
TKT-3087,"Hello, The website is showing a 500 internal server error Please let me know what steps I should take.",Technical Support,Low,Web Form,Neutral,Pending,36.22,108.01,3,19,102,hello website showing internal server error please let know step take,102,11
TKT-3088,"Hi team, The item I received is defective and I need replacement Please help me resolve this as soon as possible.",Returns & Refunds,High,Phone,Neutral,Pending,4.79,14.0,4,21,113,team item received defective need replacement please help resolve soon possible,113,11
TKT-3089,"Hello, I was billed after cancelling my account Please help me resolve this as soon as possible.",Billing & Payments,Low,Chat,Neutral,Pending,52.8,83.42,2,17,96,hello billed cancelling account please help resolve soon possible,96,9
TKT-3090,"Dear team, Dashboard is not loading any data for me",Technical Support,High,Email,Neutral,Resolved,1.3,14.1,3,10,51,dear team dashboard loading data,51,5
TKT-3091,"Dear team, The return window has passed but the item is broken Please let me know what steps I should take.",Returns & Refunds,High,Phone,Negative,Resolved,3.69,6.14,4,21,107,dear team return window passed item broken please let know step take,107,12
TKT-3092,"To whom it may concern, My package was returned to sender by mistake Thank you for your help.",Shipping & Delivery,Medium,Chat,Negative,Resolved,17.55,68.62,5,18,93,may concern package returned sender mistake thank help,93,8
TKT-3093,"Dear Support, Please help me delete my account permanently Looking forward to your prompt response.",Account Management,High,Chat,Neutral,Pending,6.91,16.4,2,15,99,dear support please help delete account permanently looking forward prompt response,99,11
TKT-3094,"Hello, Why was my card declined when making a payment Please help me resolve this as soon as possible.",Billing & Payments,Medium,Chat,Neutral,Pending,21.7,62.51,3,19,102,hello card declined making payment please help resolve soon possible,102,10
TKT-3095,"Hi, How do I initiate a return for an online purchase This is affecting my work significantly.",Returns & Refunds,Low,Phone,Negative,Pending,9.62,64.85,2,17,94,initiate return online purchase affecting work significantly,94,7
TKT-3096,"Dear Support, What languages does your platform currently support This is affecting my work significantly.",Product Information,Medium,Chat,Positive,Resolved,5.94,30.78,5,15,106,dear support language platform currently support affecting work significantly,106,8
TKT-3097,What languages does your platform currently support This is affecting my work significantly.,Product Information,Low,Email,Negative,Resolved,4.93,109.21,4,13,92,language platform currently support affecting work significantly,92,7
TKT-3098,"Dear team, I cannot find my billing history on the portal Looking forward to your prompt response.",Billing & Payments,High,Phone,Negative,Resolved,0.5,19.19,3,17,98,dear team cannot find billing history portal looking forward prompt response,98,11
TKT-3099,"Hi, Does your product comply with GDPR regulations I need urgent assistance with this.",Product Information,Medium,Chat,Negative,Escalated,21.22,28.84,3,14,86,product comply gdpr regulation need urgent assistance,86,7
TKT-3100,"Dear team, The website is showing a 500 internal server error",Technical Support,Medium,Email,Neutral,Resolved,5.79,13.99,5,11,61,dear team website showing internal server error,61,7
TKT-3101,"Dear team, What features are included in the premium plan This is affecting my work significantly.",Product Information,Critical,Chat,Positive,Resolved,2.46,4.57,4,16,98,dear team feature included premium plan affecting work significantly,98,9
TKT-3102,"Hi team, The mobile app is very slow and unresponsive Please help me resolve this as soon as possible.",Technical Support,Medium,Chat,Neutral,Resolved,0.65,29.43,4,19,102,team mobile app slow unresponsive please help resolve soon possible,102,10
TKT-3103,"Hello, I forgot my password and need to reset it Thank you for your help.",Account Management,Medium,Web Form,Positive,Escalated,2.53,17.68,2,15,73,hello forgot password need reset thank help,73,7
TKT-3104,What is the data retention policy for your service Please let me know what steps I should take.,Product Information,Low,Web Form,Neutral,Resolved,45.94,108.37,4,18,95,data retention policy service please let know step take,95,9
TKT-3105,"Hi team, My promo code is not being applied to my bill",Billing & Payments,Critical,Email,Negative,Escalated,0.5,3.89,2,12,54,team promo code applied bill,54,5
TKT-3106,"Dear team, My package was returned to sender by mistake This is affecting my work significantly.",Shipping & Delivery,Low,Web Form,Positive,Pending,10.61,170.22,3,16,96,dear team package returned sender mistake affecting work significantly,96,9
TKT-3107,I want to return the product I bought last week Please help me resolve this as soon as possible.,Returns & Refunds,High,Chat,Neutral,Resolved,2.44,12.05,3,19,96,want return product bought last week please help resolve soon possible,96,11
TKT-3108,"To whom it may concern, Do you offer any educational or nonprofit discounts I need urgent assistance with this.",Product Information,Critical,Chat,Neutral,Resolved,0.77,2.51,5,19,111,may concern offer educational nonprofit discount need urgent assistance,111,9
TKT-3109,"Hi team, I want to change my username on the platform",Account Management,Medium,Email,Negative,Pending,10.15,87.76,2,11,53,team want change username platform,53,5
TKT-3110,"To whom it may concern, My promo code is not being applied to my bill",Billing & Payments,Medium,Chat,Negative,Resolved,47.91,55.91,3,15,69,may concern promo code applied bill,69,6
TKT-3111,"Hi, The return window has passed but the item is broken Looking forward to your prompt response.",Returns & Refunds,High,Chat,Negative,Resolved,7.23,23.33,4,17,96,return window passed item broken looking forward prompt response,96,9
TKT-3112,"Good day, My profile picture is not updating correctly",Account Management,Low,Web Form,Neutral,Pending,75.09,227.49,3,9,54,good day profile picture updating correctly,54,6
TKT-3113,"Good day, My account shows wrong subscription plan This is affecting my work significantly.",Account Management,Medium,Chat,Negative,Pending,1.1,94.87,3,14,91,good day account show wrong subscription plan affecting work significantly,91,10
TKT-3114,"To whom it may concern, I need to schedule a redelivery for my parcel",Shipping & Delivery,Medium,Email,Negative,Pending,21.76,34.09,2,14,69,may concern need schedule redelivery parcel,69,6
TKT-3115,"Hi team, The mobile app is very slow and unresponsive Thank you for your help.",Technical Support,Medium,Phone,Negative,Escalated,33.83,39.29,1,15,78,team mobile app slow unresponsive thank help,78,7
TKT-3116,"To whom it may concern, The replacement item also arrived damaged",Returns & Refunds,Medium,Phone,Neutral,Pending,42.37,52.96,3,11,65,may concern replacement item also arrived damaged,65,7
TKT-3117,"Good day, I cannot install the application on my laptop Please let me know what steps I should take.",Technical Support,Medium,Chat,Neutral,Resolved,7.1,23.32,3,19,100,good day cannot install application laptop please let know step take,100,11
TKT-3118,"Hello, My store credit was not applied to my account",Returns & Refunds,Medium,Email,Neutral,Resolved,3.92,21.92,3,10,52,hello store credit applied account,52,5
TKT-3119,"Good day, The website is showing a 500 internal server error Looking forward to your prompt response.",Technical Support,Medium,Phone,Negative,Resolved,7.22,33.57,5,17,101,good day website showing internal server error looking forward prompt response,101,11
TKT-3120,"Hello, I received the wrong item in my package Thank you for your help.",Shipping & Delivery,Medium,Chat,Negative,Resolved,17.14,24.05,4,14,71,hello received wrong item package thank help,71,7
TKT-3121,"Good day, Is there a free trial available for your enterprise plan This is affecting my work significantly.",Product Information,Low,Chat,Neutral,Resolved,38.41,149.62,4,18,107,good day free trial available enterprise plan affecting work significantly,107,10
TKT-3122,"Hi, My order has not arrived yet and it is overdue I have been waiting for a while now.",Shipping & Delivery,Critical,Phone,Negative,Resolved,1.31,5.46,3,19,87,order arrived yet overdue waiting,87,5
TKT-3123,"Dear Support, Please update my personal information in the system Looking forward to your prompt response.",Account Management,Medium,Phone,Negative,Resolved,10.64,77.15,4,16,106,dear support please update personal information system looking forward prompt response,106,11
TKT-3124,"Hello, My order has not arrived yet and it is overdue I have been waiting for a while now.",Shipping & Delivery,Medium,Phone,Positive,Pending,0.53,41.07,3,19,90,hello order arrived yet overdue waiting,90,6
TKT-3125,"Good day, Can you explain the difference between basic and pro I need urgent assistance with this.",Product Information,Low,Chat,Neutral,Resolved,11.64,108.19,5,17,98,good day explain difference basic pro need urgent assistance,98,9
TKT-3126,"Dear team, I want to change the delivery address for my order Please let me know what steps I should take.",Shipping & Delivery,Medium,Phone,Positive,Escalated,0.5,62.0,1,21,106,dear team want change delivery address order please let know step take,106,12
TKT-3127,"Hi, Please update my personal information in the system Please let me know what steps I should take.",Account Management,Medium,Web Form,Neutral,Resolved,6.9,9.72,5,18,100,please update personal information system please let know step take,100,9
TKT-3128,The export function produces corrupt files I need urgent assistance with this.,Technical Support,Critical,Email,Negative,Resolved,1.56,2.56,3,12,78,export function produce corrupt file need urgent assistance,78,8
TKT-3129,"Dear team, I want to return the product I bought last week",Returns & Refunds,Medium,Chat,Neutral,Resolved,1.77,8.07,3,12,58,dear team want return product bought last week,58,8
TKT-3130,"Hello, My invoice shows incorrect amount, please fix it Please help me resolve this as soon as possible.",Billing & Payments,Low,Chat,Negative,Pending,16.95,19.34,2,18,104,hello invoice show incorrect amount please fix please help resolve soon possible,104,11
TKT-3131,"Dear Support, I received a damaged item in my shipment I need urgent assistance with this.",Shipping & Delivery,Low,Chat,Negative,Pending,11.95,21.01,3,16,90,dear support received damaged item shipment need urgent assistance,90,9
TKT-3132,"Dear Support, I keep getting disconnected from the server Please let me know what steps I should take.",Technical Support,Medium,Phone,Negative,Resolved,28.54,119.93,4,18,102,dear support keep getting disconnected server please let know step take,102,11
TKT-3133,I sent the return package but got no confirmation,Returns & Refunds,Medium,Chat,Neutral,Escalated,1.64,22.05,1,9,49,sent return package got confirmation,49,5
TKT-3134,"Dear Support, The item I received is defective and I need replacement I have been waiting for a while now.",Returns & Refunds,Medium,Email,Negative,Resolved,34.48,87.92,5,20,106,dear support item received defective need replacement waiting,106,8
TKT-3135,"Hello, I need to change the email address on my account This is affecting my work significantly.",Account Management,Medium,Email,Negative,Resolved,1.59,16.83,3,17,96,hello need change email address account affecting work significantly,96,9
TKT-3136,"Hi, Does your product comply with GDPR regulations This is affecting my work significantly.",Product Information,Critical,Chat,Positive,Resolved,0.5,3.04,3,14,91,product comply gdpr regulation affecting work significantly,91,7
TKT-3137,"Hi there, How many users can I add under a single license Looking forward to your prompt response.",Product Information,High,Phone,Neutral,Resolved,8.79,30.47,5,18,98,many user add single license looking forward prompt response,98,9
TKT-3138,"To whom it may concern, I cannot find my billing history on the portal Thank you for your help.",Billing & Payments,Medium,Web Form,Negative,Pending,1.31,18.81,3,19,95,may concern cannot find billing history portal thank help,95,9
TKT-3139,"Good day, I want to change my username on the platform Looking forward to your prompt response.",Account Management,Medium,Chat,Neutral,Resolved,102.52,126.97,4,17,95,good day want change username platform looking forward prompt response,95,10
TKT-3140,"Good day, Can I expedite the shipping on my recent order Looking forward to your prompt response.",Shipping & Delivery,Low,Chat,Positive,Resolved,5.51,91.09,5,17,97,good day expedite shipping recent order looking forward prompt response,97,10
TKT-3141,"Hi team, Does your product comply with GDPR regulations",Product Information,Low,Chat,Neutral,Escalated,34.33,77.73,2,9,55,team product comply gdpr regulation,55,5
TKT-3142,"To whom it may concern, I need to schedule a redelivery for my parcel Please help me resolve this as soon as possible.",Shipping & Delivery,High,Web Form,Negative,Pending,3.47,6.72,2,23,118,may concern need schedule redelivery parcel please help resolve soon possible,118,11
TKT-3143,"Hi, Does the product support integration with Salesforce I need urgent assistance with this.",Product Information,High,Email,Negative,Resolved,4.59,8.06,4,14,92,product support integration salesforce need urgent assistance,92,7
TKT-3144,"To whom it may concern, Please update my payment method to a new card Thank you for your help.",Billing & Payments,High,Email,Negative,Resolved,0.99,4.57,4,19,94,may concern please update payment method new card thank help,94,10
TKT-3145,"Hi, The feature stopped working after the last update Thank you for your help.",Technical Support,Medium,Email,Neutral,Resolved,49.91,72.67,5,14,78,feature stopped working last update thank help,78,7
TKT-3146,"Dear Support, I want to upgrade my plan but billing is confusing Please help me resolve this as soon as possible.",Billing & Payments,High,Email,Negative,Pending,4.66,8.48,4,21,113,dear support want upgrade plan billing confusing please help resolve soon possible,113,12
TKT-3147,My store credit was not applied to my account Please let me know what steps I should take.,Returns & Refunds,Low,Web Form,Negative,Resolved,8.7,85.2,4,18,90,store credit applied account please let know step take,90,9
TKT-3148,Does your product comply with GDPR regulations Please let me know what steps I should take.,Product Information,Medium,Email,Negative,Escalated,30.14,63.95,3,16,91,product comply gdpr regulation please let know step take,91,9
TKT-3149,"To whom it may concern, My store credit was not applied to my account I have been waiting for a while now.",Returns & Refunds,Medium,Chat,Neutral,Pending,9.18,10.18,2,22,106,may concern store credit applied account waiting,106,7
TKT-3150,I cannot find my billing history on the portal Looking forward to your prompt response.,Billing & Payments,Medium,Email,Negative,Resolved,7.07,22.87,4,15,87,cannot find billing history portal looking forward prompt response,87,9
TKT-3151,"Dear team, The return window has passed but the item is broken This is affecting my work significantly.",Returns & Refunds,High,Web Form,Negative,Resolved,2.55,18.9,3,18,103,dear team return window passed item broken affecting work significantly,103,10
TKT-3152,"Dear team, My package was returned to sender by mistake I have been waiting for a while now.",Shipping & Delivery,Medium,Email,Neutral,Resolved,1.97,5.45,4,18,92,dear team package returned sender mistake waiting,92,7
TKT-3153,"Good day, The return window has passed but the item is broken Please let me know what steps I should take.",Returns & Refunds,Low,Chat,Negative,Resolved,3.64,212.68,5,21,106,good day return window passed item broken please let know step take,106,12
TKT-3154,I was charged twice for my subscription this month I have been waiting for a while now.,Billing & Payments,Low,Web Form,Negative,Resolved,17.77,20.95,4,17,87,charged twice subscription month waiting,87,5
TKT-3155,"Dear Support, Is there an API available for custom integrations Please let me know what steps I should take.",Product Information,Low,Chat,Neutral,Pending,11.62,20.75,2,19,108,dear support api available custom integration please let know step take,108,11
TKT-3156,I cannot log in to my account after the update Please let me know what steps I should take.,Technical Support,Low,Chat,Negative,Resolved,10.07,28.52,5,19,91,cannot log account update please let know step take,91,9
TKT-3157,"Dear Support, I need to cancel my order before it is shipped Please help me resolve this as soon as possible.",Shipping & Delivery,Medium,Chat,Neutral,Resolved,4.34,33.82,5,21,109,dear support need cancel order shipped please help resolve soon possible,109,11
TKT-3158,"Hi there, I need a copy of my tax invoice for last year This is affecting my work significantly.",Billing & Payments,Low,Email,Neutral,Resolved,19.73,164.55,5,19,96,need copy tax invoice last year affecting work significantly,96,9
TKT-3159,"Hi team, My profile picture is not updating correctly I need urgent assistance with this.",Account Management,Low,Email,Neutral,Resolved,34.8,132.97,5,15,89,team profile picture updating correctly need urgent assistance,89,8
TKT-3160,"To whom it may concern, I want to return the product I bought last week Please let me know what steps I should take.",Returns & Refunds,Low,Phone,Neutral,Pending,53.95,58.19,3,24,116,may concern want return product bought last week please let know step take,116,13
TKT-3161,"To whom it may concern, Please process my refund to the original payment method I need urgent assistance with this.",Returns & Refunds,Medium,Chat,Positive,Resolved,2.55,14.04,5,20,115,may concern please process refund original payment method need urgent assistance,115,11
TKT-3162,"Hello, I want to upgrade my plan but billing is confusing",Billing & Payments,Medium,Email,Negative,Resolved,50.29,137.43,3,11,57,hello want upgrade plan billing confusing,57,6
TKT-3163,"Hi, Please remove the two factor authentication from my account",Account Management,High,Email,Positive,Resolved,1.26,21.79,5,10,63,please remove two factor authentication account,63,6
TKT-3164,My account has been locked and I cannot access it This is affecting my work significantly.,Account Management,Critical,Phone,Negative,Resolved,7.52,11.24,5,16,90,account locked cannot access affecting work significantly,90,7
TKT-3165,"Hi there, I want to merge two accounts into one Looking forward to your prompt response.",Account Management,Critical,Web Form,Positive,Pending,3.09,4.09,3,16,88,want merge two account one looking forward prompt response,88,9
TKT-3166,The return window has passed but the item is broken This is affecting my work significantly.,Returns & Refunds,Medium,Email,Neutral,Resolved,4.87,25.84,4,16,92,return window passed item broken affecting work significantly,92,8
TKT-3167,Please update my payment method to a new card This is affecting my work significantly.,Billing & Payments,Medium,Email,Neutral,Resolved,0.58,8.43,4,15,86,please update payment method new card affecting work significantly,86,9
TKT-3168,"Hello, My account shows wrong subscription plan Looking forward to your prompt response.",Account Management,High,Phone,Neutral,Resolved,1.46,37.77,5,13,88,hello account show wrong subscription plan looking forward prompt response,88,10
TKT-3169,"Hi team, The return window has passed but the item is broken I need urgent assistance with this.",Returns & Refunds,Medium,Email,Neutral,Resolved,1.5,8.47,5,18,96,team return window passed item broken need urgent assistance,96,9
TKT-3170,"Hi team, I was charged twice for my subscription this month Looking forward to your prompt response.",Billing & Payments,Medium,Chat,Positive,Pending,8.58,17.26,3,17,100,team charged twice subscription month looking forward prompt response,100,9
TKT-3171,"Dear team, What are the system requirements for your software I need urgent assistance with this.",Product Information,Critical,Email,Positive,Resolved,0.5,1.93,5,16,97,dear team system requirement software need urgent assistance,97,8
TKT-3172,I want to change my username on the platform Thank you for your help.,Account Management,Critical,Chat,Neutral,Resolved,0.74,2.45,3,14,69,want change username platform thank help,69,6
TKT-3173,The delivery estimate keeps getting pushed further Thank you for your help.,Shipping & Delivery,Medium,Phone,Neutral,Pending,1.73,5.06,4,12,75,delivery estimate keep getting pushed thank help,75,7
TKT-3174,"Dear team, Please remove the two factor authentication from my account Thank you for your help.",Account Management,Medium,Chat,Negative,Resolved,9.3,80.26,3,16,95,dear team please remove two factor authentication account thank help,95,10
TKT-3175,"Dear team, Is there an API available for custom integrations Thank you for your help.",Product Information,Low,Web Form,Neutral,Pending,118.16,348.48,2,15,85,dear team api available custom integration thank help,85,8
TKT-3176,The website is showing a 500 internal server error Looking forward to your prompt response.,Technical Support,Low,Phone,Positive,Resolved,53.56,68.45,5,15,91,website showing internal server error looking forward prompt response,91,9
TKT-3177,"Dear team, Is there an API available for custom integrations Looking forward to your prompt response.",Product Information,Critical,Chat,Neutral,Resolved,0.5,3.09,4,16,101,dear team api available custom integration looking forward prompt response,101,10
TKT-3178,Please process my refund to the original payment method I need urgent assistance with this.,Returns & Refunds,Low,Chat,Negative,Resolved,74.22,86.42,3,15,91,please process refund original payment method need urgent assistance,91,9
TKT-3179,"Dear team, How do I initiate a return for an online purchase",Returns & Refunds,High,Email,Neutral,Pending,0.5,9.23,2,12,60,dear team initiate return online purchase,60,6
TKT-3180,"Dear Support, Subscription fee was deducted twice this month I have been waiting for a while now.",Billing & Payments,High,Phone,Negative,Escalated,0.8,20.12,2,17,97,dear support subscription fee deducted twice month waiting,97,8
TKT-3181,"Hi team, The payment gateway keeps showing an error I need urgent assistance with this.",Billing & Payments,Medium,Chat,Negative,Resolved,12.15,24.88,3,15,87,team payment gateway keep showing error need urgent assistance,87,9
TKT-3182,"Hi there, Please update my payment method to a new card Please help me resolve this as soon as possible.",Billing & Payments,Medium,Email,Neutral,Resolved,11.25,27.44,5,20,104,please update payment method new card please help resolve soon possible,104,10
TKT-3183,"Hello, The tracking number provided is not working I have been waiting for a while now.",Shipping & Delivery,Medium,Phone,Neutral,Resolved,5.28,124.72,5,16,87,hello tracking number provided working waiting,87,6
TKT-3184,"Hi there, Please update my personal information in the system Please let me know what steps I should take.",Account Management,High,Chat,Negative,Resolved,5.42,19.72,5,19,106,please update personal information system please let know step take,106,9
TKT-3185,"Dear Support, What features are included in the premium plan Looking forward to your prompt response.",Product Information,High,Phone,Negative,Resolved,4.78,18.89,4,16,101,dear support feature included premium plan looking forward prompt response,101,10
TKT-3186,"Hi, Can I expedite the shipping on my recent order Please let me know what steps I should take.",Shipping & Delivery,High,Chat,Negative,Resolved,1.99,56.72,4,19,95,expedite shipping recent order please let know step take,95,9
TKT-3187,"Dear Support, My account has been locked and I cannot access it",Account Management,Low,Email,Neutral,Pending,22.21,214.95,4,12,63,dear support account locked cannot access,63,6
TKT-3188,"My invoice shows incorrect amount, please fix it I have been waiting for a while now.",Billing & Payments,Low,Email,Negative,Pending,0.5,14.03,4,16,85,invoice show incorrect amount please fix waiting,85,7
TKT-3189,"Hi team, I was charged twice for my subscription this month",Billing & Payments,Low,Chat,Neutral,Pending,36.64,135.35,2,11,59,team charged twice subscription month,59,5
TKT-3190,"Dear team, My order was marked delivered but I did not receive it I have been waiting for a while now.",Shipping & Delivery,High,Chat,Neutral,Resolved,0.74,45.61,4,21,102,dear team order marked delivered receive waiting,102,7
TKT-3191,"Dear Support, What is the data retention policy for your service Looking forward to your prompt response.",Product Information,Low,Phone,Negative,Resolved,17.88,147.49,3,17,105,dear support data retention policy service looking forward prompt response,105,10
TKT-3192,"Dear team, I need to schedule a redelivery for my parcel",Shipping & Delivery,Low,Phone,Neutral,Resolved,12.01,34.93,3,11,56,dear team need schedule redelivery parcel,56,6
TKT-3193,"Dear Support, I sent the return package but got no confirmation I have been waiting for a while now.",Returns & Refunds,High,Chat,Negative,Resolved,1.03,12.71,3,19,100,dear support sent return package got confirmation waiting,100,8
TKT-3194,"Hi team, The payment gateway keeps showing an error Thank you for your help.",Billing & Payments,Medium,Chat,Negative,Escalated,17.39,50.17,3,14,76,team payment gateway keep showing error thank help,76,8
TKT-3195,"To whom it may concern, The feature stopped working after the last update Please help me resolve this as soon as possible.",Technical Support,Medium,Email,Neutral,Pending,1.76,4.86,4,22,122,may concern feature stopped working last update please help resolve soon possible,122,12
TKT-3196,"Hi there, I sent the return package but got no confirmation I need urgent assistance with this.",Returns & Refunds,Low,Email,Negative,Resolved,12.33,27.21,5,17,95,sent return package got confirmation need urgent assistance,95,8
TKT-3197,"Hi, The export function produces corrupt files Please let me know what steps I should take.",Technical Support,Medium,Phone,Neutral,Resolved,22.14,68.01,5,16,91,export function produce corrupt file please let know step take,91,10
TKT-3198,"Hello, I need to schedule a redelivery for my parcel I need urgent assistance with this.",Shipping & Delivery,Low,Email,Negative,Resolved,44.5,249.28,5,16,88,hello need schedule redelivery parcel need urgent assistance,88,7
TKT-3199,I cannot install the application on my laptop Please help me resolve this as soon as possible.,Technical Support,Low,Web Form,Neutral,Resolved,3.89,129.78,4,17,94,cannot install application laptop please help resolve soon possible,94,9
TKT-3200,"Good day, The delivery estimate keeps getting pushed further",Shipping & Delivery,High,Chat,Negative,Resolved,6.48,15.53,5,9,60,good day delivery estimate keep getting pushed,60,7
TKT-3201,"Hello, My order has not arrived yet and it is overdue Looking forward to your prompt response.",Shipping & Delivery,Medium,Email,Neutral,Pending,32.31,42.69,3,17,94,hello order arrived yet overdue looking forward prompt response,94,9
TKT-3202,"Good day, I cannot find my billing history on the portal This is affecting my work significantly.",Billing & Payments,Low,Phone,Neutral,Resolved,19.53,173.98,4,17,97,good day cannot find billing history portal affecting work significantly,97,10
TKT-3203,"Dear team, I need a prepaid return label for my item I need urgent assistance with this.",Returns & Refunds,Medium,Chat,Negative,Resolved,7.91,23.74,4,17,88,dear team need prepaid return label item need urgent assistance,88,9
TKT-3204,"To whom it may concern, My package was returned to sender by mistake Thank you for your help.",Shipping & Delivery,Medium,Web Form,Neutral,Pending,9.99,44.02,2,18,93,may concern package returned sender mistake thank help,93,8
TKT-3205,"Dear team, My order has not arrived yet and it is overdue Please help me resolve this as soon as possible.",Shipping & Delivery,High,Web Form,Neutral,Resolved,3.62,19.1,4,21,106,dear team order arrived yet overdue please help resolve soon possible,106,11
TKT-3206,"Dear Support, I cannot verify my email address with the link sent Thank you for your help.",Account Management,Low,Phone,Negative,Resolved,0.56,143.31,3,17,90,dear support cannot verify email address link sent thank help,90,10
TKT-3207,"To whom it may concern, I need a copy of my tax invoice for last year Thank you for your help.",Billing & Payments,Medium,Email,Negative,Resolved,7.57,21.0,4,21,94,may concern need copy tax invoice last year thank help,94,10
TKT-3208,"Hello, Please help me delete my account permanently I need urgent assistance with this.",Account Management,Medium,Web Form,Negative,Resolved,8.34,16.11,4,14,87,hello please help delete account permanently need urgent assistance,87,9
TKT-3209,"Hi there, The tracking number provided is not working Looking forward to your prompt response.",Shipping & Delivery,High,Chat,Positive,Pending,0.74,21.15,2,15,94,tracking number provided working looking forward prompt response,94,8
TKT-3210,"Hello, The mobile app is very slow and unresponsive Looking forward to your prompt response.",Technical Support,Low,Web Form,Negative,Resolved,23.85,121.07,5,15,92,hello mobile app slow unresponsive looking forward prompt response,92,9
TKT-3211,"Dear Support, I cannot verify my email address with the link sent Please help me resolve this as soon as possible.",Account Management,Low,Email,Negative,Resolved,17.05,23.25,5,21,114,dear support cannot verify email address link sent please help resolve soon possible,114,13
TKT-3212,"Dear Support, I need to cancel my order before it is shipped Please help me resolve this as soon as possible.",Shipping & Delivery,Medium,Chat,Negative,Resolved,2.85,37.13,5,21,109,dear support need cancel order shipped please help resolve soon possible,109,11
TKT-3213,"Hi there, I want to return the product I bought last week Thank you for your help.",Returns & Refunds,High,Email,Negative,Pending,1.68,15.63,3,17,82,want return product bought last week thank help,82,8
TKT-3214,"Dear Support, Please update my payment method to a new card Thank you for your help.",Billing & Payments,Low,Chat,Negative,Resolved,39.83,77.52,3,16,84,dear support please update payment method new card thank help,84,10
TKT-3215,"Hi team, I want to merge two accounts into one I need urgent assistance with this.",Account Management,Low,Phone,Negative,Escalated,10.88,211.78,2,16,82,team want merge two account one need urgent assistance,82,9
TKT-3216,"Good day, Why was my card declined when making a payment This is affecting my work significantly.",Billing & Payments,High,Chat,Negative,Resolved,0.82,4.97,5,17,97,good day card declined making payment affecting work significantly,97,9
TKT-3217,Can I use the product offline without internet connection Thank you for your help.,Product Information,High,Email,Negative,Resolved,0.5,6.13,4,14,82,use product offline without internet connection thank help,82,8
TKT-3218,"Hi, I cannot find my billing history on the portal I have been waiting for a while now.",Billing & Payments,Medium,Chat,Positive,Escalated,22.61,50.18,1,18,87,cannot find billing history portal waiting,87,6
TKT-3219,"Hi team, Can I use the product offline without internet connection I need urgent assistance with this.",Product Information,High,Chat,Negative,Resolved,0.5,13.3,5,17,102,team use product offline without internet connection need urgent assistance,102,10
TKT-3220,"Hi team, What features are included in the premium plan This is affecting my work significantly.",Product Information,Low,Email,Neutral,Escalated,25.47,80.57,2,16,96,team feature included premium plan affecting work significantly,96,8
TKT-3221,I cannot find my billing history on the portal I need urgent assistance with this.,Billing & Payments,Medium,Phone,Neutral,Resolved,16.45,56.44,5,15,82,cannot find billing history portal need urgent assistance,82,8
TKT-3222,"Dear Support, The software is not compatible with my operating system Please let me know what steps I should take.",Technical Support,Low,Chat,Positive,Pending,8.8,16.54,2,20,114,dear support software compatible operating system please let know step take,114,11
TKT-3223,"Dear team, Can I expedite the shipping on my recent order I need urgent assistance with this.",Shipping & Delivery,Medium,Web Form,Negative,Escalated,30.31,116.1,2,17,93,dear team expedite shipping recent order need urgent assistance,93,9
TKT-3224,"Good day, Please process my refund to the original payment method Looking forward to your prompt response.",Returns & Refunds,Low,Email,Negative,Resolved,6.37,58.47,4,17,106,good day please process refund original payment method looking forward prompt response,106,12
TKT-3225,"Dear Support, I need to transfer my account to another user This is affecting my work significantly.",Account Management,Low,Chat,Neutral,Pending,50.56,66.25,2,17,100,dear support need transfer account another user affecting work significantly,100,10
TKT-3226,Can I expedite the shipping on my recent order,Shipping & Delivery,Medium,Phone,Neutral,Pending,16.7,119.36,2,9,46,expedite shipping recent order,46,4
TKT-3227,"Dear team, I was charged twice for my subscription this month Please let me know what steps I should take.",Billing & Payments,Low,Email,Negative,Resolved,5.59,41.96,3,20,106,dear team charged twice subscription month please let know step take,106,11
TKT-3228,"Hi, My refund has not been processed after two weeks Please help me resolve this as soon as possible.",Returns & Refunds,Low,Phone,Negative,Resolved,25.92,34.66,4,19,101,refund processed two week please help resolve soon possible,101,9
TKT-3229,"Hi there, Is there a free trial available for your enterprise plan Thank you for your help.",Product Information,Low,Email,Negative,Pending,10.02,254.79,3,17,91,free trial available enterprise plan thank help,91,7
TKT-3230,"Good day, I want to change my username on the platform Please let me know what steps I should take.",Account Management,High,Phone,Neutral,Resolved,4.63,18.34,4,20,99,good day want change username platform please let know step take,99,11
TKT-3231,I need a refund for the payment made last week I need urgent assistance with this.,Billing & Payments,Medium,Chat,Negative,Resolved,24.63,37.93,4,16,82,need refund payment made last week need urgent assistance,82,8
TKT-3232,"Hi team, Please help me delete my account permanently I need urgent assistance with this.",Account Management,High,Chat,Negative,Resolved,7.4,27.04,5,15,89,team please help delete account permanently need urgent assistance,89,9
TKT-3233,The export function produces corrupt files Please let me know what steps I should take.,Technical Support,Medium,Web Form,Neutral,Resolved,25.83,29.96,4,15,87,export function produce corrupt file please let know step take,87,10
TKT-3234,What are the system requirements for your software I have been waiting for a while now.,Product Information,Medium,Chat,Negative,Pending,0.5,30.5,2,16,87,system requirement software waiting,87,4
TKT-3235,"Hi there, Can I exchange the product for a different size",Returns & Refunds,High,Chat,Negative,Resolved,9.11,13.19,4,11,57,exchange product different size,57,4
TKT-3236,"To whom it may concern, My account has been locked and I cannot access it I have been waiting for a while now.",Account Management,Critical,Email,Negative,Pending,0.5,1.5,2,23,110,may concern account locked cannot access waiting,110,7
TKT-3237,"To whom it may concern, Error message appears every time I try to save Please help me resolve this as soon as possible.",Technical Support,High,Email,Neutral,Pending,2.01,51.02,2,23,119,may concern error message appears every time try save please help resolve soon possible,119,14
TKT-3238,"Hi, My refund has not been processed after two weeks",Returns & Refunds,Medium,Chat,Neutral,Resolved,5.71,48.45,5,10,52,refund processed two week,52,4
TKT-3239,"Dear Support, I was charged twice for my subscription this month Thank you for your help.",Billing & Payments,Medium,Email,Positive,Resolved,11.5,53.09,3,16,89,dear support charged twice subscription month thank help,89,8
TKT-3240,"Dear team, The courier left my package in the wrong location Thank you for your help.",Shipping & Delivery,High,Email,Negative,Pending,3.53,33.09,2,16,85,dear team courier left package wrong location thank help,85,9
TKT-3241,"Hello, I received a damaged item in my shipment Please help me resolve this as soon as possible.",Shipping & Delivery,High,Phone,Positive,Resolved,5.73,24.4,5,18,96,hello received damaged item shipment please help resolve soon possible,96,10
TKT-3242,"Hello, I sent the return package but got no confirmation I have been waiting for a while now.",Returns & Refunds,Low,Email,Neutral,Escalated,27.51,81.95,1,18,93,hello sent return package got confirmation waiting,93,7
TKT-3243,"To whom it may concern, Do you offer any educational or nonprofit discounts Thank you for your help.",Product Information,Low,Phone,Negative,Pending,23.34,72.68,2,18,100,may concern offer educational nonprofit discount thank help,100,8
TKT-3244,"Hi, The export function produces corrupt files I need urgent assistance with this.",Technical Support,Low,Email,Neutral,Resolved,13.6,52.64,3,13,82,export function produce corrupt file need urgent assistance,82,8
TKT-3245,"Good day, How many users can I add under a single license",Product Information,Medium,Web Form,Negative,Resolved,1.26,70.73,3,12,57,good day many user add single license,57,7
TKT-3246,"Hi, Why was my card declined when making a payment Please let me know what steps I should take.",Billing & Payments,High,Chat,Positive,Pending,5.36,11.53,2,19,95,card declined making payment please let know step take,95,9
TKT-3247,"To whom it may concern, My store credit was not applied to my account This is affecting my work significantly.",Returns & Refunds,High,Email,Positive,Escalated,2.61,18.02,1,20,110,may concern store credit applied account affecting work significantly,110,9
TKT-3248,"Hi there, The payment gateway keeps showing an error This is affecting my work significantly.",Billing & Payments,Low,Web Form,Negative,Pending,11.32,62.14,2,15,93,payment gateway keep showing error affecting work significantly,93,8
TKT-3249,"To whom it may concern, Error message appears every time I try to save Please help me resolve this as soon as possible.",Technical Support,Low,Chat,Negative,Resolved,12.41,102.2,5,23,119,may concern error message appears every time try save please help resolve soon possible,119,14
TKT-3250,"Good day, My account shows wrong subscription plan Please help me resolve this as soon as possible.",Account Management,Medium,Chat,Neutral,Pending,0.75,4.37,2,17,99,good day account show wrong subscription plan please help resolve soon possible,99,12
TKT-3251,"Hi team, Dashboard is not loading any data for me I need urgent assistance with this.",Technical Support,Medium,Chat,Negative,Resolved,28.83,94.11,5,16,85,team dashboard loading data need urgent assistance,85,7
TKT-3252,Please remove the two factor authentication from my account,Account Management,Low,Email,Positive,Resolved,8.31,66.09,3,9,59,please remove two factor authentication account,59,6
TKT-3253,"Good day, The software is not compatible with my operating system Looking forward to your prompt response.",Technical Support,Low,Chat,Neutral,Resolved,19.21,39.97,4,17,106,good day software compatible operating system looking forward prompt response,106,10
TKT-3254,"Dear Support, The payment gateway keeps showing an error I need urgent assistance with this.",Billing & Payments,Low,Web Form,Neutral,Pending,25.04,204.08,3,15,92,dear support payment gateway keep showing error need urgent assistance,92,10
TKT-3255,"Good day, The mobile app is very slow and unresponsive Please let me know what steps I should take.",Technical Support,Low,Phone,Negative,Resolved,7.0,42.82,5,19,99,good day mobile app slow unresponsive please let know step take,99,11
TKT-3256,"Hi, Dashboard is not loading any data for me Please let me know what steps I should take.",Technical Support,Medium,Email,Neutral,Resolved,38.43,96.12,4,18,89,dashboard loading data please let know step take,89,8
TKT-3257,"Dear team, Please process my refund to the original payment method Please help me resolve this as soon as possible.",Returns & Refunds,Low,Email,Negative,Resolved,10.94,163.81,3,20,115,dear team please process refund original payment method please help resolve soon possible,115,12
TKT-3258,"Hi, What languages does your platform currently support I have been waiting for a while now.",Product Information,Low,Chat,Neutral,Resolved,14.42,55.52,3,16,92,language platform currently support waiting,92,5
TKT-3259,"Hi there, Does your product comply with GDPR regulations I need urgent assistance with this.",Product Information,Low,Email,Negative,Pending,2.89,6.84,3,15,92,product comply gdpr regulation need urgent assistance,92,7
TKT-3260,"Dear team, Please process my refund to the original payment method",Returns & Refunds,High,Phone,Neutral,Pending,10.95,11.95,2,11,66,dear team please process refund original payment method,66,8
TKT-3261,"Hi, I need to transfer my account to another user This is affecting my work significantly.",Account Management,Low,Chat,Negative,Pending,2.1,25.08,2,16,90,need transfer account another user affecting work significantly,90,8
TKT-3262,"Hi team, I cannot find my billing history on the portal",Billing & Payments,Medium,Phone,Neutral,Resolved,4.26,25.94,3,11,55,team cannot find billing history portal,55,6
TKT-3263,"Hi team, I forgot my password and need to reset it This is affecting my work significantly.",Account Management,High,Chat,Negative,Escalated,11.35,38.04,2,17,91,team forgot password need reset affecting work significantly,91,8
TKT-3264,"Hi, Please help me delete my account permanently This is affecting my work significantly.",Account Management,Critical,Email,Neutral,Resolved,0.89,4.73,5,14,89,please help delete account permanently affecting work significantly,89,8
TKT-3265,"Hello, The return window has passed but the item is broken This is affecting my work significantly.",Returns & Refunds,Low,Phone,Neutral,Resolved,4.13,172.97,4,17,99,hello return window passed item broken affecting work significantly,99,9
TKT-3266,"To whom it may concern, The website is showing a 500 internal server error Please let me know what steps I should take.",Technical Support,Low,Email,Negative,Resolved,16.38,22.74,5,23,119,may concern website showing internal server error please let know step take,119,12
TKT-3267,"Hello, I want to upgrade my plan but billing is confusing Please help me resolve this as soon as possible.",Billing & Payments,Medium,Email,Neutral,Resolved,19.31,112.71,5,20,106,hello want upgrade plan billing confusing please help resolve soon possible,106,11
TKT-3268,"Hi, Does your product comply with GDPR regulations I have been waiting for a while now.",Product Information,Medium,Phone,Neutral,Resolved,9.19,31.33,5,16,87,product comply gdpr regulation waiting,87,5
TKT-3269,"Hello, My account has been locked and I cannot access it",Account Management,Low,Email,Positive,Resolved,0.81,51.13,4,11,56,hello account locked cannot access,56,5
TKT-3270,"Hi, I keep getting disconnected from the server I have been waiting for a while now.",Technical Support,Low,Phone,Negative,Resolved,10.31,61.94,5,16,84,keep getting disconnected server waiting,84,5
TKT-3271,"Hello, I want to change the delivery address for my order",Shipping & Delivery,Low,Chat,Negative,Pending,7.78,44.28,3,11,57,hello want change delivery address order,57,6
TKT-3272,"Dear team, I want to upgrade my plan but billing is confusing I need urgent assistance with this.",Billing & Payments,High,Email,Positive,Resolved,1.06,4.75,4,18,97,dear team want upgrade plan billing confusing need urgent assistance,97,10
TKT-3273,"Hi, I was charged twice for my subscription this month Thank you for your help.",Billing & Payments,Low,Email,Positive,Escalated,5.49,25.84,3,15,79,charged twice subscription month thank help,79,6
TKT-3274,"Hello, My profile picture is not updating correctly Looking forward to your prompt response.",Account Management,High,Phone,Negative,Resolved,2.1,5.76,4,14,92,hello profile picture updating correctly looking forward prompt response,92,9
TKT-3275,"Hi, My promo code is not being applied to my bill Please let me know what steps I should take.",Billing & Payments,High,Web Form,Negative,Pending,1.09,7.7,2,20,94,promo code applied bill please let know step take,94,9
TKT-3276,"Hi team, I need to schedule a redelivery for my parcel I need urgent assistance with this.",Shipping & Delivery,High,Email,Neutral,Pending,1.84,2.84,2,17,90,team need schedule redelivery parcel need urgent assistance,90,7
TKT-3277,"Hi, I want to upgrade my plan but billing is confusing Please help me resolve this as soon as possible.",Billing & Payments,High,Email,Positive,Resolved,1.85,4.13,4,20,103,want upgrade plan billing confusing please help resolve soon possible,103,10
TKT-3278,"Hi team, I cannot verify my email address with the link sent I need urgent assistance with this.",Account Management,High,Chat,Neutral,Resolved,0.61,4.22,4,18,96,team cannot verify email address link sent need urgent assistance,96,10
TKT-3279,"Good day, Can I expedite the shipping on my recent order Please help me resolve this as soon as possible.",Shipping & Delivery,Low,Phone,Negative,Resolved,71.07,79.93,4,20,105,good day expedite shipping recent order please help resolve soon possible,105,11
TKT-3280,"Dear team, Does your product comply with GDPR regulations Thank you for your help.",Product Information,Medium,Phone,Neutral,Pending,7.95,35.73,2,14,82,dear team product comply gdpr regulation thank help,82,8
TKT-3281,"Hello, My package was returned to sender by mistake I have been waiting for a while now.",Shipping & Delivery,Medium,Email,Negative,Resolved,13.22,29.37,4,17,88,hello package returned sender mistake waiting,88,6
TKT-3282,"Hi, The replacement item also arrived damaged",Returns & Refunds,Medium,Web Form,Neutral,Pending,0.5,98.14,3,7,45,replacement item also arrived damaged,45,5
TKT-3283,"Good day, I need to cancel my order before it is shipped I need urgent assistance with this.",Shipping & Delivery,High,Phone,Negative,Resolved,0.78,2.86,5,18,92,good day need cancel order shipped need urgent assistance,92,8
TKT-3284,"Hello, I was charged twice for my subscription this month This is affecting my work significantly.",Billing & Payments,High,Chat,Negative,Resolved,1.61,48.55,4,16,98,hello charged twice subscription month affecting work significantly,98,8
TKT-3285,The tracking number provided is not working Please let me know what steps I should take.,Shipping & Delivery,High,Chat,Negative,Resolved,13.39,23.56,5,16,88,tracking number provided working please let know step take,88,9
TKT-3286,"Dear team, I cannot verify my email address with the link sent",Account Management,Low,Phone,Negative,Pending,56.49,57.49,2,12,62,dear team cannot verify email address link sent,62,8
TKT-3287,"Dear Support, My data is not syncing across devices properly Please help me resolve this as soon as possible.",Technical Support,Medium,Email,Positive,Escalated,7.68,9.95,2,19,109,dear support data syncing across device properly please help resolve soon possible,109,12
TKT-3288,"Hi there, I need a refund for the payment made last week Thank you for your help.",Billing & Payments,Medium,Chat,Positive,Resolved,55.17,63.56,4,17,81,need refund payment made last week thank help,81,8
TKT-3289,"To whom it may concern, I need to schedule a redelivery for my parcel Please let me know what steps I should take.",Shipping & Delivery,Critical,Web Form,Negative,Escalated,0.67,4.25,1,23,114,may concern need schedule redelivery parcel please let know step take,114,11
TKT-3290,"Dear Support, The delivery estimate keeps getting pushed further Looking forward to your prompt response.",Shipping & Delivery,Medium,Phone,Negative,Resolved,16.43,26.96,5,15,105,dear support delivery estimate keep getting pushed looking forward prompt response,105,11
TKT-3291,"To whom it may concern, Is there a free trial available for your enterprise plan Please let me know what steps I should take.",Product Information,Medium,Chat,Neutral,Pending,16.65,45.24,2,24,125,may concern free trial available enterprise plan please let know step take,125,12
TKT-3292,I forgot my password and need to reset it Looking forward to your prompt response.,Account Management,High,Email,Negative,Resolved,9.03,10.03,5,15,82,forgot password need reset looking forward prompt response,82,8
TKT-3293,Why was my card declined when making a payment Please help me resolve this as soon as possible.,Billing & Payments,Medium,Email,Negative,Escalated,10.04,62.09,2,18,95,card declined making payment please help resolve soon possible,95,9
TKT-3294,"Good day, How many users can I add under a single license This is affecting my work significantly.",Product Information,Medium,Phone,Negative,Pending,17.22,32.95,4,18,98,good day many user add single license affecting work significantly,98,10
TKT-3295,"Hello, How do I initiate a return for an online purchase I have been waiting for a while now.",Returns & Refunds,Medium,Email,Positive,Resolved,1.55,13.46,3,19,93,hello initiate return online purchase waiting,93,6
TKT-3296,"Dear team, Dashboard is not loading any data for me",Technical Support,Medium,Email,Positive,Resolved,0.78,12.0,4,10,51,dear team dashboard loading data,51,5
TKT-3297,"To whom it may concern, The courier left my package in the wrong location I have been waiting for a while now.",Shipping & Delivery,Critical,Email,Negative,Pending,0.5,1.5,3,22,110,may concern courier left package wrong location waiting,110,8
TKT-3298,"Hi team, My order was marked delivered but I did not receive it I have been waiting for a while now.",Shipping & Delivery,Low,Email,Negative,Resolved,112.33,214.12,5,21,100,team order marked delivered receive waiting,100,6
TKT-3299,"Dear team, I cannot log in to my account after the update Please help me resolve this as soon as possible.",Technical Support,Medium,Web Form,Negative,Resolved,3.96,36.53,5,21,106,dear team cannot log account update please help resolve soon possible,106,11
TKT-3300,"Hi, What are the system requirements for your software This is affecting my work significantly.",Product Information,Medium,Chat,Negative,Escalated,5.94,28.93,3,15,95,system requirement software affecting work significantly,95,6
TKT-3301,"Dear team, How do I initiate a return for an online purchase This is affecting my work significantly.",Returns & Refunds,Medium,Email,Positive,Resolved,18.09,32.42,4,18,101,dear team initiate return online purchase affecting work significantly,101,9
TKT-3302,"To whom it may concern, Error message appears every time I try to save Thank you for your help.",Technical Support,High,Chat,Positive,Resolved,1.05,5.99,5,19,95,may concern error message appears every time try save thank help,95,11
TKT-3303,"Dear Support, The feature stopped working after the last update Please help me resolve this as soon as possible.",Technical Support,High,Email,Negative,Escalated,1.41,4.61,3,19,112,dear support feature stopped working last update please help resolve soon possible,112,12
TKT-3304,"Hello, I forgot my password and need to reset it I have been waiting for a while now.",Account Management,Medium,Chat,Neutral,Resolved,9.01,88.06,4,18,85,hello forgot password need reset waiting,85,6
TKT-3305,"Hello, I need a copy of my tax invoice for last year Looking forward to your prompt response.",Billing & Payments,Critical,Web Form,Neutral,Pending,2.38,3.38,2,18,93,hello need copy tax invoice last year looking forward prompt response,93,11
TKT-3306,"Good day, My account shows wrong subscription plan I have been waiting for a while now.",Account Management,Medium,Web Form,Neutral,Resolved,1.43,23.07,3,16,87,good day account show wrong subscription plan waiting,87,8
TKT-3307,"Good day, I was charged twice for my subscription this month This is affecting my work significantly.",Billing & Payments,High,Email,Negative,Resolved,6.15,20.49,4,17,101,good day charged twice subscription month affecting work significantly,101,9
TKT-3308,"Good day, I need to change the email address on my account Please let me know what steps I should take.",Account Management,High,Chat,Negative,Resolved,1.41,11.95,4,21,103,good day need change email address account please let know step take,103,12
TKT-3309,"To whom it may concern, My refund has not been processed after two weeks This is affecting my work significantly.",Returns & Refunds,Medium,Email,Positive,Resolved,9.37,42.51,5,20,113,may concern refund processed two week affecting work significantly,113,9
TKT-3310,"Hi, My data is not syncing across devices properly Looking forward to your prompt response.",Technical Support,Medium,Chat,Neutral,Pending,52.85,73.7,3,15,91,data syncing across device properly looking forward prompt response,91,9
TKT-3311,"Hi, Please help me delete my account permanently Looking forward to your prompt response.",Account Management,Low,Web Form,Negative,Pending,142.13,166.0,3,14,89,please help delete account permanently looking forward prompt response,89,9
TKT-3312,"Hello, What languages does your platform currently support I have been waiting for a while now.",Product Information,Medium,Web Form,Negative,Resolved,28.84,50.34,4,16,95,hello language platform currently support waiting,95,6
TKT-3313,"Dear team, The mobile app is very slow and unresponsive This is affecting my work significantly.",Technical Support,Low,Web Form,Negative,Resolved,26.68,101.39,4,16,96,dear team mobile app slow unresponsive affecting work significantly,96,9
TKT-3314,"Dear Support, Please update my personal information in the system Thank you for your help.",Account Management,Low,Web Form,Negative,Resolved,18.5,107.65,3,15,90,dear support please update personal information system thank help,90,9
TKT-3315,"Hello, The item I received is defective and I need replacement Looking forward to your prompt response.",Returns & Refunds,Medium,Phone,Negative,Pending,3.08,136.46,4,17,103,hello item received defective need replacement looking forward prompt response,103,10
TKT-3316,"Good day, My data is not syncing across devices properly Thank you for your help.",Technical Support,Low,Phone,Negative,Resolved,9.9,257.18,3,15,81,good day data syncing across device properly thank help,81,9
TKT-3317,"To whom it may concern, Can I exchange the product for a different size Thank you for your help.",Returns & Refunds,Medium,Chat,Neutral,Resolved,1.69,47.09,5,19,96,may concern exchange product different size thank help,96,8
TKT-3318,"Hi, How do I initiate a return for an online purchase This is affecting my work significantly.",Returns & Refunds,High,Email,Negative,Resolved,2.91,3.91,5,17,94,initiate return online purchase affecting work significantly,94,7
TKT-3319,"Dear Support, My order was marked delivered but I did not receive it I have been waiting for a while now.",Shipping & Delivery,Low,Phone,Negative,Resolved,3.96,6.76,5,21,105,dear support order marked delivered receive waiting,105,7
TKT-3320,"Hi there, The application keeps crashing when I open it Looking forward to your prompt response.",Technical Support,Low,Email,Negative,Resolved,64.56,107.91,5,16,96,application keep crashing open looking forward prompt response,96,8
TKT-3321,"Dear team, My package was returned to sender by mistake This is affecting my work significantly.",Shipping & Delivery,Medium,Email,Negative,Resolved,9.39,30.27,4,16,96,dear team package returned sender mistake affecting work significantly,96,9
TKT-3322,"Dear team, The item I received is defective and I need replacement I need urgent assistance with this.",Returns & Refunds,Medium,Email,Negative,Resolved,6.37,10.04,4,18,102,dear team item received defective need replacement need urgent assistance,102,9
TKT-3323,"Hi team, The software is not compatible with my operating system I have been waiting for a while now.",Technical Support,Low,Email,Negative,Pending,0.5,91.97,3,19,101,team software compatible operating system waiting,101,6
TKT-3324,"Dear team, Can I use the product offline without internet connection Looking forward to your prompt response.",Product Information,High,Email,Negative,Resolved,6.1,43.53,4,17,109,dear team use product offline without internet connection looking forward prompt response,109,12
TKT-3325,"To whom it may concern, My profile picture is not updating correctly",Account Management,Medium,Phone,Neutral,Resolved,31.53,67.23,5,12,68,may concern profile picture updating correctly,68,6
TKT-3326,"Dear team, I sent the return package but got no confirmation Please let me know what steps I should take.",Returns & Refunds,Low,Email,Neutral,Resolved,24.19,49.02,5,20,105,dear team sent return package got confirmation please let know step take,105,12
TKT-3327,"Hi, Can I expedite the shipping on my recent order This is affecting my work significantly.",Shipping & Delivery,High,Chat,Neutral,Resolved,19.73,31.42,3,16,91,expedite shipping recent order affecting work significantly,91,7
TKT-3328,"Dear team, My data is not syncing across devices properly This is affecting my work significantly.",Technical Support,Low,Phone,Neutral,Resolved,44.71,66.26,4,16,98,dear team data syncing across device properly affecting work significantly,98,10
TKT-3329,"Hi there, What are the system requirements for your software Thank you for your help.",Product Information,Low,Phone,Negative,Resolved,12.89,84.67,4,15,85,system requirement software thank help,85,5
TKT-3330,"Dear Support, Do you offer any educational or nonprofit discounts I have been waiting for a while now.",Product Information,Medium,Email,Negative,Resolved,1.94,18.49,4,18,102,dear support offer educational nonprofit discount waiting,102,7
TKT-3331,"Hello, I need to transfer my account to another user Looking forward to your prompt response.",Account Management,Medium,Email,Negative,Resolved,2.58,27.7,4,16,93,hello need transfer account another user looking forward prompt response,93,10
TKT-3332,"Dear team, I cannot find my billing history on the portal I have been waiting for a while now.",Billing & Payments,High,Web Form,Neutral,Resolved,9.66,47.93,5,19,94,dear team cannot find billing history portal waiting,94,8
TKT-3333,"Hi, I cannot install the application on my laptop",Technical Support,Critical,Email,Neutral,Resolved,1.23,9.54,3,9,49,cannot install application laptop,49,4
TKT-3334,"To whom it may concern, My package was returned to sender by mistake Thank you for your help.",Shipping & Delivery,Medium,Chat,Negative,Escalated,42.2,57.41,1,18,93,may concern package returned sender mistake thank help,93,8
TKT-3335,"Hi team, What is the data retention policy for your service Thank you for your help.",Product Information,Medium,Phone,Neutral,Resolved,16.72,66.19,4,16,84,team data retention policy service thank help,84,7
TKT-3336,"To whom it may concern, My account shows wrong subscription plan Please let me know what steps I should take.",Account Management,Medium,Chat,Neutral,Resolved,1.59,4.59,5,20,109,may concern account show wrong subscription plan please let know step take,109,12
TKT-3337,"Dear Support, What features are included in the premium plan",Product Information,Low,Web Form,Negative,Resolved,1.43,64.5,4,10,60,dear support feature included premium plan,60,6
TKT-3338,"Hello, The mobile app is very slow and unresponsive I have been waiting for a while now.",Technical Support,High,Web Form,Neutral,Resolved,1.88,2.88,4,17,88,hello mobile app slow unresponsive waiting,88,6
TKT-3339,I cannot find my billing history on the portal I need urgent assistance with this.,Billing & Payments,Medium,Email,Neutral,Resolved,10.64,61.47,4,15,82,cannot find billing history portal need urgent assistance,82,8
TKT-3340,"Hello, My account has been locked and I cannot access it I need urgent assistance with this.",Account Management,Medium,Email,Positive,Resolved,7.89,35.01,5,17,92,hello account locked cannot access need urgent assistance,92,8
TKT-3341,"Hi, Please update my payment method to a new card This is affecting my work significantly.",Billing & Payments,Low,Chat,Negative,Resolved,49.56,66.12,3,16,90,please update payment method new card affecting work significantly,90,9
TKT-3342,"To whom it may concern, My account has been locked and I cannot access it Please let me know what steps I should take.",Account Management,Medium,Email,Neutral,Resolved,4.44,38.98,3,24,118,may concern account locked cannot access please let know step take,118,11
TKT-3343,"Hi there, My profile picture is not updating correctly This is affecting my work significantly.",Account Management,Medium,Web Form,Neutral,Resolved,0.56,109.11,4,15,95,profile picture updating correctly affecting work significantly,95,7
TKT-3344,"Dear Support, I need a prepaid return label for my item Please let me know what steps I should take.",Returns & Refunds,High,Web Form,Neutral,Resolved,9.05,12.32,3,20,100,dear support need prepaid return label item please let know step take,100,12
TKT-3345,"Hi there, I cannot find my billing history on the portal I have been waiting for a while now.",Billing & Payments,Medium,Phone,Negative,Resolved,14.78,69.07,4,19,93,cannot find billing history portal waiting,93,6
TKT-3346,"Hi, Does your product comply with GDPR regulations",Product Information,Medium,Phone,Negative,Resolved,5.08,44.98,4,8,50,product comply gdpr regulation,50,4
TKT-3347,"Dear Support, Please process my refund to the original payment method Thank you for your help.",Returns & Refunds,Low,Phone,Negative,Resolved,7.53,73.28,4,16,94,dear support please process refund original payment method thank help,94,10
TKT-3348,"Good day, My data is not syncing across devices properly",Technical Support,Medium,Phone,Neutral,Pending,3.61,16.48,3,10,56,good day data syncing across device properly,56,7
TKT-3349,The software is not compatible with my operating system,Technical Support,Medium,Chat,Negative,Pending,6.03,16.62,2,9,55,software compatible operating system,55,4
TKT-3350,"To whom it may concern, I sent the return package but got no confirmation I need urgent assistance with this.",Returns & Refunds,Medium,Phone,Positive,Escalated,23.38,108.76,1,20,109,may concern sent return package got confirmation need urgent assistance,109,10
TKT-3351,"Hi team, My account has been locked and I cannot access it Thank you for your help.",Account Management,High,Phone,Neutral,Resolved,0.5,54.11,5,17,83,team account locked cannot access thank help,83,7
TKT-3352,"Dear team, Error message appears every time I try to save Please help me resolve this as soon as possible.",Technical Support,High,Email,Neutral,Pending,7.28,9.51,3,20,106,dear team error message appears every time try save please help resolve soon possible,106,14
TKT-3353,"Dear Support, I need to change the email address on my account Please let me know what steps I should take.",Account Management,Low,Email,Positive,Resolved,31.37,50.9,4,21,107,dear support need change email address account please let know step take,107,12
TKT-3354,"Dear team, I want to return the product I bought last week I have been waiting for a while now.",Returns & Refunds,Medium,Phone,Neutral,Resolved,2.37,5.46,4,20,95,dear team want return product bought last week waiting,95,9
TKT-3355,"Hi team, My account has been locked and I cannot access it Thank you for your help.",Account Management,Medium,Phone,Negative,Resolved,0.5,20.85,4,17,83,team account locked cannot access thank help,83,7
TKT-3356,The return window has passed but the item is broken Please let me know what steps I should take.,Returns & Refunds,Medium,Web Form,Negative,Resolved,4.32,5.45,3,19,96,return window passed item broken please let know step take,96,10
TKT-3357,"Hi, Please remove the two factor authentication from my account Please help me resolve this as soon as possible.",Account Management,Medium,Chat,Neutral,Resolved,4.95,9.66,4,19,112,please remove two factor authentication account please help resolve soon possible,112,10
TKT-3358,"To whom it may concern, The website is showing a 500 internal server error Thank you for your help.",Technical Support,High,Chat,Neutral,Pending,2.23,5.51,2,19,99,may concern website showing internal server error thank help,99,9
TKT-3359,"Hi team, What are the system requirements for your software I need urgent assistance with this.",Product Information,Medium,Email,Neutral,Resolved,25.42,46.31,5,16,95,team system requirement software need urgent assistance,95,7
TKT-3360,"Good day, Can I expedite the shipping on my recent order",Shipping & Delivery,Medium,Chat,Negative,Resolved,31.02,76.81,3,11,56,good day expedite shipping recent order,56,6
TKT-3361,"Dear team, Please update my payment method to a new card Please let me know what steps I should take.",Billing & Payments,Low,Chat,Negative,Pending,19.4,91.37,3,20,101,dear team please update payment method new card please let know step take,101,12
TKT-3362,"Hello, I need a refund for the payment made last week Looking forward to your prompt response.",Billing & Payments,Medium,Phone,Positive,Escalated,11.97,25.66,1,17,94,hello need refund payment made last week looking forward prompt response,94,11
TKT-3363,"Dear team, Subscription fee was deducted twice this month Please help me resolve this as soon as possible.",Billing & Payments,Medium,Chat,Negative,Resolved,11.4,71.9,3,18,106,dear team subscription fee deducted twice month please help resolve soon possible,106,12
TKT-3364,"Hello, My data is not syncing across devices properly Thank you for your help.",Technical Support,Medium,Phone,Negative,Resolved,8.72,181.98,3,14,78,hello data syncing across device properly thank help,78,8
TKT-3365,"Good day, My account has been locked and I cannot access it Please let me know what steps I should take.",Account Management,Medium,Chat,Positive,Resolved,2.03,121.39,5,21,104,good day account locked cannot access please let know step take,104,11
TKT-3366,"Hello, Please process my refund to the original payment method",Returns & Refunds,Medium,Phone,Negative,Resolved,11.85,12.85,5,10,62,hello please process refund original payment method,62,7
TKT-3367,Please update my payment method to a new card Please help me resolve this as soon as possible.,Billing & Payments,High,Web Form,Negative,Escalated,2.97,14.21,3,18,94,please update payment method new card please help resolve soon possible,94,10
TKT-3368,"Hi team, I keep getting disconnected from the server Thank you for your help.",Technical Support,Low,Web Form,Neutral,Resolved,32.75,40.79,5,14,77,team keep getting disconnected server thank help,77,7
TKT-3369,"Dear Support, I cannot log in to my account after the update Thank you for your help.",Technical Support,High,Chat,Negative,Resolved,4.8,14.19,5,17,85,dear support cannot log account update thank help,85,8
TKT-3370,"Hello, Is there an API available for custom integrations Thank you for your help.",Product Information,High,Email,Neutral,Pending,1.26,2.26,2,14,81,hello api available custom integration thank help,81,7
TKT-3371,"Good day, The website is showing a 500 internal server error Please let me know what steps I should take.",Technical Support,Medium,Chat,Negative,Pending,12.67,14.62,2,20,105,good day website showing internal server error please let know step take,105,12
TKT-3372,"Dear team, Is there an API available for custom integrations Looking forward to your prompt response.",Product Information,Medium,Chat,Negative,Pending,15.39,56.86,4,16,101,dear team api available custom integration looking forward prompt response,101,10
TKT-3373,"Hi there, My package was returned to sender by mistake This is affecting my work significantly.",Shipping & Delivery,Low,Web Form,Negative,Resolved,5.39,58.72,4,16,95,package returned sender mistake affecting work significantly,95,7
TKT-3374,"Dear team, The courier left my package in the wrong location Please let me know what steps I should take.",Shipping & Delivery,Medium,Chat,Neutral,Resolved,4.91,12.14,4,20,105,dear team courier left package wrong location please let know step take,105,12
TKT-3375,"Dear Support, The application keeps crashing when I open it",Technical Support,Low,Phone,Negative,Resolved,13.2,181.42,4,10,59,dear support application keep crashing open,59,6
TKT-3376,"Good day, I was billed after cancelling my account I have been waiting for a while now.",Billing & Payments,Medium,Chat,Neutral,Pending,3.8,9.47,3,17,87,good day billed cancelling account waiting,87,6
TKT-3377,"Dear team, I received the wrong item in my package",Shipping & Delivery,Medium,Chat,Positive,Resolved,21.05,23.9,4,10,50,dear team received wrong item package,50,6
TKT-3378,"Hello, My order has not arrived yet and it is overdue Please let me know what steps I should take.",Shipping & Delivery,High,Phone,Negative,Resolved,2.72,11.0,5,20,98,hello order arrived yet overdue please let know step take,98,10
TKT-3379,"To whom it may concern, I sent the return package but got no confirmation Please let me know what steps I should take.",Returns & Refunds,Critical,Email,Neutral,Resolved,0.5,1.5,4,23,118,may concern sent return package got confirmation please let know step take,118,12
TKT-3380,"Dear Support, Do you offer any educational or nonprofit discounts Thank you for your help.",Product Information,Critical,Chat,Negative,Resolved,0.5,1.5,3,15,90,dear support offer educational nonprofit discount thank help,90,8
TKT-3381,"Hi team, The website is showing a 500 internal server error",Technical Support,High,Chat,Positive,Pending,1.04,3.1,3,11,59,team website showing internal server error,59,6
TKT-3382,"Dear Support, What languages does your platform currently support I need urgent assistance with this.",Product Information,Critical,Chat,Negative,Resolved,0.5,21.71,5,15,101,dear support language platform currently support need urgent assistance,101,8
TKT-3383,"Hi, Is there an API available for custom integrations This is affecting my work significantly.",Product Information,Medium,Email,Neutral,Resolved,0.5,18.6,5,15,94,api available custom integration affecting work significantly,94,7
TKT-3384,The mobile app is very slow and unresponsive Please let me know what steps I should take.,Technical Support,Medium,Email,Positive,Pending,3.35,16.04,3,17,89,mobile app slow unresponsive please let know step take,89,9
TKT-3385,"Good day, The item I received is defective and I need replacement",Returns & Refunds,Medium,Email,Neutral,Pending,18.28,25.22,3,12,65,good day item received defective need replacement,65,7
TKT-3386,"Hello, Can I use the product offline without internet connection I have been waiting for a while now.",Product Information,Medium,Phone,Negative,Resolved,1.0,69.67,3,18,101,hello use product offline without internet connection waiting,101,8
TKT-3387,"My invoice shows incorrect amount, please fix it I have been waiting for a while now.",Billing & Payments,Low,Email,Negative,Pending,60.85,322.55,3,16,85,invoice show incorrect amount please fix waiting,85,7
TKT-3388,"Dear Support, What is the data retention policy for your service Please let me know what steps I should take.",Product Information,Medium,Chat,Negative,Resolved,29.74,141.91,5,20,109,dear support data retention policy service please let know step take,109,11
TKT-3389,"Hi, The software is not compatible with my operating system",Technical Support,Low,Chat,Neutral,Resolved,9.05,42.8,5,10,59,software compatible operating system,59,4
TKT-3390,"Dear team, My invoice shows incorrect amount, please fix it Thank you for your help.",Billing & Payments,High,Email,Negative,Pending,0.5,19.19,3,15,84,dear team invoice show incorrect amount please fix thank help,84,10
TKT-3391,"Hi team, My profile picture is not updating correctly This is affecting my work significantly.",Account Management,Medium,Chat,Positive,Resolved,23.52,113.12,4,15,94,team profile picture updating correctly affecting work significantly,94,8
TKT-3392,"Hi, What features are included in the premium plan Please let me know what steps I should take.",Product Information,Medium,Chat,Negative,Resolved,28.26,84.43,5,18,95,feature included premium plan please let know step take,95,9
TKT-3393,"Dear Support, Subscription fee was deducted twice this month I have been waiting for a while now.",Billing & Payments,Low,Email,Negative,Pending,37.99,52.54,4,17,97,dear support subscription fee deducted twice month waiting,97,8
TKT-3394,"Dear team, My store credit was not applied to my account",Returns & Refunds,Medium,Phone,Neutral,Resolved,12.06,32.12,5,11,56,dear team store credit applied account,56,6
TKT-3395,"Hello, Can you explain the difference between basic and pro This is affecting my work significantly.",Product Information,Medium,Web Form,Negative,Resolved,2.34,29.39,5,16,100,hello explain difference basic pro affecting work significantly,100,8
TKT-3396,"Dear Support, I sent the return package but got no confirmation",Returns & Refunds,Low,Phone,Negative,Resolved,19.94,159.46,5,11,63,dear support sent return package got confirmation,63,7
TKT-3397,"Dear Support, I need to change the email address on my account Please help me resolve this as soon as possible.",Account Management,Medium,Chat,Negative,Resolved,12.53,98.54,4,21,111,dear support need change email address account please help resolve soon possible,111,12
TKT-3398,"Dear Support, I received a damaged item in my shipment Please let me know what steps I should take.",Shipping & Delivery,Medium,Email,Neutral,Resolved,8.28,32.83,4,19,99,dear support received damaged item shipment please let know step take,99,11
TKT-3399,"Hi team, I need a copy of my tax invoice for last year Looking forward to your prompt response.",Billing & Payments,Medium,Web Form,Negative,Pending,10.51,12.08,4,19,95,team need copy tax invoice last year looking forward prompt response,95,11
TKT-3400,"Hi, I want to upgrade my plan but billing is confusing Please let me know what steps I should take.",Billing & Payments,High,Email,Neutral,Resolved,0.73,1.73,5,20,99,want upgrade plan billing confusing please let know step take,99,10
TKT-3401,"To whom it may concern, Error message appears every time I try to save Looking forward to your prompt response.",Technical Support,Medium,Phone,Negative,Pending,25.71,148.79,3,20,111,may concern error message appears every time try save looking forward prompt response,111,13
TKT-3402,"Hi, The export function produces corrupt files This is affecting my work significantly.",Technical Support,Critical,Phone,Negative,Resolved,1.16,8.25,4,13,87,export function produce corrupt file affecting work significantly,87,8
TKT-3403,"Hi, Is there an API available for custom integrations I need urgent assistance with this.",Product Information,Medium,Email,Positive,Resolved,8.85,70.08,4,15,89,api available custom integration need urgent assistance,89,7
TKT-3404,"Hi there, Is there an API available for custom integrations",Product Information,Medium,Chat,Neutral,Resolved,0.99,32.86,3,10,59,api available custom integration,59,4
TKT-3405,"Hi, The payment gateway keeps showing an error Please help me resolve this as soon as possible.",Billing & Payments,Low,Email,Negative,Resolved,20.44,151.72,5,17,95,payment gateway keep showing error please help resolve soon possible,95,10
TKT-3406,"Good day, What are the system requirements for your software I have been waiting for a while now.",Product Information,Low,Email,Negative,Pending,46.4,216.85,4,18,97,good day system requirement software waiting,97,6
TKT-3407,"Hello, My data is not syncing across devices properly Please help me resolve this as soon as possible.",Technical Support,High,Phone,Negative,Resolved,6.57,19.6,4,18,102,hello data syncing across device properly please help resolve soon possible,102,11
TKT-3408,"Hi, What features are included in the premium plan I have been waiting for a while now.",Product Information,Medium,Phone,Negative,Resolved,37.15,81.25,5,17,87,feature included premium plan waiting,87,5
TKT-3409,"Hello, Dashboard is not loading any data for me This is affecting my work significantly.",Technical Support,Medium,Email,Positive,Pending,7.09,20.56,2,15,88,hello dashboard loading data affecting work significantly,88,7
TKT-3410,"Dear Support, I want to upgrade my plan but billing is confusing Looking forward to your prompt response.",Billing & Payments,Medium,Phone,Neutral,Resolved,4.23,12.89,5,18,105,dear support want upgrade plan billing confusing looking forward prompt response,105,11
TKT-3411,I was billed after cancelling my account I need urgent assistance with this.,Billing & Payments,Medium,Web Form,Negative,Resolved,8.83,43.79,3,13,76,billed cancelling account need urgent assistance,76,6
TKT-3412,Please update my personal information in the system This is affecting my work significantly.,Account Management,Medium,Chat,Neutral,Resolved,20.08,69.11,4,14,92,please update personal information system affecting work significantly,92,8
TKT-3413,I want to change the delivery address for my order Thank you for your help.,Shipping & Delivery,Medium,Chat,Neutral,Escalated,3.52,12.93,2,15,75,want change delivery address order thank help,75,7
TKT-3414,"Good day, Can you explain the difference between basic and pro This is affecting my work significantly.",Product Information,Medium,Phone,Positive,Pending,13.01,15.58,2,17,103,good day explain difference basic pro affecting work significantly,103,9
TKT-3415,"To whom it may concern, Please update my payment method to a new card Looking forward to your prompt response.",Billing & Payments,Critical,Email,Negative,Resolved,0.6,1.92,5,20,110,may concern please update payment method new card looking forward prompt response,110,12
TKT-3416,"To whom it may concern, I was billed after cancelling my account Please help me resolve this as soon as possible.",Billing & Payments,Critical,Web Form,Neutral,Resolved,0.5,9.66,5,21,113,may concern billed cancelling account please help resolve soon possible,113,10
TKT-3417,"Dear team, What are the system requirements for your software This is affecting my work significantly.",Product Information,Critical,Chat,Neutral,Resolved,0.6,1.81,5,16,102,dear team system requirement software affecting work significantly,102,8
TKT-3418,"Hi there, I want to upgrade my plan but billing is confusing I have been waiting for a while now.",Billing & Payments,High,Phone,Negative,Resolved,5.19,11.84,5,20,97,want upgrade plan billing confusing waiting,97,6
TKT-3419,"Good day, My invoice shows incorrect amount, please fix it Thank you for your help.",Billing & Payments,Low,Phone,Neutral,Resolved,23.33,50.57,3,15,83,good day invoice show incorrect amount please fix thank help,83,10
TKT-3420,"Dear team, Please remove the two factor authentication from my account I need urgent assistance with this.",Account Management,Low,Email,Neutral,Resolved,7.19,157.25,4,17,106,dear team please remove two factor authentication account need urgent assistance,106,11
TKT-3421,"Dear Support, Please process my refund to the original payment method Please let me know what steps I should take.",Returns & Refunds,High,Chat,Positive,Resolved,0.83,2.36,5,20,114,dear support please process refund original payment method please let know step take,114,12
TKT-3422,"To whom it may concern, The payment gateway keeps showing an error Thank you for your help.",Billing & Payments,Critical,Web Form,Positive,Resolved,0.5,3.6,5,17,91,may concern payment gateway keep showing error thank help,91,9
TKT-3423,"Dear Support, My store credit was not applied to my account I have been waiting for a while now.",Returns & Refunds,Critical,Email,Neutral,Resolved,2.2,9.48,5,19,96,dear support store credit applied account waiting,96,7
TKT-3424,"To whom it may concern, Dashboard is not loading any data for me",Technical Support,High,Phone,Negative,Pending,4.63,13.79,2,13,64,may concern dashboard loading data,64,5
TKT-3425,"Hi, Please update my payment method to a new card",Billing & Payments,High,Phone,Neutral,Resolved,4.77,38.01,3,10,49,please update payment method new card,49,6
TKT-3426,"Good day, Can I use the product offline without internet connection Please help me resolve this as soon as possible.",Product Information,Medium,Email,Neutral,Escalated,12.81,69.18,1,20,116,good day use product offline without internet connection please help resolve soon possible,116,13
TKT-3427,"Hello, The application keeps crashing when I open it Please let me know what steps I should take.",Technical Support,Critical,Email,Negative,Resolved,0.5,1.5,5,18,97,hello application keep crashing open please let know step take,97,10
TKT-3428,"Hi team, The export function produces corrupt files This is affecting my work significantly.",Technical Support,Critical,Chat,Positive,Resolved,0.5,1.92,4,14,92,team export function produce corrupt file affecting work significantly,92,9
TKT-3429,"Hi, I received a damaged item in my shipment Looking forward to your prompt response.",Shipping & Delivery,Medium,Email,Negative,Pending,20.12,60.97,4,15,85,received damaged item shipment looking forward prompt response,85,8
TKT-3430,"Hi there, My account shows wrong subscription plan This is affecting my work significantly.",Account Management,Medium,Chat,Negative,Pending,5.76,102.97,3,14,91,account show wrong subscription plan affecting work significantly,91,8
TKT-3431,"Good day, The feature stopped working after the last update Please help me resolve this as soon as possible.",Technical Support,Critical,Email,Negative,Resolved,0.5,10.91,4,19,108,good day feature stopped working last update please help resolve soon possible,108,12
TKT-3432,"Dear team, The export function produces corrupt files I have been waiting for a while now.",Technical Support,Low,Email,Negative,Pending,8.48,54.04,2,16,90,dear team export function produce corrupt file waiting,90,8
TKT-3433,"To whom it may concern, The mobile app is very slow and unresponsive Please help me resolve this as soon as possible.",Technical Support,High,Phone,Neutral,Pending,4.33,9.05,3,22,117,may concern mobile app slow unresponsive please help resolve soon possible,117,11
TKT-3434,"Hi there, Can I expedite the shipping on my recent order Please help me resolve this as soon as possible.",Shipping & Delivery,Medium,Chat,Neutral,Pending,21.46,25.46,2,20,105,expedite shipping recent order please help resolve soon possible,105,9
TKT-3435,"To whom it may concern, The export function produces corrupt files I have been waiting for a while now.",Technical Support,Critical,Chat,Negative,Resolved,0.5,4.31,3,19,103,may concern export function produce corrupt file waiting,103,8
TKT-3436,My data is not syncing across devices properly Please help me resolve this as soon as possible.,Technical Support,Medium,Chat,Negative,Escalated,1.77,32.38,1,17,95,data syncing across device properly please help resolve soon possible,95,10
TKT-3437,"Good day, How do I initiate a return for an online purchase Thank you for your help.",Returns & Refunds,Low,Email,Positive,Resolved,15.21,209.77,5,17,84,good day initiate return online purchase thank help,84,8
TKT-3438,"Dear Support, I need to cancel my order before it is shipped",Shipping & Delivery,Low,Web Form,Neutral,Pending,0.8,121.31,3,12,60,dear support need cancel order shipped,60,6
TKT-3439,"Hello, I want to return the product I bought last week",Returns & Refunds,Medium,Web Form,Negative,Pending,5.24,34.34,3,11,54,hello want return product bought last week,54,7
TKT-3440,"Hi, Why was my card declined when making a payment Looking forward to your prompt response.",Billing & Payments,Medium,Email,Negative,Resolved,5.62,54.02,5,16,91,card declined making payment looking forward prompt response,91,8
TKT-3441,"Hello, The website is showing a 500 internal server error Looking forward to your prompt response.",Technical Support,Medium,Web Form,Negative,Resolved,10.09,64.65,5,16,98,hello website showing internal server error looking forward prompt response,98,10
TKT-3442,"Good day, The delivery estimate keeps getting pushed further This is affecting my work significantly.",Shipping & Delivery,Low,Email,Negative,Escalated,27.58,263.53,1,15,101,good day delivery estimate keep getting pushed affecting work significantly,101,10
TKT-3443,"Hi team, I received a damaged item in my shipment",Shipping & Delivery,High,Email,Negative,Pending,1.63,2.63,4,10,49,team received damaged item shipment,49,5
TKT-3444,"Good day, I need to change the email address on my account This is affecting my work significantly.",Account Management,High,Email,Negative,Resolved,5.59,21.15,5,18,99,good day need change email address account affecting work significantly,99,10
TKT-3445,"Good day, Does the product support integration with Salesforce Please let me know what steps I should take.",Product Information,High,Chat,Negative,Pending,2.23,30.12,3,18,107,good day product support integration salesforce please let know step take,107,11
TKT-3446,"Dear team, Please remove the two factor authentication from my account This is affecting my work significantly.",Account Management,Medium,Chat,Positive,Resolved,3.87,12.87,4,17,111,dear team please remove two factor authentication account affecting work significantly,111,11
TKT-3447,"Hello, My account shows wrong subscription plan I have been waiting for a while now.",Account Management,Low,Chat,Negative,Resolved,3.83,32.08,4,15,84,hello account show wrong subscription plan waiting,84,7
TKT-3448,"Dear Support, Does your product comply with GDPR regulations",Product Information,High,Chat,Negative,Resolved,1.12,54.44,5,9,60,dear support product comply gdpr regulation,60,6
TKT-3449,Does your product comply with GDPR regulations Thank you for your help.,Product Information,Medium,Phone,Negative,Pending,14.44,129.04,3,12,71,product comply gdpr regulation thank help,71,6
TKT-3450,"Hi, Error message appears every time I try to save Thank you for your help.",Technical Support,Medium,Phone,Negative,Pending,3.2,19.91,2,15,75,error message appears every time try save thank help,75,9
TKT-3451,"Hi there, Can you explain the difference between basic and pro Looking forward to your prompt response.",Product Information,Medium,Chat,Neutral,Escalated,18.53,33.16,3,17,103,explain difference basic pro looking forward prompt response,103,8
TKT-3452,"Dear Support, The courier left my package in the wrong location Please let me know what steps I should take.",Shipping & Delivery,Medium,Chat,Negative,Resolved,12.06,44.08,5,20,108,dear support courier left package wrong location please let know step take,108,12
TKT-3453,"Hi there, What is the data retention policy for your service",Product Information,High,Web Form,Negative,Pending,7.15,10.94,3,11,60,data retention policy service,60,4
TKT-3454,I cannot verify my email address with the link sent,Account Management,Low,Email,Positive,Resolved,30.54,70.45,4,10,51,cannot verify email address link sent,51,6
TKT-3455,"Dear Support, Please update my payment method to a new card",Billing & Payments,High,Chat,Negative,Escalated,2.48,6.85,1,11,59,dear support please update payment method new card,59,8
TKT-3456,"Good day, The website is showing a 500 internal server error Please help me resolve this as soon as possible.",Technical Support,Low,Email,Neutral,Escalated,5.27,20.3,2,20,109,good day website showing internal server error please help resolve soon possible,109,12
TKT-3457,"To whom it may concern, I need a copy of my tax invoice for last year",Billing & Payments,Medium,Chat,Neutral,Resolved,1.31,28.72,3,16,69,may concern need copy tax invoice last year,69,8
TKT-3458,"Hi team, Does your product comply with GDPR regulations I have been waiting for a while now.",Product Information,High,Chat,Negative,Pending,1.92,3.16,3,17,92,team product comply gdpr regulation waiting,92,6
TKT-3459,"Hi there, What is the data retention policy for your service I need urgent assistance with this.",Product Information,Medium,Phone,Neutral,Pending,16.67,22.27,3,17,96,data retention policy service need urgent assistance,96,7
TKT-3460,"Hello, What features are included in the premium plan Thank you for your help.",Product Information,Low,Email,Negative,Resolved,47.54,116.08,4,14,78,hello feature included premium plan thank help,78,7
TKT-3461,"Good day, The tracking number provided is not working Thank you for your help.",Shipping & Delivery,Low,Chat,Negative,Escalated,85.52,96.08,2,14,78,good day tracking number provided working thank help,78,8
TKT-3462,"To whom it may concern, My profile picture is not updating correctly",Account Management,High,Chat,Negative,Resolved,3.78,19.44,5,12,68,may concern profile picture updating correctly,68,6
TKT-3463,"To whom it may concern, My store credit was not applied to my account Please help me resolve this as soon as possible.",Returns & Refunds,High,Chat,Negative,Resolved,5.99,42.79,3,23,118,may concern store credit applied account please help resolve soon possible,118,11
TKT-3464,"Hi team, The return window has passed but the item is broken This is affecting my work significantly.",Returns & Refunds,Medium,Chat,Neutral,Resolved,11.18,12.18,5,18,101,team return window passed item broken affecting work significantly,101,9
TKT-3465,"Hi, Error message appears every time I try to save I have been waiting for a while now.",Technical Support,High,Chat,Negative,Resolved,2.22,7.12,4,18,87,error message appears every time try save waiting,87,8
TKT-3466,"Hi, My store credit was not applied to my account Looking forward to your prompt response.",Returns & Refunds,High,Phone,Positive,Escalated,5.56,22.71,1,16,90,store credit applied account looking forward prompt response,90,8
TKT-3467,"Dear team, Please remove the two factor authentication from my account Looking forward to your prompt response.",Account Management,High,Email,Neutral,Pending,1.38,11.0,2,17,111,dear team please remove two factor authentication account looking forward prompt response,111,12
TKT-3468,"Dear Support, My account has been locked and I cannot access it Please help me resolve this as soon as possible.",Account Management,Medium,Chat,Neutral,Pending,5.4,15.65,3,21,112,dear support account locked cannot access please help resolve soon possible,112,11
TKT-3469,"Hi team, My invoice shows incorrect amount, please fix it Thank you for your help.",Billing & Payments,Medium,Email,Negative,Resolved,5.73,21.82,4,15,82,team invoice show incorrect amount please fix thank help,82,9
TKT-3470,"Hello, I need a prepaid return label for my item This is affecting my work significantly.",Returns & Refunds,High,Chat,Neutral,Resolved,1.06,16.28,4,16,89,hello need prepaid return label item affecting work significantly,89,9
TKT-3471,"Hi team, Does the product support integration with Salesforce Please let me know what steps I should take.",Product Information,Medium,Web Form,Negative,Resolved,9.88,43.7,5,18,106,team product support integration salesforce please let know step take,106,10
TKT-3472,I was denied a refund but the product is faulty Thank you for your help.,Returns & Refunds,High,Chat,Negative,Pending,3.17,4.17,2,15,72,denied refund product faulty thank help,72,6
TKT-3473,"Hi team, My order was marked delivered but I did not receive it I need urgent assistance with this.",Shipping & Delivery,High,Phone,Positive,Resolved,0.5,4.48,4,19,99,team order marked delivered receive need urgent assistance,99,8
TKT-3474,"To whom it may concern, I want to upgrade my plan but billing is confusing Looking forward to your prompt response.",Billing & Payments,Medium,Chat,Negative,Resolved,15.51,40.36,5,21,115,may concern want upgrade plan billing confusing looking forward prompt response,115,11
TKT-3475,"Good day, My profile picture is not updating correctly Thank you for your help.",Account Management,High,Email,Neutral,Resolved,3.8,4.8,4,14,79,good day profile picture updating correctly thank help,79,8
TKT-3476,"Hi, I was denied a refund but the product is faulty Looking forward to your prompt response.",Returns & Refunds,High,Phone,Negative,Resolved,1.26,17.1,5,17,92,denied refund product faulty looking forward prompt response,92,8
TKT-3477,"Hello, What features are included in the premium plan I need urgent assistance with this.",Product Information,Low,Web Form,Negative,Resolved,0.5,22.52,3,15,89,hello feature included premium plan need urgent assistance,89,8
TKT-3478,The return window has passed but the item is broken Thank you for your help.,Returns & Refunds,Low,Phone,Negative,Pending,7.12,49.43,3,15,76,return window passed item broken thank help,76,7
TKT-3479,"Hi team, I was denied a refund but the product is faulty Looking forward to your prompt response.",Returns & Refunds,Medium,Email,Negative,Resolved,18.23,64.14,5,18,97,team denied refund product faulty looking forward prompt response,97,9
TKT-3480,"Dear Support, I keep getting disconnected from the server Looking forward to your prompt response.",Technical Support,Low,Email,Neutral,Resolved,6.2,124.04,5,15,98,dear support keep getting disconnected server looking forward prompt response,98,10
TKT-3481,"Dear Support, Error message appears every time I try to save I need urgent assistance with this.",Technical Support,Medium,Email,Neutral,Escalated,19.01,141.46,2,17,96,dear support error message appears every time try save need urgent assistance,96,12
TKT-3482,"Good day, Do you offer any educational or nonprofit discounts Looking forward to your prompt response.",Product Information,Critical,Email,Negative,Resolved,0.5,1.5,5,16,102,good day offer educational nonprofit discount looking forward prompt response,102,10
TKT-3483,"Dear Support, The application keeps crashing when I open it This is affecting my work significantly.",Technical Support,Low,Chat,Negative,Resolved,80.93,100.9,5,16,100,dear support application keep crashing open affecting work significantly,100,9
TKT-3484,"Dear team, I cannot verify my email address with the link sent I need urgent assistance with this.",Account Management,High,Chat,Neutral,Resolved,5.91,17.6,4,18,98,dear team cannot verify email address link sent need urgent assistance,98,11
TKT-3485,"Hello, My refund has not been processed after two weeks Please let me know what steps I should take.",Returns & Refunds,High,Web Form,Neutral,Pending,8.44,26.81,3,19,100,hello refund processed two week please let know step take,100,10
TKT-3486,"Hello, I was billed after cancelling my account Please let me know what steps I should take.",Billing & Payments,Critical,Email,Neutral,Resolved,3.93,7.59,5,17,92,hello billed cancelling account please let know step take,92,9
TKT-3487,"Hi, Please update my payment method to a new card This is affecting my work significantly.",Billing & Payments,Low,Phone,Negative,Pending,8.28,56.72,2,16,90,please update payment method new card affecting work significantly,90,9
TKT-3488,"Hello, What is the data retention policy for your service Please help me resolve this as soon as possible.",Product Information,Medium,Email,Neutral,Resolved,3.14,6.0,5,19,106,hello data retention policy service please help resolve soon possible,106,10
TKT-3489,"Hi, I cannot find my billing history on the portal Please help me resolve this as soon as possible.",Billing & Payments,Medium,Chat,Neutral,Resolved,30.59,37.68,4,19,99,cannot find billing history portal please help resolve soon possible,99,10
TKT-3490,Why was my card declined when making a payment Please help me resolve this as soon as possible.,Billing & Payments,Critical,Email,Neutral,Resolved,0.5,14.29,4,18,95,card declined making payment please help resolve soon possible,95,9
TKT-3491,Do you offer any educational or nonprofit discounts Please let me know what steps I should take.,Product Information,Critical,Email,Negative,Resolved,0.5,2.47,4,17,96,offer educational nonprofit discount please let know step take,96,9
TKT-3492,"To whom it may concern, What is the data retention policy for your service Thank you for your help.",Product Information,Medium,Chat,Neutral,Escalated,14.2,95.85,1,19,99,may concern data retention policy service thank help,99,8
TKT-3493,"To whom it may concern, Please update my personal information in the system I have been waiting for a while now.",Account Management,Low,Chat,Positive,Resolved,9.3,48.91,5,21,112,may concern please update personal information system waiting,112,8
TKT-3494,"Hi team, I keep getting disconnected from the server Thank you for your help.",Technical Support,Low,Email,Negative,Resolved,17.99,228.99,4,14,77,team keep getting disconnected server thank help,77,7
TKT-3495,"To whom it may concern, My order has not arrived yet and it is overdue I have been waiting for a while now.",Shipping & Delivery,Low,Email,Neutral,Resolved,23.1,28.13,4,23,107,may concern order arrived yet overdue waiting,107,7
TKT-3496,"Dear team, I was charged twice for my subscription this month Thank you for your help.",Billing & Payments,Medium,Web Form,Neutral,Resolved,5.49,59.77,4,16,86,dear team charged twice subscription month thank help,86,8
TKT-3497,"Hi, My refund has not been processed after two weeks I need urgent assistance with this.",Returns & Refunds,Medium,Email,Neutral,Resolved,5.36,84.65,5,16,88,refund processed two week need urgent assistance,88,7
TKT-3498,"Good day, My order was marked delivered but I did not receive it I have been waiting for a while now.",Shipping & Delivery,Low,Phone,Negative,Pending,3.86,149.57,2,21,101,good day order marked delivered receive waiting,101,7
TKT-3499,"Dear team, Do you offer any educational or nonprofit discounts Thank you for your help.",Product Information,Medium,Web Form,Negative,Pending,31.85,32.85,4,15,87,dear team offer educational nonprofit discount thank help,87,8
TKT-3500,"Hi, How do I initiate a return for an online purchase I have been waiting for a while now.",Returns & Refunds,Low,Chat,Neutral,Resolved,22.28,69.28,5,19,90,initiate return online purchase waiting,90,5
TKT-3501,"To whom it may concern, I want to upgrade my plan but billing is confusing Please help me resolve this as soon as possible.",Billing & Payments,Low,Email,Neutral,Escalated,22.57,105.0,2,24,123,may concern want upgrade plan billing confusing please help resolve soon possible,123,12
TKT-3502,"Dear team, Can I exchange the product for a different size This is affecting my work significantly.",Returns & Refunds,Medium,Email,Neutral,Pending,6.15,8.96,3,17,99,dear team exchange product different size affecting work significantly,99,9
TKT-3503,"Hi team, I received the wrong item in my package I need urgent assistance with this.",Shipping & Delivery,Medium,Chat,Negative,Pending,32.37,55.8,3,16,84,team received wrong item package need urgent assistance,84,8
TKT-3504,"Dear team, I cannot verify my email address with the link sent I need urgent assistance with this.",Account Management,Medium,Email,Neutral,Pending,9.71,55.83,4,18,98,dear team cannot verify email address link sent need urgent assistance,98,11
TKT-3505,"Hi there, The return window has passed but the item is broken This is affecting my work significantly.",Returns & Refunds,High,Chat,Negative,Resolved,2.53,30.93,5,18,102,return window passed item broken affecting work significantly,102,8
TKT-3506,My refund has not been processed after two weeks Please help me resolve this as soon as possible.,Returns & Refunds,High,Web Form,Positive,Pending,1.79,10.57,3,18,97,refund processed two week please help resolve soon possible,97,9
TKT-3507,"Hello, Error message appears every time I try to save Please let me know what steps I should take.",Technical Support,Medium,Phone,Negative,Resolved,18.88,43.41,5,19,98,hello error message appears every time try save please let know step take,98,13
TKT-3508,"Dear team, Please process my refund to the original payment method Looking forward to your prompt response.",Returns & Refunds,Medium,Chat,Neutral,Resolved,15.89,107.4,4,17,107,dear team please process refund original payment method looking forward prompt response,107,12
TKT-3509,"Dear team, Can you explain the difference between basic and pro This is affecting my work significantly.",Product Information,Medium,Web Form,Neutral,Pending,12.29,46.85,3,17,104,dear team explain difference basic pro affecting work significantly,104,9
TKT-3510,"Dear Support, My data is not syncing across devices properly I need urgent assistance with this.",Technical Support,Low,Phone,Negative,Resolved,54.98,165.3,5,16,96,dear support data syncing across device properly need urgent assistance,96,10
TKT-3511,"Hi, I was billed after cancelling my account Looking forward to your prompt response.",Billing & Payments,Critical,Email,Negative,Resolved,0.61,5.26,3,14,85,billed cancelling account looking forward prompt response,85,7
TKT-3512,"Hi there, I cannot verify my email address with the link sent This is affecting my work significantly.",Account Management,Low,Chat,Positive,Pending,11.05,19.08,3,18,102,cannot verify email address link sent affecting work significantly,102,9
TKT-3513,"Dear team, I was denied a refund but the product is faulty I need urgent assistance with this.",Returns & Refunds,Medium,Chat,Neutral,Pending,5.4,42.33,2,18,94,dear team denied refund product faulty need urgent assistance,94,9
TKT-3514,My refund has not been processed after two weeks,Returns & Refunds,High,Phone,Neutral,Resolved,4.92,7.34,3,9,48,refund processed two week,48,4
TKT-3515,"To whom it may concern, Subscription fee was deducted twice this month This is affecting my work significantly.",Billing & Payments,High,Phone,Negative,Resolved,0.53,9.02,3,18,111,may concern subscription fee deducted twice month affecting work significantly,111,10
TKT-3516,"Hello, My package was returned to sender by mistake I have been waiting for a while now.",Shipping & Delivery,Medium,Chat,Positive,Resolved,7.05,8.72,4,17,88,hello package returned sender mistake waiting,88,6
TKT-3517,"Hi team, Is there an API available for custom integrations Thank you for your help.",Product Information,High,Chat,Neutral,Pending,2.2,12.16,4,15,83,team api available custom integration thank help,83,7
TKT-3518,"Hi there, My data is not syncing across devices properly I need urgent assistance with this.",Technical Support,Low,Web Form,Positive,Resolved,109.87,157.53,4,16,92,data syncing across device properly need urgent assistance,92,8
TKT-3519,"Hello, Please help me delete my account permanently I need urgent assistance with this.",Account Management,Medium,Web Form,Negative,Resolved,16.46,41.19,4,14,87,hello please help delete account permanently need urgent assistance,87,9
TKT-3520,"Good day, My profile picture is not updating correctly I need urgent assistance with this.",Account Management,Medium,Email,Neutral,Resolved,2.29,26.43,5,15,90,good day profile picture updating correctly need urgent assistance,90,9
TKT-3521,"Dear Support, I need to cancel my order before it is shipped I have been waiting for a while now.",Shipping & Delivery,Low,Email,Negative,Resolved,76.25,215.13,3,20,97,dear support need cancel order shipped waiting,97,7
TKT-3522,"Hi, Do you offer any educational or nonprofit discounts Please let me know what steps I should take.",Product Information,High,Email,Neutral,Escalated,1.09,11.16,3,18,100,offer educational nonprofit discount please let know step take,100,9
TKT-3523,The payment gateway keeps showing an error This is affecting my work significantly.,Billing & Payments,Low,Web Form,Negative,Resolved,2.03,178.87,4,13,83,payment gateway keep showing error affecting work significantly,83,8
TKT-3524,"To whom it may concern, Does your product comply with GDPR regulations I have been waiting for a while now.",Product Information,Medium,Phone,Negative,Escalated,1.63,27.03,2,20,107,may concern product comply gdpr regulation waiting,107,7
TKT-3525,My refund has not been processed after two weeks This is affecting my work significantly.,Returns & Refunds,Medium,Phone,Negative,Resolved,14.95,19.37,4,15,89,refund processed two week affecting work significantly,89,7
TKT-3526,"Hi, I was billed after cancelling my account",Billing & Payments,Medium,Chat,Negative,Resolved,3.95,29.42,5,8,44,billed cancelling account,44,3
TKT-3527,"Hi there, I need to change the email address on my account This is affecting my work significantly.",Account Management,High,Web Form,Positive,Resolved,0.68,23.68,5,18,99,need change email address account affecting work significantly,99,8
TKT-3528,"Dear team, What languages does your platform currently support Looking forward to your prompt response.",Product Information,High,Web Form,Neutral,Resolved,1.78,2.78,5,15,103,dear team language platform currently support looking forward prompt response,103,10
TKT-3529,"Dear Support, My order was marked delivered but I did not receive it Please help me resolve this as soon as possible.",Shipping & Delivery,Low,Web Form,Negative,Resolved,36.87,45.43,4,22,117,dear support order marked delivered receive please help resolve soon possible,117,11
TKT-3530,"Hi there, I need to cancel my order before it is shipped I need urgent assistance with this.",Shipping & Delivery,High,Phone,Neutral,Escalated,0.5,25.94,1,18,92,need cancel order shipped need urgent assistance,92,6
TKT-3531,"Dear team, My profile picture is not updating correctly This is affecting my work significantly.",Account Management,Low,Chat,Negative,Pending,8.19,39.35,2,15,96,dear team profile picture updating correctly affecting work significantly,96,9
TKT-3532,"Hi team, Is there a free trial available for your enterprise plan Please help me resolve this as soon as possible.",Product Information,Medium,Web Form,Neutral,Resolved,4.4,11.84,5,21,114,team free trial available enterprise plan please help resolve soon possible,114,11
TKT-3533,"Good day, I need to change the email address on my account This is affecting my work significantly.",Account Management,High,Email,Negative,Resolved,3.12,14.56,4,18,99,good day need change email address account affecting work significantly,99,10
TKT-3534,"Hi, My store credit was not applied to my account Looking forward to your prompt response.",Returns & Refunds,Medium,Phone,Neutral,Resolved,6.8,47.76,4,16,90,store credit applied account looking forward prompt response,90,8
TKT-3535,"Hi team, Is there an API available for custom integrations Please let me know what steps I should take.",Product Information,Medium,Email,Neutral,Resolved,13.25,80.39,4,19,103,team api available custom integration please let know step take,103,10
TKT-3536,"Hi, My refund has not been processed after two weeks Thank you for your help.",Returns & Refunds,Low,Email,Negative,Resolved,11.08,107.67,4,15,77,refund processed two week thank help,77,6
TKT-3537,"Dear team, I cannot verify my email address with the link sent I have been waiting for a while now.",Account Management,Medium,Email,Neutral,Resolved,15.49,49.57,3,20,99,dear team cannot verify email address link sent waiting,99,9
TKT-3538,"Hello, Does your product comply with GDPR regulations Please let me know what steps I should take.",Product Information,Low,Email,Negative,Pending,21.71,35.18,2,17,98,hello product comply gdpr regulation please let know step take,98,10
TKT-3539,"Good day, My profile picture is not updating correctly Thank you for your help.",Account Management,Low,Phone,Negative,Resolved,29.57,156.63,4,14,79,good day profile picture updating correctly thank help,79,8
TKT-3540,"To whom it may concern, I need a refund for the payment made last week Please help me resolve this as soon as possible.",Billing & Payments,Low,Phone,Negative,Pending,0.5,32.01,3,24,119,may concern need refund payment made last week please help resolve soon possible,119,13
TKT-3541,"Dear team, I was denied a refund but the product is faulty Looking forward to your prompt response.",Returns & Refunds,Low,Email,Negative,Resolved,6.46,30.59,3,18,99,dear team denied refund product faulty looking forward prompt response,99,10
TKT-3542,"Dear team, The tracking number provided is not working",Shipping & Delivery,Medium,Web Form,Neutral,Resolved,7.55,25.47,5,9,54,dear team tracking number provided working,54,6
TKT-3543,"Good day, I need to change the email address on my account This is affecting my work significantly.",Account Management,Critical,Chat,Positive,Resolved,0.5,4.94,5,18,99,good day need change email address account affecting work significantly,99,10
TKT-3544,"Hi, How do I initiate a return for an online purchase I have been waiting for a while now.",Returns & Refunds,Critical,Web Form,Neutral,Resolved,0.61,1.61,5,19,90,initiate return online purchase waiting,90,5
TKT-3545,"Hello, I need a prepaid return label for my item Looking forward to your prompt response.",Returns & Refunds,Low,Email,Neutral,Pending,1.6,24.18,3,16,89,hello need prepaid return label item looking forward prompt response,89,10
TKT-3546,"Dear Support, Does your product comply with GDPR regulations Please help me resolve this as soon as possible.",Product Information,Low,Phone,Neutral,Resolved,6.27,128.68,4,18,109,dear support product comply gdpr regulation please help resolve soon possible,109,11
TKT-3547,"Dear team, Please update my payment method to a new card Looking forward to your prompt response.",Billing & Payments,Medium,Phone,Neutral,Resolved,2.95,9.94,4,17,97,dear team please update payment method new card looking forward prompt response,97,12
TKT-3548,"My invoice shows incorrect amount, please fix it I have been waiting for a while now.",Billing & Payments,Medium,Email,Neutral,Resolved,7.66,27.81,4,16,85,invoice show incorrect amount please fix waiting,85,7
TKT-3549,"Dear Support, Can I expedite the shipping on my recent order Thank you for your help.",Shipping & Delivery,Low,Phone,Neutral,Pending,47.32,48.32,4,16,85,dear support expedite shipping recent order thank help,85,8
TKT-3550,"Hello, The application keeps crashing when I open it This is affecting my work significantly.",Technical Support,Medium,Chat,Negative,Resolved,5.24,21.07,5,15,93,hello application keep crashing open affecting work significantly,93,8
TKT-3551,"Hi there, What is the data retention policy for your service Looking forward to your prompt response.",Product Information,High,Chat,Negative,Resolved,0.5,68.57,4,17,101,data retention policy service looking forward prompt response,101,8
TKT-3552,"Hi team, My store credit was not applied to my account I need urgent assistance with this.",Returns & Refunds,High,Web Form,Neutral,Resolved,0.73,4.88,3,17,90,team store credit applied account need urgent assistance,90,8
TKT-3553,"Hi team, What languages does your platform currently support Please let me know what steps I should take.",Product Information,High,Email,Positive,Resolved,2.89,9.14,3,18,105,team language platform currently support please let know step take,105,10
TKT-3554,"Dear team, The replacement item also arrived damaged I have been waiting for a while now.",Returns & Refunds,Critical,Phone,Negative,Resolved,0.86,1.86,4,16,89,dear team replacement item also arrived damaged waiting,89,8
TKT-3555,"Hello, My invoice shows incorrect amount, please fix it I need urgent assistance with this.",Billing & Payments,Medium,Phone,Neutral,Resolved,7.88,46.18,3,15,91,hello invoice show incorrect amount please fix need urgent assistance,91,10
TKT-3556,My promo code is not being applied to my bill This is affecting my work significantly.,Billing & Payments,Medium,Phone,Neutral,Resolved,17.58,33.32,5,16,86,promo code applied bill affecting work significantly,86,7
TKT-3557,"Dear team, The payment gateway keeps showing an error Please let me know what steps I should take.",Billing & Payments,Critical,Phone,Negative,Resolved,0.5,6.67,4,18,98,dear team payment gateway keep showing error please let know step take,98,12
TKT-3558,"Hello, My store credit was not applied to my account Looking forward to your prompt response.",Returns & Refunds,Medium,Web Form,Positive,Resolved,0.5,23.67,5,16,93,hello store credit applied account looking forward prompt response,93,9
TKT-3559,"Hi team, What is the data retention policy for your service Please let me know what steps I should take.",Product Information,Medium,Chat,Neutral,Resolved,2.22,3.22,5,20,104,team data retention policy service please let know step take,104,10
TKT-3560,"Hello, The tracking number provided is not working I have been waiting for a while now.",Shipping & Delivery,Critical,Chat,Positive,Resolved,1.65,2.65,5,16,87,hello tracking number provided working waiting,87,6
TKT-3561,Subscription fee was deducted twice this month Looking forward to your prompt response.,Billing & Payments,Low,Phone,Negative,Resolved,11.0,120.67,3,13,87,subscription fee deducted twice month looking forward prompt response,87,9
TKT-3562,"Hi, Is there an API available for custom integrations Thank you for your help.",Product Information,Low,Phone,Neutral,Pending,17.47,78.6,2,14,78,api available custom integration thank help,78,6
TKT-3563,The delivery estimate keeps getting pushed further,Shipping & Delivery,High,Chat,Negative,Pending,13.35,38.7,3,7,50,delivery estimate keep getting pushed,50,5
TKT-3564,I need a copy of my tax invoice for last year I need urgent assistance with this.,Billing & Payments,Medium,Chat,Negative,Resolved,4.4,23.21,4,17,81,need copy tax invoice last year need urgent assistance,81,8
TKT-3565,"Hello, Dashboard is not loading any data for me Looking forward to your prompt response.",Technical Support,Medium,Chat,Neutral,Pending,0.84,17.38,4,15,88,hello dashboard loading data looking forward prompt response,88,8
TKT-3566,"Dear Support, The courier left my package in the wrong location Please help me resolve this as soon as possible.",Shipping & Delivery,High,Email,Neutral,Escalated,13.0,16.38,1,20,112,dear support courier left package wrong location please help resolve soon possible,112,12
TKT-3567,"To whom it may concern, I received the wrong item in my package I need urgent assistance with this.",Shipping & Delivery,Medium,Phone,Neutral,Resolved,22.17,40.64,4,19,99,may concern received wrong item package need urgent assistance,99,9
TKT-3568,"Good day, I need a refund for the payment made last week Looking forward to your prompt response.",Billing & Payments,Low,Email,Positive,Resolved,31.77,87.53,3,18,97,good day need refund payment made last week looking forward prompt response,97,12
TKT-3569,"Hi there, I need a copy of my tax invoice for last year Please help me resolve this as soon as possible.",Billing & Payments,Medium,Phone,Neutral,Resolved,7.44,13.23,5,22,104,need copy tax invoice last year please help resolve soon possible,104,11
TKT-3570,"My invoice shows incorrect amount, please fix it Please let me know what steps I should take.",Billing & Payments,Low,Chat,Negative,Resolved,45.76,134.54,3,17,93,invoice show incorrect amount please fix please let know step take,93,10
TKT-3571,"Dear Support, I need to transfer my account to another user Thank you for your help.",Account Management,Low,Chat,Negative,Resolved,31.23,101.25,5,16,84,dear support need transfer account another user thank help,84,9
TKT-3572,"Good day, I want to return the product I bought last week Please let me know what steps I should take.",Returns & Refunds,High,Chat,Negative,Pending,2.06,9.72,3,21,102,good day want return product bought last week please let know step take,102,13
TKT-3573,"Hi there, I need a copy of my tax invoice for last year",Billing & Payments,High,Web Form,Neutral,Resolved,3.46,5.82,5,13,55,need copy tax invoice last year,55,6
TKT-3574,"Dear team, I cannot install the application on my laptop I have been waiting for a while now.",Technical Support,Critical,Email,Negative,Pending,2.09,4.33,4,18,93,dear team cannot install application laptop waiting,93,7
TKT-3575,I need to cancel my order before it is shipped This is affecting my work significantly.,Shipping & Delivery,Medium,Email,Positive,Resolved,15.07,128.44,5,16,87,need cancel order shipped affecting work significantly,87,7
TKT-3576,"Hi, The item I received is defective and I need replacement This is affecting my work significantly.",Returns & Refunds,High,Phone,Neutral,Pending,4.96,13.47,3,17,100,item received defective need replacement affecting work significantly,100,8
TKT-3577,"Dear Support, Why was my card declined when making a payment Please let me know what steps I should take.",Billing & Payments,High,Web Form,Neutral,Pending,2.5,16.99,3,20,105,dear support card declined making payment please let know step take,105,11
TKT-3578,The website is showing a 500 internal server error This is affecting my work significantly.,Technical Support,Medium,Chat,Negative,Pending,0.76,67.77,3,15,91,website showing internal server error affecting work significantly,91,8
TKT-3579,"Hi there, I need to cancel my order before it is shipped Looking forward to your prompt response.",Shipping & Delivery,High,Web Form,Positive,Resolved,0.64,20.55,5,18,97,need cancel order shipped looking forward prompt response,97,8
TKT-3580,"Hi team, I need a prepaid return label for my item I need urgent assistance with this.",Returns & Refunds,High,Web Form,Positive,Pending,2.22,8.62,3,17,86,team need prepaid return label item need urgent assistance,86,8
TKT-3581,"Hi there, My order was marked delivered but I did not receive it Thank you for your help.",Shipping & Delivery,Low,Web Form,Negative,Pending,21.12,121.28,2,18,89,order marked delivered receive thank help,89,6
TKT-3582,"Hi team, My refund has not been processed after two weeks",Returns & Refunds,Medium,Phone,Negative,Escalated,33.46,106.58,3,11,57,team refund processed two week,57,5
TKT-3583,"Hi team, I cannot find my billing history on the portal Looking forward to your prompt response.",Billing & Payments,Low,Chat,Negative,Resolved,1.4,82.91,4,17,96,team cannot find billing history portal looking forward prompt response,96,10
TKT-3584,"Hello, I want to change the delivery address for my order Please let me know what steps I should take.",Shipping & Delivery,Medium,Phone,Negative,Escalated,7.19,24.85,1,20,102,hello want change delivery address order please let know step take,102,11
TKT-3585,"Good day, My store credit was not applied to my account I have been waiting for a while now.",Returns & Refunds,Medium,Chat,Positive,Escalated,1.64,17.3,2,19,92,good day store credit applied account waiting,92,7
TKT-3586,I need to schedule a redelivery for my parcel Looking forward to your prompt response.,Shipping & Delivery,Medium,Email,Positive,Escalated,0.5,3.36,2,15,86,need schedule redelivery parcel looking forward prompt response,86,8
TKT-3587,"To whom it may concern, Does the product support integration with Salesforce Thank you for your help.",Product Information,Low,Chat,Positive,Resolved,2.85,29.91,4,17,101,may concern product support integration salesforce thank help,101,8
TKT-3588,"Good day, What features are included in the premium plan I need urgent assistance with this.",Product Information,Low,Email,Negative,Resolved,17.61,38.12,3,16,92,good day feature included premium plan need urgent assistance,92,9
TKT-3589,Please help me delete my account permanently I need urgent assistance with this.,Account Management,Medium,Phone,Negative,Pending,24.66,154.2,3,13,80,please help delete account permanently need urgent assistance,80,8
TKT-3590,"Hi team, Please process my refund to the original payment method I need urgent assistance with this.",Returns & Refunds,Medium,Phone,Neutral,Resolved,63.46,86.14,5,17,100,team please process refund original payment method need urgent assistance,100,10
TKT-3591,"Hello, I want to change my username on the platform I have been waiting for a while now.",Account Management,Medium,Chat,Neutral,Resolved,5.49,55.22,5,18,88,hello want change username platform waiting,88,6
TKT-3592,"Dear Support, I want to merge two accounts into one This is affecting my work significantly.",Account Management,High,Email,Neutral,Pending,1.48,17.05,2,16,92,dear support want merge two account one affecting work significantly,92,10
TKT-3593,"Hello, I forgot my password and need to reset it Thank you for your help.",Account Management,Low,Email,Neutral,Pending,23.83,101.53,3,15,73,hello forgot password need reset thank help,73,7
TKT-3594,"Hello, The feature stopped working after the last update I need urgent assistance with this.",Technical Support,High,Email,Neutral,Resolved,2.26,17.28,3,15,92,hello feature stopped working last update need urgent assistance,92,9
TKT-3595,"Hi there, The software is not compatible with my operating system",Technical Support,Medium,Phone,Negative,Pending,20.04,75.09,3,11,65,software compatible operating system,65,4
TKT-3596,"To whom it may concern, I need a copy of my tax invoice for last year Please let me know what steps I should take.",Billing & Payments,Medium,Email,Negative,Resolved,4.16,46.74,5,25,114,may concern need copy tax invoice last year please let know step take,114,13
TKT-3597,"Hello, My order was marked delivered but I did not receive it Please help me resolve this as soon as possible.",Shipping & Delivery,Low,Web Form,Positive,Pending,7.76,41.87,3,21,110,hello order marked delivered receive please help resolve soon possible,110,10
TKT-3598,"Hi team, I keep getting disconnected from the server Looking forward to your prompt response.",Technical Support,Medium,Email,Negative,Resolved,2.81,14.94,3,15,93,team keep getting disconnected server looking forward prompt response,93,9
TKT-3599,My profile picture is not updating correctly Thank you for your help.,Account Management,Low,Web Form,Negative,Resolved,11.01,90.97,4,12,69,profile picture updating correctly thank help,69,6
TKT-3600,"Dear Support, Do you offer any educational or nonprofit discounts Please let me know what steps I should take.",Product Information,Low,Phone,Negative,Resolved,34.03,114.01,4,19,110,dear support offer educational nonprofit discount please let know step take,110,11
TKT-3601,I want to upgrade my plan but billing is confusing Looking forward to your prompt response.,Billing & Payments,High,Phone,Negative,Escalated,0.5,5.14,2,16,91,want upgrade plan billing confusing looking forward prompt response,91,9
TKT-3602,"Dear Support, My refund has not been processed after two weeks Thank you for your help.",Returns & Refunds,High,Email,Negative,Pending,0.81,1.81,3,16,87,dear support refund processed two week thank help,87,8
TKT-3603,"Hi there, The courier left my package in the wrong location Please help me resolve this as soon as possible.",Shipping & Delivery,Medium,Email,Neutral,Resolved,1.25,44.81,4,20,108,courier left package wrong location please help resolve soon possible,108,10
TKT-3604,"To whom it may concern, The replacement item also arrived damaged This is affecting my work significantly.",Returns & Refunds,Medium,Email,Negative,Pending,7.99,55.66,3,17,106,may concern replacement item also arrived damaged affecting work significantly,106,10
TKT-3605,"Hi team, I need a prepaid return label for my item",Returns & Refunds,High,Chat,Neutral,Resolved,5.41,10.02,3,11,50,team need prepaid return label item,50,6
TKT-3606,"To whom it may concern, Error message appears every time I try to save",Technical Support,High,Email,Neutral,Resolved,1.51,12.29,4,14,70,may concern error message appears every time try save,70,9
TKT-3607,"Hi there, My order was marked delivered but I did not receive it Thank you for your help.",Shipping & Delivery,Low,Phone,Positive,Resolved,2.49,61.71,3,18,89,order marked delivered receive thank help,89,6
TKT-3608,"Good day, The courier left my package in the wrong location Please let me know what steps I should take.",Shipping & Delivery,Low,Phone,Neutral,Resolved,14.94,142.97,3,20,104,good day courier left package wrong location please let know step take,104,12
TKT-3609,"Hi there, The item I received is defective and I need replacement Thank you for your help.",Returns & Refunds,Low,Email,Neutral,Pending,12.6,38.44,2,17,90,item received defective need replacement thank help,90,7
TKT-3610,"Hello, Please help me delete my account permanently I need urgent assistance with this.",Account Management,Critical,Phone,Negative,Pending,0.72,1.72,3,14,87,hello please help delete account permanently need urgent assistance,87,9
TKT-3611,"Hello, How do I initiate a return for an online purchase Looking forward to your prompt response.",Returns & Refunds,Low,Phone,Neutral,Resolved,27.73,107.89,3,17,97,hello initiate return online purchase looking forward prompt response,97,9
TKT-3612,"Hello, My order has not arrived yet and it is overdue Please let me know what steps I should take.",Shipping & Delivery,Medium,Web Form,Positive,Pending,3.68,6.98,3,20,98,hello order arrived yet overdue please let know step take,98,10
TKT-3613,"Hi, I received the wrong item in my package Thank you for your help.",Shipping & Delivery,High,Web Form,Negative,Resolved,7.06,8.75,5,14,68,received wrong item package thank help,68,6
TKT-3614,"Dear Support, Please process my refund to the original payment method",Returns & Refunds,Medium,Phone,Neutral,Resolved,12.93,15.13,5,11,69,dear support please process refund original payment method,69,8
TKT-3615,Can I use the product offline without internet connection I need urgent assistance with this.,Product Information,Low,Email,Negative,Resolved,4.49,151.57,4,15,93,use product offline without internet connection need urgent assistance,93,9
TKT-3616,"Good day, What features are included in the premium plan Please help me resolve this as soon as possible.",Product Information,Medium,Chat,Negative,Pending,4.07,20.32,4,19,105,good day feature included premium plan please help resolve soon possible,105,11
TKT-3617,The return window has passed but the item is broken I have been waiting for a while now.,Returns & Refunds,Medium,Phone,Neutral,Escalated,0.69,247.37,2,18,88,return window passed item broken waiting,88,6
TKT-3618,The export function produces corrupt files Please help me resolve this as soon as possible.,Technical Support,Low,Phone,Neutral,Pending,6.56,27.94,2,15,91,export function produce corrupt file please help resolve soon possible,91,10
TKT-3619,"Dear Support, I received the wrong item in my package This is affecting my work significantly.",Shipping & Delivery,Medium,Phone,Neutral,Resolved,18.12,43.14,4,16,94,dear support received wrong item package affecting work significantly,94,9
TKT-3620,"To whom it may concern, I cannot log in to my account after the update Looking forward to your prompt response.",Technical Support,Medium,Phone,Neutral,Escalated,2.8,20.25,2,21,111,may concern cannot log account update looking forward prompt response,111,10
TKT-3621,"Hi, I need to cancel my order before it is shipped Thank you for your help.",Shipping & Delivery,Medium,Phone,Neutral,Pending,8.44,77.82,3,16,75,need cancel order shipped thank help,75,6
TKT-3622,"Dear Support, Does your product comply with GDPR regulations I have been waiting for a while now.",Product Information,High,Email,Negative,Resolved,8.79,26.54,5,17,97,dear support product comply gdpr regulation waiting,97,7
TKT-3623,"Good day, Please update my payment method to a new card I need urgent assistance with this.",Billing & Payments,Low,Chat,Negative,Resolved,4.06,13.93,3,17,91,good day please update payment method new card need urgent assistance,91,11
TKT-3624,"Dear team, I want to merge two accounts into one Please let me know what steps I should take.",Account Management,Medium,Email,Neutral,Resolved,2.22,104.54,4,19,93,dear team want merge two account one please let know step take,93,12
TKT-3625,"Hi, My account has been locked and I cannot access it Thank you for your help.",Account Management,Medium,Phone,Negative,Resolved,12.13,117.33,4,16,78,account locked cannot access thank help,78,6
TKT-3626,The mobile app is very slow and unresponsive Please help me resolve this as soon as possible.,Technical Support,Critical,Phone,Negative,Resolved,1.05,2.05,4,17,93,mobile app slow unresponsive please help resolve soon possible,93,9
TKT-3627,"Dear team, Do you offer any educational or nonprofit discounts Please help me resolve this as soon as possible.",Product Information,Critical,Phone,Negative,Resolved,0.74,1.74,5,19,111,dear team offer educational nonprofit discount please help resolve soon possible,111,11
TKT-3628,"Dear team, I forgot my password and need to reset it I have been waiting for a while now.",Account Management,High,Email,Neutral,Escalated,2.45,3.91,2,19,89,dear team forgot password need reset waiting,89,7
TKT-3629,"Hello, Please update my personal information in the system Please help me resolve this as soon as possible.",Account Management,Medium,Email,Neutral,Pending,19.19,49.7,4,18,107,hello please update personal information system please help resolve soon possible,107,10
TKT-3630,"Dear Support, My profile picture is not updating correctly Thank you for your help.",Account Management,Medium,Web Form,Positive,Resolved,22.08,37.36,5,14,83,dear support profile picture updating correctly thank help,83,8
TKT-3631,"Hello, I forgot my password and need to reset it Thank you for your help.",Account Management,Medium,Web Form,Negative,Escalated,24.16,110.67,1,15,73,hello forgot password need reset thank help,73,7
TKT-3632,"Hello, What are the system requirements for your software Looking forward to your prompt response.",Product Information,High,Chat,Negative,Escalated,0.5,11.42,2,15,98,hello system requirement software looking forward prompt response,98,8
TKT-3633,"Dear team, Can you explain the difference between basic and pro Please help me resolve this as soon as possible.",Product Information,Low,Chat,Neutral,Resolved,11.28,21.56,5,20,112,dear team explain difference basic pro please help resolve soon possible,112,11
TKT-3634,"Hi there, Dashboard is not loading any data for me This is affecting my work significantly.",Technical Support,High,Phone,Positive,Pending,0.5,6.04,3,16,91,dashboard loading data affecting work significantly,91,6
TKT-3635,"To whom it may concern, Does your product comply with GDPR regulations Please let me know what steps I should take.",Product Information,Medium,Email,Negative,Resolved,44.97,54.94,5,21,115,may concern product comply gdpr regulation please let know step take,115,11
TKT-3636,"Dear Support, I cannot verify my email address with the link sent Please let me know what steps I should take.",Account Management,Low,Email,Neutral,Resolved,14.35,26.66,4,21,110,dear support cannot verify email address link sent please let know step take,110,13
TKT-3637,"Dear team, My promo code is not being applied to my bill Looking forward to your prompt response.",Billing & Payments,Medium,Email,Positive,Pending,3.06,42.04,3,18,97,dear team promo code applied bill looking forward prompt response,97,10
TKT-3638,"Hi team, I keep getting disconnected from the server Please help me resolve this as soon as possible.",Technical Support,Medium,Chat,Positive,Pending,1.75,18.61,4,18,101,team keep getting disconnected server please help resolve soon possible,101,10
TKT-3639,"Good day, My profile picture is not updating correctly I need urgent assistance with this.",Account Management,Medium,Email,Positive,Resolved,8.74,75.48,4,15,90,good day profile picture updating correctly need urgent assistance,90,9
TKT-3640,"Hi, The mobile app is very slow and unresponsive Looking forward to your prompt response.",Technical Support,Medium,Chat,Negative,Resolved,3.64,37.33,4,15,89,mobile app slow unresponsive looking forward prompt response,89,8
TKT-3641,"To whom it may concern, Does your product comply with GDPR regulations Please help me resolve this as soon as possible.",Product Information,Medium,Phone,Negative,Pending,9.25,31.57,2,21,119,may concern product comply gdpr regulation please help resolve soon possible,119,11
TKT-3642,"Good day, Dashboard is not loading any data for me",Technical Support,Medium,Web Form,Negative,Resolved,1.92,27.48,5,10,50,good day dashboard loading data,50,5
TKT-3643,"Hello, I was denied a refund but the product is faulty Thank you for your help.",Returns & Refunds,Medium,Email,Negative,Escalated,1.67,6.7,2,16,79,hello denied refund product faulty thank help,79,7
TKT-3644,"Dear team, Can I use the product offline without internet connection Looking forward to your prompt response.",Product Information,Medium,Chat,Negative,Resolved,17.63,46.23,4,17,109,dear team use product offline without internet connection looking forward prompt response,109,12
TKT-3645,I cannot verify my email address with the link sent Thank you for your help.,Account Management,Low,Chat,Neutral,Resolved,55.45,226.1,5,15,76,cannot verify email address link sent thank help,76,8
TKT-3646,"Hello, I cannot log in to my account after the update Please help me resolve this as soon as possible.",Technical Support,Medium,Email,Negative,Resolved,5.04,7.69,4,20,102,hello cannot log account update please help resolve soon possible,102,10
TKT-3647,"To whom it may concern, The website is showing a 500 internal server error Please help me resolve this as soon as possible.",Technical Support,Medium,Web Form,Negative,Resolved,3.12,10.75,4,23,123,may concern website showing internal server error please help resolve soon possible,123,12
TKT-3648,"Hi, How do I initiate a return for an online purchase I have been waiting for a while now.",Returns & Refunds,Medium,Chat,Positive,Resolved,4.82,49.71,4,19,90,initiate return online purchase waiting,90,5
TKT-3649,"Hi, Do you offer any educational or nonprofit discounts Thank you for your help.",Product Information,Low,Phone,Negative,Resolved,36.33,274.01,4,14,80,offer educational nonprofit discount thank help,80,6
TKT-3650,"Hi there, Is there a free trial available for your enterprise plan",Product Information,Medium,Chat,Neutral,Pending,6.91,76.54,2,12,66,free trial available enterprise plan,66,5
TKT-3651,"Good day, I was billed after cancelling my account Looking forward to your prompt response.",Billing & Payments,High,Chat,Negative,Resolved,1.8,63.54,3,15,91,good day billed cancelling account looking forward prompt response,91,9
TKT-3652,"Dear Support, Please process my refund to the original payment method This is affecting my work significantly.",Returns & Refunds,Medium,Phone,Negative,Escalated,12.39,16.86,1,17,110,dear support please process refund original payment method affecting work significantly,110,11
TKT-3653,"Hi there, Please help me delete my account permanently This is affecting my work significantly.",Account Management,Low,Phone,Negative,Pending,25.35,76.28,2,15,95,please help delete account permanently affecting work significantly,95,8
TKT-3654,"Good day, The return window has passed but the item is broken",Returns & Refunds,Medium,Email,Positive,Pending,14.53,56.96,3,12,61,good day return window passed item broken,61,7
TKT-3655,The item I received is defective and I need replacement Looking forward to your prompt response.,Returns & Refunds,Low,Phone,Neutral,Resolved,2.9,130.09,5,16,96,item received defective need replacement looking forward prompt response,96,9
TKT-3656,"Dear Support, I cannot install the application on my laptop This is affecting my work significantly.",Technical Support,Low,Phone,Negative,Pending,5.03,17.37,2,16,100,dear support cannot install application laptop affecting work significantly,100,9
TKT-3657,"Hi team, I need a refund for the payment made last week Please help me resolve this as soon as possible.",Billing & Payments,Medium,Web Form,Negative,Pending,0.73,1.73,3,21,104,team need refund payment made last week please help resolve soon possible,104,12
TKT-3658,"Dear Support, My account has been locked and I cannot access it Thank you for your help.",Account Management,Low,Email,Neutral,Resolved,24.7,53.01,5,17,88,dear support account locked cannot access thank help,88,8
TKT-3659,"Good day, The payment gateway keeps showing an error I need urgent assistance with this.",Billing & Payments,High,Chat,Neutral,Escalated,10.25,13.05,2,15,88,good day payment gateway keep showing error need urgent assistance,88,10
TKT-3660,"Hi team, I was billed after cancelling my account Please let me know what steps I should take.",Billing & Payments,Medium,Chat,Negative,Resolved,29.3,46.34,4,18,94,team billed cancelling account please let know step take,94,9
TKT-3661,"Good day, The replacement item also arrived damaged This is affecting my work significantly.",Returns & Refunds,Medium,Chat,Negative,Resolved,38.49,85.99,3,14,92,good day replacement item also arrived damaged affecting work significantly,92,10
TKT-3662,"Dear team, I cannot verify my email address with the link sent Please help me resolve this as soon as possible.",Account Management,Low,Web Form,Negative,Pending,8.69,106.2,3,21,111,dear team cannot verify email address link sent please help resolve soon possible,111,13
TKT-3663,"Hi, Can I expedite the shipping on my recent order Please let me know what steps I should take.",Shipping & Delivery,Low,Chat,Negative,Resolved,42.13,170.94,5,19,95,expedite shipping recent order please let know step take,95,9
TKT-3664,"To whom it may concern, I cannot find my billing history on the portal Please let me know what steps I should take.",Billing & Payments,High,Phone,Neutral,Resolved,2.69,6.09,4,23,115,may concern cannot find billing history portal please let know step take,115,12
TKT-3665,"Hi team, My profile picture is not updating correctly This is affecting my work significantly.",Account Management,Low,Email,Negative,Resolved,75.24,183.25,5,15,94,team profile picture updating correctly affecting work significantly,94,8
TKT-3666,"Dear Support, I forgot my password and need to reset it Please help me resolve this as soon as possible.",Account Management,Medium,Chat,Negative,Pending,38.97,46.63,4,20,104,dear support forgot password need reset please help resolve soon possible,104,11
TKT-3667,"To whom it may concern, I was charged twice for my subscription this month This is affecting my work significantly.",Billing & Payments,Medium,Chat,Negative,Resolved,11.34,230.06,5,20,115,may concern charged twice subscription month affecting work significantly,115,9
TKT-3668,"Hi there, My account shows wrong subscription plan I need urgent assistance with this.",Account Management,Critical,Chat,Neutral,Escalated,1.91,2.91,2,14,86,account show wrong subscription plan need urgent assistance,86,8
TKT-3669,"Hi there, Does the product support integration with Salesforce",Product Information,Critical,Phone,Negative,Pending,0.5,4.34,3,9,62,product support integration salesforce,62,4
TKT-3670,"Hi there, Please update my personal information in the system I need urgent assistance with this.",Account Management,Low,Phone,Positive,Resolved,3.67,49.07,4,16,97,please update personal information system need urgent assistance,97,8
TKT-3671,"Hi, I want to upgrade my plan but billing is confusing Looking forward to your prompt response.",Billing & Payments,Medium,Chat,Negative,Pending,7.49,25.75,4,17,95,want upgrade plan billing confusing looking forward prompt response,95,9
TKT-3672,"To whom it may concern, Please update my personal information in the system I have been waiting for a while now.",Account Management,Medium,Chat,Neutral,Pending,22.53,36.83,3,21,112,may concern please update personal information system waiting,112,8
TKT-3673,"Hi there, Dashboard is not loading any data for me This is affecting my work significantly.",Technical Support,Low,Phone,Neutral,Resolved,81.91,126.39,5,16,91,dashboard loading data affecting work significantly,91,6
TKT-3674,"Hello, Can I expedite the shipping on my recent order I need urgent assistance with this.",Shipping & Delivery,Medium,Email,Negative,Pending,14.99,42.6,2,16,89,hello expedite shipping recent order need urgent assistance,89,8
TKT-3675,"Hello, Dashboard is not loading any data for me Please help me resolve this as soon as possible.",Technical Support,Low,Phone,Negative,Escalated,96.13,214.4,1,18,96,hello dashboard loading data please help resolve soon possible,96,9
TKT-3676,"Good day, I need to schedule a redelivery for my parcel This is affecting my work significantly.",Shipping & Delivery,Low,Email,Positive,Resolved,16.81,152.22,5,17,96,good day need schedule redelivery parcel affecting work significantly,96,9
TKT-3677,"Hello, I sent the return package but got no confirmation I need urgent assistance with this.",Returns & Refunds,Medium,Web Form,Negative,Resolved,7.26,18.95,5,16,92,hello sent return package got confirmation need urgent assistance,92,9
TKT-3678,"To whom it may concern, My package was returned to sender by mistake Please let me know what steps I should take.",Shipping & Delivery,Medium,Phone,Negative,Resolved,63.65,64.65,5,22,113,may concern package returned sender mistake please let know step take,113,11
TKT-3679,"Good day, I sent the return package but got no confirmation Looking forward to your prompt response.",Returns & Refunds,Low,Phone,Neutral,Resolved,1.25,59.3,4,17,100,good day sent return package got confirmation looking forward prompt response,100,11
TKT-3680,"Good day, I need a refund for the payment made last week Thank you for your help.",Billing & Payments,Low,Email,Negative,Resolved,7.72,71.35,5,17,81,good day need refund payment made last week thank help,81,10
TKT-3681,"Hi there, The courier left my package in the wrong location I have been waiting for a while now.",Shipping & Delivery,Low,Email,Neutral,Resolved,51.74,163.32,5,19,96,courier left package wrong location waiting,96,6
TKT-3682,"Hello, My account shows wrong subscription plan Thank you for your help.",Account Management,Medium,Chat,Negative,Pending,18.42,68.19,3,12,72,hello account show wrong subscription plan thank help,72,8
TKT-3683,"Hi team, My promo code is not being applied to my bill Please help me resolve this as soon as possible.",Billing & Payments,Medium,Phone,Negative,Resolved,19.59,81.75,4,21,103,team promo code applied bill please help resolve soon possible,103,10
TKT-3684,"Hi there, I cannot install the application on my laptop Looking forward to your prompt response.",Technical Support,Low,Web Form,Positive,Pending,25.25,36.46,4,16,96,cannot install application laptop looking forward prompt response,96,8
TKT-3685,"Hi, I forgot my password and need to reset it This is affecting my work significantly.",Account Management,Critical,Phone,Neutral,Resolved,1.33,11.64,3,16,86,forgot password need reset affecting work significantly,86,7
TKT-3686,"Dear team, The return window has passed but the item is broken I need urgent assistance with this.",Returns & Refunds,Medium,Web Form,Negative,Pending,45.8,71.63,4,18,98,dear team return window passed item broken need urgent assistance,98,10
TKT-3687,Error message appears every time I try to save Thank you for your help.,Technical Support,Medium,Phone,Neutral,Resolved,51.07,61.73,3,14,71,error message appears every time try save thank help,71,9
TKT-3688,"Hi team, Can I expedite the shipping on my recent order Please let me know what steps I should take.",Shipping & Delivery,High,Email,Negative,Escalated,0.5,8.64,1,20,100,team expedite shipping recent order please let know step take,100,10
TKT-3689,"Hi, The website is showing a 500 internal server error Looking forward to your prompt response.",Technical Support,Low,Email,Positive,Resolved,73.85,97.36,4,16,95,website showing internal server error looking forward prompt response,95,9
TKT-3690,"Hi, I want to change the delivery address for my order",Shipping & Delivery,High,Phone,Negative,Resolved,7.06,32.27,5,11,54,want change delivery address order,54,5
TKT-3691,The courier left my package in the wrong location Please let me know what steps I should take.,Shipping & Delivery,High,Web Form,Negative,Resolved,3.12,31.51,3,18,94,courier left package wrong location please let know step take,94,10
TKT-3692,"Hi there, My account has been locked and I cannot access it Please let me know what steps I should take.",Account Management,Medium,Web Form,Negative,Resolved,36.92,113.9,4,21,104,account locked cannot access please let know step take,104,9
TKT-3693,"Dear Support, I received a damaged item in my shipment This is affecting my work significantly.",Shipping & Delivery,Medium,Chat,Negative,Pending,48.38,90.05,4,16,95,dear support received damaged item shipment affecting work significantly,95,9
TKT-3694,"Good day, I need a copy of my tax invoice for last year Please let me know what steps I should take.",Billing & Payments,Low,Chat,Positive,Resolved,36.64,49.25,5,22,100,good day need copy tax invoice last year please let know step take,100,13
TKT-3695,"Dear Support, I want to upgrade my plan but billing is confusing Please let me know what steps I should take.",Billing & Payments,Medium,Chat,Neutral,Resolved,0.73,6.56,5,21,109,dear support want upgrade plan billing confusing please let know step take,109,12
TKT-3696,"Hi, The mobile app is very slow and unresponsive This is affecting my work significantly.",Technical Support,Low,Email,Neutral,Pending,13.81,15.49,2,15,89,mobile app slow unresponsive affecting work significantly,89,7
TKT-3697,"Hello, The software is not compatible with my operating system Please help me resolve this as soon as possible.",Technical Support,Medium,Web Form,Positive,Pending,1.33,169.86,2,19,111,hello software compatible operating system please help resolve soon possible,111,10
TKT-3698,"To whom it may concern, Can I exchange the product for a different size I have been waiting for a while now.",Returns & Refunds,Low,Chat,Positive,Resolved,9.69,140.17,5,22,108,may concern exchange product different size waiting,108,7
TKT-3699,Subscription fee was deducted twice this month Please let me know what steps I should take.,Billing & Payments,Medium,Email,Negative,Escalated,4.39,26.79,1,16,91,subscription fee deducted twice month please let know step take,91,10
TKT-3700,"Hi team, My refund has not been processed after two weeks Please let me know what steps I should take.",Returns & Refunds,Medium,Chat,Neutral,Pending,10.35,14.7,3,20,102,team refund processed two week please let know step take,102,10
TKT-3701,"Hi, I forgot my password and need to reset it I have been waiting for a while now.",Account Management,Medium,Chat,Neutral,Escalated,0.5,21.3,3,18,82,forgot password need reset waiting,82,5
TKT-3702,"Hi there, The export function produces corrupt files Looking forward to your prompt response.",Technical Support,High,Chat,Negative,Resolved,3.32,110.83,5,14,93,export function produce corrupt file looking forward prompt response,93,9
TKT-3703,I forgot my password and need to reset it I need urgent assistance with this.,Account Management,Medium,Phone,Neutral,Resolved,8.2,196.77,4,15,77,forgot password need reset need urgent assistance,77,6
TKT-3704,"Hi team, My store credit was not applied to my account Please let me know what steps I should take.",Returns & Refunds,Low,Email,Negative,Resolved,10.48,107.32,4,20,99,team store credit applied account please let know step take,99,10
TKT-3705,The replacement item also arrived damaged This is affecting my work significantly.,Returns & Refunds,Low,Web Form,Negative,Resolved,16.61,105.49,4,12,82,replacement item also arrived damaged affecting work significantly,82,8
TKT-3706,"To whom it may concern, What are the system requirements for your software Please let me know what steps I should take.",Product Information,High,Email,Negative,Escalated,2.37,16.01,1,22,119,may concern system requirement software please let know step take,119,10
TKT-3707,"Hi team, I cannot install the application on my laptop Looking forward to your prompt response.",Technical Support,Medium,Web Form,Negative,Resolved,0.7,46.25,4,16,95,team cannot install application laptop looking forward prompt response,95,9
TKT-3708,"Hi team, What are the system requirements for your software I have been waiting for a while now.",Product Information,Medium,Web Form,Negative,Resolved,14.1,24.89,5,18,96,team system requirement software waiting,96,5
TKT-3709,"Hello, Error message appears every time I try to save",Technical Support,Medium,Web Form,Negative,Resolved,12.15,17.62,5,10,53,hello error message appears every time try save,53,8
TKT-3710,"Dear Support, Error message appears every time I try to save Looking forward to your prompt response.",Technical Support,Low,Email,Neutral,Resolved,5.71,61.06,4,17,101,dear support error message appears every time try save looking forward prompt response,101,13
TKT-3711,"Dear team, I cannot install the application on my laptop Looking forward to your prompt response.",Technical Support,Medium,Phone,Neutral,Pending,5.32,82.0,3,16,97,dear team cannot install application laptop looking forward prompt response,97,10
TKT-3712,"Hi, I was denied a refund but the product is faulty Please let me know what steps I should take.",Returns & Refunds,High,Web Form,Neutral,Resolved,6.91,8.49,4,20,96,denied refund product faulty please let know step take,96,9
TKT-3713,"Hi team, The website is showing a 500 internal server error This is affecting my work significantly.",Technical Support,Medium,Email,Negative,Pending,6.74,10.43,2,17,100,team website showing internal server error affecting work significantly,100,9
TKT-3714,"Hello, I need a refund for the payment made last week Thank you for your help.",Billing & Payments,Low,Phone,Negative,Resolved,1.48,20.06,4,16,78,hello need refund payment made last week thank help,78,9
TKT-3715,"Hi team, Error message appears every time I try to save I need urgent assistance with this.",Technical Support,Medium,Email,Negative,Resolved,0.81,3.79,5,17,91,team error message appears every time try save need urgent assistance,91,11
TKT-3716,"Dear Support, Please process my refund to the original payment method Please help me resolve this as soon as possible.",Returns & Refunds,Medium,Email,Negative,Pending,1.85,52.53,3,20,118,dear support please process refund original payment method please help resolve soon possible,118,12
TKT-3717,"Hi team, I received a damaged item in my shipment Thank you for your help.",Shipping & Delivery,Medium,Email,Positive,Resolved,0.5,9.91,4,15,74,team received damaged item shipment thank help,74,7
TKT-3718,"Hi, My invoice shows incorrect amount, please fix it Please help me resolve this as soon as possible.",Billing & Payments,Low,Chat,Positive,Pending,65.4,95.96,3,18,101,invoice show incorrect amount please fix please help resolve soon possible,101,10
TKT-3719,"Hello, My data is not syncing across devices properly Please let me know what steps I should take.",Technical Support,Low,Email,Negative,Resolved,64.35,122.63,5,18,98,hello data syncing across device properly please let know step take,98,11
TKT-3720,"Hi, Dashboard is not loading any data for me Please help me resolve this as soon as possible.",Technical Support,Medium,Phone,Neutral,Resolved,10.01,103.43,3,18,93,dashboard loading data please help resolve soon possible,93,8
TKT-3721,"To whom it may concern, I need a copy of my tax invoice for last year I need urgent assistance with this.",Billing & Payments,High,Chat,Neutral,Resolved,2.81,4.58,4,22,105,may concern need copy tax invoice last year need urgent assistance,105,10
TKT-3722,"Dear team, The website is showing a 500 internal server error",Technical Support,Medium,Email,Neutral,Resolved,0.5,127.02,5,11,61,dear team website showing internal server error,61,7
TKT-3723,"To whom it may concern, The mobile app is very slow and unresponsive",Technical Support,Medium,Email,Negative,Pending,1.5,90.72,3,13,68,may concern mobile app slow unresponsive,68,6
TKT-3724,"Hi, My data is not syncing across devices properly Please let me know what steps I should take.",Technical Support,High,Email,Negative,Resolved,0.83,1.83,3,18,95,data syncing across device properly please let know step take,95,10
TKT-3725,"Hello, Please process my refund to the original payment method Please help me resolve this as soon as possible.",Returns & Refunds,Medium,Chat,Positive,Resolved,4.99,27.69,4,19,111,hello please process refund original payment method please help resolve soon possible,111,11
TKT-3726,"My invoice shows incorrect amount, please fix it Please let me know what steps I should take.",Billing & Payments,Medium,Email,Negative,Resolved,22.99,48.41,5,17,93,invoice show incorrect amount please fix please let know step take,93,10
TKT-3727,"Hi team, I need a copy of my tax invoice for last year Looking forward to your prompt response.",Billing & Payments,Low,Chat,Negative,Escalated,2.69,165.16,2,19,95,team need copy tax invoice last year looking forward prompt response,95,11
TKT-3728,"Hi, Why was my card declined when making a payment This is affecting my work significantly.",Billing & Payments,High,Email,Positive,Pending,1.01,11.33,2,16,91,card declined making payment affecting work significantly,91,7
TKT-3729,"Dear Support, Does your product comply with GDPR regulations I have been waiting for a while now.",Product Information,Medium,Phone,Negative,Resolved,30.92,37.24,4,17,97,dear support product comply gdpr regulation waiting,97,7
TKT-3730,"Good day, I was denied a refund but the product is faulty Thank you for your help.",Returns & Refunds,Medium,Chat,Neutral,Resolved,0.5,144.24,5,17,82,good day denied refund product faulty thank help,82,8
TKT-3731,"Hello, My store credit was not applied to my account",Returns & Refunds,Medium,Chat,Neutral,Resolved,5.35,27.8,4,10,52,hello store credit applied account,52,5
TKT-3732,"Good day, I cannot log in to my account after the update I need urgent assistance with this.",Technical Support,Low,Email,Negative,Pending,0.8,21.21,4,18,92,good day cannot log account update need urgent assistance,92,9
TKT-3733,"Hello, Please update my personal information in the system I have been waiting for a while now.",Account Management,High,Chat,Negative,Escalated,16.36,20.58,1,17,95,hello please update personal information system waiting,95,7
TKT-3734,"Hello, Please update my payment method to a new card Please help me resolve this as soon as possible.",Billing & Payments,Medium,Email,Neutral,Resolved,11.55,23.16,3,19,101,hello please update payment method new card please help resolve soon possible,101,11
TKT-3735,"Dear Support, The tracking number provided is not working Thank you for your help.",Shipping & Delivery,Critical,Phone,Negative,Escalated,1.15,3.6,1,14,82,dear support tracking number provided working thank help,82,8
TKT-3736,"Dear Support, I need to cancel my order before it is shipped Thank you for your help.",Shipping & Delivery,Low,Email,Neutral,Pending,61.5,114.76,3,17,85,dear support need cancel order shipped thank help,85,8
TKT-3737,"Hi there, Dashboard is not loading any data for me Please let me know what steps I should take.",Technical Support,Low,Email,Neutral,Escalated,8.44,24.29,1,19,95,dashboard loading data please let know step take,95,8
TKT-3738,"Hi there, Please help me delete my account permanently",Account Management,Low,Chat,Negative,Resolved,3.13,119.78,5,9,54,please help delete account permanently,54,5
TKT-3739,"Hi there, Can I exchange the product for a different size I need urgent assistance with this.",Returns & Refunds,Low,Phone,Neutral,Resolved,32.08,199.31,4,17,93,exchange product different size need urgent assistance,93,7
TKT-3740,"Dear Support, I need a refund for the payment made last week I have been waiting for a while now.",Billing & Payments,Medium,Chat,Neutral,Resolved,0.66,45.83,4,20,97,dear support need refund payment made last week waiting,97,9
TKT-3741,"Dear team, The feature stopped working after the last update",Technical Support,High,Web Form,Neutral,Escalated,10.07,28.12,3,10,60,dear team feature stopped working last update,60,7
TKT-3742,"Hi team, My invoice shows incorrect amount, please fix it Please let me know what steps I should take.",Billing & Payments,Medium,Phone,Neutral,Pending,50.71,78.77,2,19,102,team invoice show incorrect amount please fix please let know step take,102,11
TKT-3743,"To whom it may concern, I cannot log in to my account after the update Looking forward to your prompt response.",Technical Support,Medium,Email,Negative,Resolved,9.37,16.08,3,21,111,may concern cannot log account update looking forward prompt response,111,10
TKT-3744,"To whom it may concern, The feature stopped working after the last update I have been waiting for a while now.",Technical Support,Medium,Chat,Negative,Resolved,17.24,127.45,5,21,110,may concern feature stopped working last update waiting,110,8
TKT-3745,"Dear team, Does your product comply with GDPR regulations Thank you for your help.",Product Information,Medium,Phone,Negative,Resolved,12.35,22.69,4,14,82,dear team product comply gdpr regulation thank help,82,8
TKT-3746,"To whom it may concern, I need to schedule a redelivery for my parcel Looking forward to your prompt response.",Shipping & Delivery,Low,Chat,Negative,Resolved,4.15,20.77,5,20,110,may concern need schedule redelivery parcel looking forward prompt response,110,10
TKT-3747,"Hi team, How do I initiate a return for an online purchase Thank you for your help.",Returns & Refunds,High,Email,Negative,Resolved,2.8,10.99,3,17,83,team initiate return online purchase thank help,83,7
TKT-3748,I received the wrong item in my package,Shipping & Delivery,High,Email,Neutral,Resolved,3.32,18.87,4,8,39,received wrong item package,39,4
TKT-3749,"Good day, The delivery estimate keeps getting pushed further Thank you for your help.",Shipping & Delivery,Medium,Web Form,Positive,Escalated,13.8,14.8,2,14,85,good day delivery estimate keep getting pushed thank help,85,9
TKT-3750,"Hi team, The payment gateway keeps showing an error This is affecting my work significantly.",Billing & Payments,Medium,Web Form,Negative,Escalated,0.79,111.08,2,15,92,team payment gateway keep showing error affecting work significantly,92,9
TKT-3751,"Good day, The item I received is defective and I need replacement I have been waiting for a while now.",Returns & Refunds,High,Chat,Neutral,Resolved,0.64,5.94,5,20,102,good day item received defective need replacement waiting,102,8
TKT-3752,"Hi, Why was my card declined when making a payment I have been waiting for a while now.",Billing & Payments,Low,Chat,Neutral,Resolved,139.31,153.02,3,18,87,card declined making payment waiting,87,5
TKT-3753,"Dear Support, I received the wrong item in my package I need urgent assistance with this.",Shipping & Delivery,Critical,Phone,Negative,Resolved,1.07,5.45,4,16,89,dear support received wrong item package need urgent assistance,89,9
TKT-3754,"To whom it may concern, Please update my payment method to a new card Looking forward to your prompt response.",Billing & Payments,Critical,Chat,Positive,Resolved,0.6,8.23,4,20,110,may concern please update payment method new card looking forward prompt response,110,12
TKT-3755,"Dear Support, My account shows wrong subscription plan Thank you for your help.",Account Management,Low,Web Form,Neutral,Resolved,21.94,94.64,5,13,79,dear support account show wrong subscription plan thank help,79,9
TKT-3756,"Good day, My data is not syncing across devices properly Please help me resolve this as soon as possible.",Technical Support,High,Web Form,Negative,Resolved,5.27,21.52,5,19,105,good day data syncing across device properly please help resolve soon possible,105,12
TKT-3757,"Hello, My refund has not been processed after two weeks Looking forward to your prompt response.",Returns & Refunds,High,Email,Negative,Escalated,2.75,13.18,1,16,96,hello refund processed two week looking forward prompt response,96,9
TKT-3758,"Hi, Is there an API available for custom integrations Thank you for your help.",Product Information,High,Web Form,Negative,Pending,1.2,17.16,3,14,78,api available custom integration thank help,78,6
TKT-3759,"Hello, I forgot my password and need to reset it I need urgent assistance with this.",Account Management,Medium,Chat,Neutral,Pending,20.91,49.29,2,16,84,hello forgot password need reset need urgent assistance,84,7
TKT-3760,"Dear Support, Do you offer any educational or nonprofit discounts Please help me resolve this as soon as possible.",Product Information,Medium,Email,Neutral,Escalated,50.94,192.61,3,19,114,dear support offer educational nonprofit discount please help resolve soon possible,114,11
TKT-3761,"Dear Support, I keep getting disconnected from the server I need urgent assistance with this.",Technical Support,Medium,Email,Negative,Resolved,3.05,107.66,3,15,93,dear support keep getting disconnected server need urgent assistance,93,9
TKT-3762,"Hi, I cannot log in to my account after the update Thank you for your help.",Technical Support,Medium,Email,Positive,Resolved,23.55,55.74,5,16,75,cannot log account update thank help,75,6
TKT-3763,"Dear team, The website is showing a 500 internal server error Looking forward to your prompt response.",Technical Support,Medium,Chat,Negative,Resolved,10.31,34.14,5,17,102,dear team website showing internal server error looking forward prompt response,102,11
TKT-3764,"Hi there, Please process my refund to the original payment method",Returns & Refunds,Medium,Email,Negative,Pending,12.6,20.62,3,11,65,please process refund original payment method,65,6
TKT-3765,"To whom it may concern, Is there an API available for custom integrations",Product Information,Medium,Email,Negative,Resolved,0.96,19.25,5,13,73,may concern api available custom integration,73,6
TKT-3766,"Hi, My store credit was not applied to my account Please let me know what steps I should take.",Returns & Refunds,High,Email,Negative,Pending,0.5,1.5,4,19,94,store credit applied account please let know step take,94,9
TKT-3767,"Hi, I need a refund for the payment made last week Please help me resolve this as soon as possible.",Billing & Payments,High,Chat,Negative,Resolved,12.69,13.69,5,20,99,need refund payment made last week please help resolve soon possible,99,11
TKT-3768,The tracking number provided is not working Looking forward to your prompt response.,Shipping & Delivery,Medium,Email,Positive,Pending,15.37,59.64,3,13,84,tracking number provided working looking forward prompt response,84,8
TKT-3769,"Hi team, I was billed after cancelling my account",Billing & Payments,High,Phone,Negative,Resolved,3.56,4.56,5,9,49,team billed cancelling account,49,4
TKT-3770,"Hi there, The courier left my package in the wrong location Please let me know what steps I should take.",Shipping & Delivery,Medium,Chat,Negative,Pending,8.5,27.85,3,20,104,courier left package wrong location please let know step take,104,10
TKT-3771,"Hi team, How do I initiate a return for an online purchase Looking forward to your prompt response.",Returns & Refunds,High,Chat,Negative,Resolved,21.99,32.86,5,18,99,team initiate return online purchase looking forward prompt response,99,9
TKT-3772,Please help me delete my account permanently Thank you for your help.,Account Management,High,Phone,Neutral,Resolved,2.77,12.92,5,12,69,please help delete account permanently thank help,69,6
TKT-3773,"Good day, The export function produces corrupt files Thank you for your help.",Technical Support,High,Email,Neutral,Resolved,2.83,7.86,4,13,77,good day export function produce corrupt file thank help,77,9
TKT-3774,"Good day, My order has not arrived yet and it is overdue Thank you for your help.",Shipping & Delivery,Low,Chat,Negative,Resolved,13.18,37.25,5,17,81,good day order arrived yet overdue thank help,81,8
TKT-3775,The export function produces corrupt files I need urgent assistance with this.,Technical Support,Low,Chat,Negative,Escalated,50.18,59.78,1,12,78,export function produce corrupt file need urgent assistance,78,8
TKT-3776,"Dear team, I sent the return package but got no confirmation I have been waiting for a while now.",Returns & Refunds,Medium,Chat,Positive,Resolved,13.3,113.59,3,19,97,dear team sent return package got confirmation waiting,97,8
TKT-3777,"Hi team, The replacement item also arrived damaged Thank you for your help.",Returns & Refunds,Medium,Phone,Neutral,Resolved,7.03,8.03,5,13,75,team replacement item also arrived damaged thank help,75,8
TKT-3778,"To whom it may concern, The application keeps crashing when I open it Thank you for your help.",Technical Support,High,Email,Negative,Resolved,1.0,4.21,4,18,94,may concern application keep crashing open thank help,94,8
TKT-3779,"Hello, The mobile app is very slow and unresponsive I need urgent assistance with this.",Technical Support,Critical,Email,Negative,Resolved,0.5,3.43,4,15,87,hello mobile app slow unresponsive need urgent assistance,87,8
TKT-3780,"To whom it may concern, Please update my payment method to a new card Please help me resolve this as soon as possible.",Billing & Payments,Medium,Email,Negative,Resolved,0.5,10.92,3,23,118,may concern please update payment method new card please help resolve soon possible,118,12
TKT-3781,"Dear Support, The mobile app is very slow and unresponsive I need urgent assistance with this.",Technical Support,Medium,Chat,Negative,Pending,22.97,34.9,4,16,94,dear support mobile app slow unresponsive need urgent assistance,94,9
TKT-3782,"Hi, Why was my card declined when making a payment Please let me know what steps I should take.",Billing & Payments,Medium,Email,Neutral,Resolved,44.5,49.87,4,19,95,card declined making payment please let know step take,95,9
TKT-3783,"Good day, The software is not compatible with my operating system Please help me resolve this as soon as possible.",Technical Support,Medium,Email,Positive,Resolved,4.15,76.68,4,20,114,good day software compatible operating system please help resolve soon possible,114,11
TKT-3784,"Hello, The mobile app is very slow and unresponsive Please help me resolve this as soon as possible.",Technical Support,Low,Email,Negative,Escalated,7.87,264.92,1,18,100,hello mobile app slow unresponsive please help resolve soon possible,100,10
TKT-3785,"Hi, I received the wrong item in my package Please help me resolve this as soon as possible.",Shipping & Delivery,Medium,Web Form,Neutral,Escalated,20.23,33.84,1,18,92,received wrong item package please help resolve soon possible,92,9
TKT-3786,"Hi there, Please help me delete my account permanently Please help me resolve this as soon as possible.",Account Management,Low,Chat,Negative,Escalated,25.65,38.68,1,18,103,please help delete account permanently please help resolve soon possible,103,8
TKT-3787,"Hi team, I want to merge two accounts into one This is affecting my work significantly.",Account Management,Medium,Email,Neutral,Resolved,19.57,98.82,5,16,87,team want merge two account one affecting work significantly,87,9
TKT-3788,"To whom it may concern, I cannot verify my email address with the link sent Looking forward to your prompt response.",Account Management,High,Web Form,Negative,Resolved,3.56,17.28,5,21,116,may concern cannot verify email address link sent looking forward prompt response,116,12
TKT-3789,"Hello, The replacement item also arrived damaged I have been waiting for a while now.",Returns & Refunds,High,Phone,Positive,Resolved,9.02,22.9,4,15,85,hello replacement item also arrived damaged waiting,85,7
TKT-3790,Is there an API available for custom integrations I need urgent assistance with this.,Product Information,Medium,Chat,Negative,Pending,4.13,97.46,3,14,85,api available custom integration need urgent assistance,85,7
TKT-3791,"Hi, The tracking number provided is not working Thank you for your help.",Shipping & Delivery,High,Web Form,Neutral,Resolved,0.5,9.12,4,13,72,tracking number provided working thank help,72,6
TKT-3792,"Hi, Do you offer any educational or nonprofit discounts Please let me know what steps I should take.",Product Information,High,Web Form,Neutral,Resolved,3.39,4.72,3,18,100,offer educational nonprofit discount please let know step take,100,9
TKT-3793,"Dear team, The website is showing a 500 internal server error I need urgent assistance with this.",Technical Support,Critical,Chat,Neutral,Resolved,2.17,6.39,4,17,97,dear team website showing internal server error need urgent assistance,97,10
TKT-3794,"Good day, The item I received is defective and I need replacement This is affecting my work significantly.",Returns & Refunds,Low,Web Form,Negative,Resolved,16.42,101.74,3,18,106,good day item received defective need replacement affecting work significantly,106,10
TKT-3795,"Dear Support, The replacement item also arrived damaged Looking forward to your prompt response.",Returns & Refunds,High,Email,Neutral,Resolved,0.64,3.1,4,14,96,dear support replacement item also arrived damaged looking forward prompt response,96,11
TKT-3796,The delivery estimate keeps getting pushed further I have been waiting for a while now.,Shipping & Delivery,High,Email,Neutral,Pending,3.58,11.47,4,15,87,delivery estimate keep getting pushed waiting,87,6
TKT-3797,"To whom it may concern, Does the product support integration with Salesforce Please let me know what steps I should take.",Product Information,High,Email,Neutral,Pending,3.31,4.31,2,21,121,may concern product support integration salesforce please let know step take,121,11
TKT-3798,"Hi team, Please remove the two factor authentication from my account Please help me resolve this as soon as possible.",Account Management,Low,Phone,Negative,Resolved,17.38,23.89,5,20,117,team please remove two factor authentication account please help resolve soon possible,117,11
TKT-3799,"Hi team, The replacement item also arrived damaged This is affecting my work significantly.",Returns & Refunds,High,Phone,Negative,Resolved,5.58,7.61,3,14,91,team replacement item also arrived damaged affecting work significantly,91,9
TKT-3800,"Hello, I cannot install the application on my laptop Looking forward to your prompt response.",Technical Support,Low,Web Form,Neutral,Resolved,13.53,106.81,5,15,93,hello cannot install application laptop looking forward prompt response,93,9
TKT-3801,"Dear team, I need to schedule a redelivery for my parcel I need urgent assistance with this.",Shipping & Delivery,Low,Phone,Positive,Resolved,152.38,184.36,5,17,92,dear team need schedule redelivery parcel need urgent assistance,92,8
TKT-3802,"Hi there, I need a refund for the payment made last week I need urgent assistance with this.",Billing & Payments,Medium,Email,Negative,Resolved,0.98,1.98,4,18,92,need refund payment made last week need urgent assistance,92,8
TKT-3803,"Dear team, Can you explain the difference between basic and pro I have been waiting for a while now.",Product Information,High,Email,Neutral,Resolved,6.38,25.6,5,19,100,dear team explain difference basic pro waiting,100,7
TKT-3804,"Dear Support, The mobile app is very slow and unresponsive I need urgent assistance with this.",Technical Support,Medium,Email,Neutral,Pending,4.11,11.42,3,16,94,dear support mobile app slow unresponsive need urgent assistance,94,9
TKT-3805,"To whom it may concern, Please remove the two factor authentication from my account I have been waiting for a while now.",Account Management,Medium,Email,Negative,Resolved,29.05,54.57,4,22,120,may concern please remove two factor authentication account waiting,120,9
TKT-3806,"Dear Support, My invoice shows incorrect amount, please fix it",Billing & Payments,Medium,Chat,Neutral,Resolved,3.09,13.18,5,10,62,dear support invoice show incorrect amount please fix,62,8
TKT-3807,"Hi there, My account shows wrong subscription plan",Account Management,Medium,Web Form,Neutral,Pending,1.43,65.97,3,8,50,account show wrong subscription plan,50,5
TKT-3808,"Hello, My refund has not been processed after two weeks",Returns & Refunds,Low,Phone,Neutral,Resolved,6.67,61.78,5,10,55,hello refund processed two week,55,5
TKT-3809,"Hi there, Please update my payment method to a new card Thank you for your help.",Billing & Payments,Medium,Chat,Negative,Pending,43.31,46.14,2,16,80,please update payment method new card thank help,80,8
TKT-3810,"Dear Support, Do you offer any educational or nonprofit discounts",Product Information,Medium,Chat,Negative,Resolved,1.6,8.33,5,10,65,dear support offer educational nonprofit discount,65,6
TKT-3811,"To whom it may concern, I need to transfer my account to another user I have been waiting for a while now.",Account Management,High,Chat,Negative,Pending,0.91,7.62,3,22,106,may concern need transfer account another user waiting,106,8
TKT-3812,"Hi team, I want to upgrade my plan but billing is confusing",Billing & Payments,Medium,Phone,Positive,Escalated,3.62,38.12,3,12,59,team want upgrade plan billing confusing,59,6
TKT-3813,"Hi, I want to change my username on the platform Please help me resolve this as soon as possible.",Account Management,Low,Chat,Negative,Resolved,43.33,77.82,3,19,97,want change username platform please help resolve soon possible,97,9
TKT-3814,How do I initiate a return for an online purchase Please help me resolve this as soon as possible.,Returns & Refunds,Low,Phone,Positive,Resolved,5.47,80.33,5,19,98,initiate return online purchase please help resolve soon possible,98,9
TKT-3815,"Hi there, I cannot log in to my account after the update Thank you for your help.",Technical Support,Low,Chat,Negative,Pending,9.85,79.36,4,17,81,cannot log account update thank help,81,6
TKT-3816,"Hi team, I cannot install the application on my laptop I need urgent assistance with this.",Technical Support,Medium,Email,Neutral,Resolved,9.67,24.01,3,16,90,team cannot install application laptop need urgent assistance,90,8
TKT-3817,"Dear team, The feature stopped working after the last update I need urgent assistance with this.",Technical Support,Medium,Email,Positive,Resolved,0.5,63.14,5,16,96,dear team feature stopped working last update need urgent assistance,96,10
TKT-3818,"Dear team, My account shows wrong subscription plan",Account Management,Low,Chat,Negative,Resolved,13.77,36.34,5,8,51,dear team account show wrong subscription plan,51,7
TKT-3819,"Dear Support, My invoice shows incorrect amount, please fix it I need urgent assistance with this.",Billing & Payments,Low,Phone,Positive,Pending,16.56,61.98,3,16,98,dear support invoice show incorrect amount please fix need urgent assistance,98,11
TKT-3820,"Good day, Does your product comply with GDPR regulations Thank you for your help.",Product Information,Medium,Chat,Neutral,Resolved,14.13,58.84,4,14,81,good day product comply gdpr regulation thank help,81,8
TKT-3821,"To whom it may concern, Please help me delete my account permanently I have been waiting for a while now.",Account Management,Medium,Chat,Neutral,Resolved,26.44,69.35,5,20,105,may concern please help delete account permanently waiting,105,8
TKT-3822,"Good day, I received the wrong item in my package",Shipping & Delivery,High,Web Form,Negative,Resolved,0.69,1.69,4,10,49,good day received wrong item package,49,6
TKT-3823,"Dear team, I cannot find my billing history on the portal Please help me resolve this as soon as possible.",Billing & Payments,Critical,Chat,Neutral,Resolved,1.05,2.18,5,20,106,dear team cannot find billing history portal please help resolve soon possible,106,12
TKT-3824,"Dear team, The tracking number provided is not working Looking forward to your prompt response.",Shipping & Delivery,Critical,Email,Negative,Resolved,0.5,2.01,3,15,95,dear team tracking number provided working looking forward prompt response,95,10
TKT-3825,"To whom it may concern, How do I initiate a return for an online purchase Please help me resolve this as soon as possible.",Returns & Refunds,High,Web Form,Neutral,Pending,0.5,54.09,3,24,122,may concern initiate return online purchase please help resolve soon possible,122,11
TKT-3826,"Hi, Can I expedite the shipping on my recent order I have been waiting for a while now.",Shipping & Delivery,Medium,Email,Neutral,Resolved,11.7,15.21,5,18,87,expedite shipping recent order waiting,87,5
TKT-3827,"Good day, What is the data retention policy for your service Please help me resolve this as soon as possible.",Product Information,Low,Chat,Positive,Resolved,13.35,18.75,5,20,109,good day data retention policy service please help resolve soon possible,109,11
TKT-3828,"Hi team, The application keeps crashing when I open it Please let me know what steps I should take.",Technical Support,Medium,Chat,Positive,Resolved,0.75,34.36,5,19,99,team application keep crashing open please let know step take,99,10
TKT-3829,"Dear Support, I want to change my username on the platform I need urgent assistance with this.",Account Management,High,Email,Neutral,Pending,11.71,12.71,3,17,94,dear support want change username platform need urgent assistance,94,9
TKT-3830,"Hi there, I cannot log in to my account after the update Thank you for your help.",Technical Support,Medium,Chat,Neutral,Pending,0.5,34.25,3,17,81,cannot log account update thank help,81,6
TKT-3831,"Dear team, I cannot find my billing history on the portal Thank you for your help.",Billing & Payments,Low,Email,Negative,Pending,18.69,46.09,3,16,82,dear team cannot find billing history portal thank help,82,9
TKT-3832,"Hi there, I want to change the delivery address for my order Looking forward to your prompt response.",Shipping & Delivery,Critical,Chat,Neutral,Pending,0.51,8.87,3,18,101,want change delivery address order looking forward prompt response,101,9
TKT-3833,"Hi team, My invoice shows incorrect amount, please fix it I have been waiting for a while now.",Billing & Payments,Medium,Email,Negative,Resolved,32.27,73.12,5,18,94,team invoice show incorrect amount please fix waiting,94,8
TKT-3834,"Good day, I need to change the email address on my account I have been waiting for a while now.",Account Management,Low,Email,Negative,Escalated,4.2,55.69,1,20,95,good day need change email address account waiting,95,8
TKT-3835,"Dear team, What is the data retention policy for your service Looking forward to your prompt response.",Product Information,Low,Chat,Negative,Escalated,35.77,176.83,2,17,102,dear team data retention policy service looking forward prompt response,102,10
TKT-3836,"To whom it may concern, The return window has passed but the item is broken Thank you for your help.",Returns & Refunds,Low,Email,Neutral,Resolved,8.77,44.63,4,20,100,may concern return window passed item broken thank help,100,9
TKT-3837,"Good day, I need a copy of my tax invoice for last year I need urgent assistance with this.",Billing & Payments,Low,Phone,Negative,Resolved,0.5,133.59,5,19,91,good day need copy tax invoice last year need urgent assistance,91,10
TKT-3838,"Dear Support, The replacement item also arrived damaged I have been waiting for a while now.",Returns & Refunds,High,Email,Negative,Escalated,20.86,38.68,2,16,92,dear support replacement item also arrived damaged waiting,92,8
TKT-3839,"To whom it may concern, My store credit was not applied to my account Please help me resolve this as soon as possible.",Returns & Refunds,Medium,Chat,Negative,Pending,14.65,17.74,2,23,118,may concern store credit applied account please help resolve soon possible,118,11
TKT-3840,"Dear Support, Error message appears every time I try to save",Technical Support,Medium,Email,Neutral,Resolved,5.48,29.96,3,11,60,dear support error message appears every time try save,60,9
TKT-3841,"Hi team, Please help me delete my account permanently Please let me know what steps I should take.",Account Management,Critical,Email,Negative,Pending,0.93,3.19,4,18,98,team please help delete account permanently please let know step take,98,10
TKT-3842,"Hi, The courier left my package in the wrong location",Shipping & Delivery,High,Email,Negative,Pending,0.5,14.56,2,10,53,courier left package wrong location,53,5
TKT-3843,"Dear team, Dashboard is not loading any data for me I need urgent assistance with this.",Technical Support,Low,Chat,Negative,Resolved,59.85,87.25,4,16,87,dear team dashboard loading data need urgent assistance,87,8
TKT-3844,"Good day, Why was my card declined when making a payment Thank you for your help.",Billing & Payments,Low,Email,Positive,Resolved,13.58,41.43,5,16,81,good day card declined making payment thank help,81,8
TKT-3845,"Dear Support, Please process my refund to the original payment method Thank you for your help.",Returns & Refunds,High,Email,Negative,Resolved,4.95,10.36,3,16,94,dear support please process refund original payment method thank help,94,10
TKT-3846,"Good day, I keep getting disconnected from the server This is affecting my work significantly.",Technical Support,High,Web Form,Neutral,Resolved,9.3,14.26,4,15,94,good day keep getting disconnected server affecting work significantly,94,9
TKT-3847,"Hi, I need a prepaid return label for my item I have been waiting for a while now.",Returns & Refunds,Medium,Chat,Negative,Resolved,36.65,47.59,5,18,82,need prepaid return label item waiting,82,6
TKT-3848,"Hi there, I forgot my password and need to reset it Please let me know what steps I should take.",Account Management,Critical,Email,Neutral,Pending,1.34,6.13,2,20,96,forgot password need reset please let know step take,96,9
TKT-3849,"Dear team, I received a damaged item in my shipment",Shipping & Delivery,High,Email,Negative,Resolved,0.5,10.78,5,10,51,dear team received damaged item shipment,51,6
TKT-3850,"To whom it may concern, Does your product comply with GDPR regulations I have been waiting for a while now.",Product Information,High,Email,Neutral,Resolved,0.71,8.61,4,20,107,may concern product comply gdpr regulation waiting,107,7
TKT-3851,Can I expedite the shipping on my recent order I have been waiting for a while now.,Shipping & Delivery,Medium,Chat,Negative,Resolved,1.64,205.11,5,17,83,expedite shipping recent order waiting,83,5
TKT-3852,"Dear team, I need a refund for the payment made last week Thank you for your help.",Billing & Payments,High,Chat,Neutral,Resolved,0.86,14.9,5,17,82,dear team need refund payment made last week thank help,82,10
TKT-3853,I need to change the email address on my account Looking forward to your prompt response.,Account Management,Low,Email,Positive,Pending,23.47,109.14,2,16,89,need change email address account looking forward prompt response,89,9
TKT-3854,"Hi team, Can I expedite the shipping on my recent order Please let me know what steps I should take.",Shipping & Delivery,High,Phone,Negative,Pending,8.12,9.12,2,20,100,team expedite shipping recent order please let know step take,100,10
TKT-3855,"Hi team, My store credit was not applied to my account Please let me know what steps I should take.",Returns & Refunds,Low,Chat,Neutral,Pending,45.49,74.02,2,20,99,team store credit applied account please let know step take,99,10
TKT-3856,"Hello, I need a prepaid return label for my item I need urgent assistance with this.",Returns & Refunds,High,Email,Neutral,Pending,11.89,22.14,3,16,84,hello need prepaid return label item need urgent assistance,84,8
TKT-3857,"Hi, My invoice shows incorrect amount, please fix it Thank you for your help.",Billing & Payments,Low,Web Form,Neutral,Escalated,1.15,27.21,1,14,77,invoice show incorrect amount please fix thank help,77,8
TKT-3858,My promo code is not being applied to my bill I need urgent assistance with this.,Billing & Payments,Low,Email,Negative,Resolved,26.12,73.5,5,16,81,promo code applied bill need urgent assistance,81,7
TKT-3859,I sent the return package but got no confirmation Please help me resolve this as soon as possible.,Returns & Refunds,Critical,Email,Positive,Pending,0.54,1.54,2,18,98,sent return package got confirmation please help resolve soon possible,98,10
TKT-3860,"Hi team, I was denied a refund but the product is faulty This is affecting my work significantly.",Returns & Refunds,Medium,Phone,Neutral,Pending,42.99,75.89,2,18,97,team denied refund product faulty affecting work significantly,97,8
TKT-3861,Error message appears every time I try to save Thank you for your help.,Technical Support,Medium,Phone,Neutral,Resolved,9.08,26.61,3,14,71,error message appears every time try save thank help,71,9
TKT-3862,"Dear team, Why was my card declined when making a payment I need urgent assistance with this.",Billing & Payments,Low,Phone,Neutral,Resolved,2.86,95.61,4,17,93,dear team card declined making payment need urgent assistance,93,9
TKT-3863,"Hi team, My account shows wrong subscription plan Thank you for your help.",Account Management,Low,Email,Negative,Resolved,54.02,57.35,4,13,74,team account show wrong subscription plan thank help,74,8
TKT-3864,"Good day, Please update my payment method to a new card Please let me know what steps I should take.",Billing & Payments,High,Email,Negative,Resolved,7.81,12.33,3,20,100,good day please update payment method new card please let know step take,100,12
TKT-3865,"Hi there, I want to change my username on the platform Please let me know what steps I should take.",Account Management,Medium,Phone,Negative,Resolved,10.2,30.15,5,20,99,want change username platform please let know step take,99,9
TKT-3866,"Good day, What languages does your platform currently support Please help me resolve this as soon as possible.",Product Information,Critical,Web Form,Neutral,Resolved,1.11,2.83,4,18,110,good day language platform currently support please help resolve soon possible,110,11
TKT-3867,"Hi, What features are included in the premium plan Please help me resolve this as soon as possible.",Product Information,High,Chat,Negative,Escalated,1.39,13.64,1,18,99,feature included premium plan please help resolve soon possible,99,9
TKT-3868,I keep getting disconnected from the server I have been waiting for a while now.,Technical Support,Medium,Chat,Neutral,Resolved,14.09,71.9,4,15,80,keep getting disconnected server waiting,80,5
TKT-3869,"Hi team, I need to change the email address on my account This is affecting my work significantly.",Account Management,Low,Chat,Neutral,Pending,28.62,79.57,2,18,98,team need change email address account affecting work significantly,98,9
TKT-3870,"Good day, Can I expedite the shipping on my recent order Thank you for your help.",Shipping & Delivery,High,Email,Positive,Resolved,0.5,8.89,4,16,81,good day expedite shipping recent order thank help,81,8
TKT-3871,"Hi team, The payment gateway keeps showing an error Looking forward to your prompt response.",Billing & Payments,High,Chat,Negative,Pending,4.0,14.32,3,15,92,team payment gateway keep showing error looking forward prompt response,92,10
TKT-3872,"Dear Support, The return window has passed but the item is broken Thank you for your help.",Returns & Refunds,Medium,Web Form,Negative,Resolved,0.66,13.93,4,17,90,dear support return window passed item broken thank help,90,9
TKT-3873,"Dear Support, I need to transfer my account to another user Thank you for your help.",Account Management,Medium,Phone,Positive,Pending,12.67,34.75,4,16,84,dear support need transfer account another user thank help,84,9
TKT-3874,"Dear Support, I cannot log in to my account after the update I need urgent assistance with this.",Technical Support,High,Chat,Neutral,Pending,3.55,8.37,3,18,96,dear support cannot log account update need urgent assistance,96,9
TKT-3875,"Hi team, I need a prepaid return label for my item Please let me know what steps I should take.",Returns & Refunds,Low,Web Form,Neutral,Pending,79.17,137.58,3,20,95,team need prepaid return label item please let know step take,95,11
TKT-3876,"To whom it may concern, The tracking number provided is not working This is affecting my work significantly.",Shipping & Delivery,Low,Email,Negative,Resolved,26.49,53.24,3,18,108,may concern tracking number provided working affecting work significantly,108,9
TKT-3877,"Hi, My invoice shows incorrect amount, please fix it Thank you for your help.",Billing & Payments,High,Email,Neutral,Resolved,1.16,3.51,5,14,77,invoice show incorrect amount please fix thank help,77,8
TKT-3878,"Dear Support, I want to upgrade my plan but billing is confusing Please help me resolve this as soon as possible.",Billing & Payments,Medium,Chat,Negative,Resolved,13.98,51.98,5,21,113,dear support want upgrade plan billing confusing please help resolve soon possible,113,12
TKT-3879,The courier left my package in the wrong location I need urgent assistance with this.,Shipping & Delivery,Critical,Web Form,Neutral,Resolved,0.5,1.5,4,15,85,courier left package wrong location need urgent assistance,85,8
TKT-3880,"Hi, Can I expedite the shipping on my recent order Looking forward to your prompt response.",Shipping & Delivery,Medium,Chat,Neutral,Resolved,11.41,21.7,4,16,91,expedite shipping recent order looking forward prompt response,91,8
TKT-3881,"To whom it may concern, What languages does your platform currently support Looking forward to your prompt response.",Product Information,Medium,Phone,Negative,Pending,5.48,16.92,3,18,116,may concern language platform currently support looking forward prompt response,116,10
TKT-3882,"Good day, Dashboard is not loading any data for me Please let me know what steps I should take.",Technical Support,High,Web Form,Neutral,Pending,0.5,1.5,2,19,95,good day dashboard loading data please let know step take,95,10
TKT-3883,"Good day, The software is not compatible with my operating system Thank you for your help.",Technical Support,Medium,Email,Positive,Pending,4.55,11.9,4,16,90,good day software compatible operating system thank help,90,8
TKT-3884,"Hi, I want to change my username on the platform Please let me know what steps I should take.",Account Management,Medium,Chat,Negative,Escalated,3.2,10.96,1,19,93,want change username platform please let know step take,93,9
TKT-3885,"Hi, I need a refund for the payment made last week I need urgent assistance with this.",Billing & Payments,High,Chat,Positive,Resolved,4.11,17.24,4,17,86,need refund payment made last week need urgent assistance,86,8
TKT-3886,"Hello, My promo code is not being applied to my bill I need urgent assistance with this.",Billing & Payments,High,Phone,Negative,Resolved,12.24,13.24,4,17,88,hello promo code applied bill need urgent assistance,88,8
TKT-3887,"Hi there, The mobile app is very slow and unresponsive Looking forward to your prompt response.",Technical Support,Medium,Email,Positive,Pending,18.33,58.36,3,16,95,mobile app slow unresponsive looking forward prompt response,95,8
TKT-3888,"Dear team, My invoice shows incorrect amount, please fix it I have been waiting for a while now.",Billing & Payments,Low,Email,Neutral,Resolved,10.17,139.1,4,18,96,dear team invoice show incorrect amount please fix waiting,96,9
TKT-3889,"Hello, The feature stopped working after the last update",Technical Support,High,Web Form,Neutral,Pending,1.1,24.89,3,9,56,hello feature stopped working last update,56,6
TKT-3890,"Hello, I was billed after cancelling my account",Billing & Payments,High,Email,Negative,Resolved,0.5,9.7,5,8,47,hello billed cancelling account,47,4
TKT-3891,"Good day, The item I received is defective and I need replacement Thank you for your help.",Returns & Refunds,High,Phone,Neutral,Pending,1.32,2.32,2,17,90,good day item received defective need replacement thank help,90,9
TKT-3892,"Dear team, How many users can I add under a single license Looking forward to your prompt response.",Product Information,High,Email,Negative,Resolved,6.3,39.61,5,18,99,dear team many user add single license looking forward prompt response,99,11
TKT-3893,"Hi, The mobile app is very slow and unresponsive Looking forward to your prompt response.",Technical Support,Medium,Email,Neutral,Resolved,19.8,37.42,5,15,89,mobile app slow unresponsive looking forward prompt response,89,8
TKT-3894,"Hi, I need a prepaid return label for my item I need urgent assistance with this.",Returns & Refunds,Medium,Chat,Negative,Resolved,11.47,14.09,5,16,81,need prepaid return label item need urgent assistance,81,7
TKT-3895,"Dear team, Please update my personal information in the system Please help me resolve this as soon as possible.",Account Management,Medium,Web Form,Negative,Pending,8.86,103.22,2,19,111,dear team please update personal information system please help resolve soon possible,111,11
TKT-3896,"Hi there, The software is not compatible with my operating system I need urgent assistance with this.",Technical Support,Low,Chat,Negative,Resolved,9.54,46.89,5,17,101,software compatible operating system need urgent assistance,101,7
TKT-3897,"Hi, I cannot install the application on my laptop Please help me resolve this as soon as possible.",Technical Support,Medium,Email,Negative,Pending,3.68,18.42,4,18,98,cannot install application laptop please help resolve soon possible,98,9
TKT-3898,"Dear Support, The delivery estimate keeps getting pushed further This is affecting my work significantly.",Shipping & Delivery,Low,Chat,Neutral,Escalated,6.17,23.99,3,15,105,dear support delivery estimate keep getting pushed affecting work significantly,105,10
TKT-3899,"Good day, Please help me delete my account permanently Please help me resolve this as soon as possible.",Account Management,High,Phone,Neutral,Resolved,5.9,26.07,4,18,103,good day please help delete account permanently please help resolve soon possible,103,10
TKT-3900,"Good day, I need to change the email address on my account I need urgent assistance with this.",Account Management,Critical,Phone,Neutral,Resolved,0.78,6.56,3,18,94,good day need change email address account need urgent assistance,94,9
TKT-3901,"Dear Support, My store credit was not applied to my account Please let me know what steps I should take.",Returns & Refunds,High,Email,Neutral,Pending,3.76,18.92,2,20,104,dear support store credit applied account please let know step take,104,11
TKT-3902,"Good day, My account shows wrong subscription plan I need urgent assistance with this.",Account Management,Low,Email,Negative,Pending,6.98,30.53,4,14,86,good day account show wrong subscription plan need urgent assistance,86,10
TKT-3903,My profile picture is not updating correctly Please let me know what steps I should take.,Account Management,Medium,Phone,Positive,Pending,1.65,152.61,3,16,89,profile picture updating correctly please let know step take,89,9
TKT-3904,"Dear team, Is there an API available for custom integrations Thank you for your help.",Product Information,Medium,Email,Neutral,Pending,4.04,8.74,3,15,85,dear team api available custom integration thank help,85,8
TKT-3905,"Good day, Can I expedite the shipping on my recent order Please let me know what steps I should take.",Shipping & Delivery,Medium,Phone,Negative,Resolved,17.4,33.35,5,20,101,good day expedite shipping recent order please let know step take,101,11
TKT-3906,"Hi there, My data is not syncing across devices properly Thank you for your help.",Technical Support,Medium,Chat,Negative,Resolved,41.89,185.04,4,15,81,data syncing across device properly thank help,81,7
TKT-3907,"Hi there, The payment gateway keeps showing an error Looking forward to your prompt response.",Billing & Payments,Medium,Chat,Positive,Pending,5.84,10.14,4,15,93,payment gateway keep showing error looking forward prompt response,93,9
TKT-3908,"Dear team, The export function produces corrupt files Thank you for your help.",Technical Support,Medium,Email,Neutral,Resolved,11.05,106.76,5,13,78,dear team export function produce corrupt file thank help,78,9
TKT-3909,"Hi there, Does your product comply with GDPR regulations I have been waiting for a while now.",Product Information,Medium,Email,Negative,Resolved,49.19,62.23,4,17,93,product comply gdpr regulation waiting,93,5
TKT-3910,"Hi team, I received a damaged item in my shipment Thank you for your help.",Shipping & Delivery,Critical,Web Form,Positive,Pending,0.72,1.72,2,15,74,team received damaged item shipment thank help,74,7
TKT-3911,"To whom it may concern, I cannot install the application on my laptop I have been waiting for a while now.",Technical Support,Low,Chat,Neutral,Pending,13.57,72.16,3,21,106,may concern cannot install application laptop waiting,106,7
TKT-3912,"Dear team, The item I received is defective and I need replacement Looking forward to your prompt response.",Returns & Refunds,High,Chat,Neutral,Pending,1.43,5.63,2,18,107,dear team item received defective need replacement looking forward prompt response,107,11
TKT-3913,"Hi there, I need a copy of my tax invoice for last year Thank you for your help.",Billing & Payments,Medium,Chat,Neutral,Escalated,30.31,32.02,1,18,80,need copy tax invoice last year thank help,80,8
TKT-3914,Please remove the two factor authentication from my account I have been waiting for a while now.,Account Management,Low,Email,Neutral,Pending,13.75,22.76,3,17,96,please remove two factor authentication account waiting,96,7
TKT-3915,"Hello, What features are included in the premium plan Looking forward to your prompt response.",Product Information,High,Email,Negative,Pending,11.56,26.38,3,15,94,hello feature included premium plan looking forward prompt response,94,9
TKT-3916,"Dear Support, I cannot verify my email address with the link sent I have been waiting for a while now.",Account Management,Medium,Phone,Negative,Resolved,6.48,15.59,5,20,102,dear support cannot verify email address link sent waiting,102,9
TKT-3917,"Good day, I cannot log in to my account after the update I have been waiting for a while now.",Technical Support,Medium,Email,Negative,Resolved,18.95,125.5,5,20,93,good day cannot log account update waiting,93,7
TKT-3918,"To whom it may concern, I need to change the email address on my account I need urgent assistance with this.",Account Management,Medium,Chat,Neutral,Pending,9.53,103.57,3,21,108,may concern need change email address account need urgent assistance,108,9
TKT-3919,"Hi, Please update my payment method to a new card I have been waiting for a while now.",Billing & Payments,Medium,Email,Positive,Resolved,29.34,48.23,4,18,86,please update payment method new card waiting,86,7
TKT-3920,"To whom it may concern, Error message appears every time I try to save This is affecting my work significantly.",Technical Support,High,Email,Negative,Resolved,7.18,9.36,3,20,111,may concern error message appears every time try save affecting work significantly,111,12
TKT-3921,"Hi team, I received a damaged item in my shipment Please let me know what steps I should take.",Shipping & Delivery,Low,Phone,Neutral,Resolved,5.9,87.19,3,19,94,team received damaged item shipment please let know step take,94,10
TKT-3922,I want to change the delivery address for my order This is affecting my work significantly.,Shipping & Delivery,Low,Web Form,Negative,Escalated,83.18,158.87,2,16,91,want change delivery address order affecting work significantly,91,8
TKT-3923,"Hi there, I need a copy of my tax invoice for last year I need urgent assistance with this.",Billing & Payments,Medium,Chat,Negative,Resolved,5.85,26.89,4,19,91,need copy tax invoice last year need urgent assistance,91,8
TKT-3924,"Hi team, I need to schedule a redelivery for my parcel Thank you for your help.",Shipping & Delivery,Low,Web Form,Neutral,Resolved,3.03,24.56,5,16,79,team need schedule redelivery parcel thank help,79,7
TKT-3925,"Good day, Please update my personal information in the system This is affecting my work significantly.",Account Management,Medium,Email,Positive,Resolved,2.68,4.6,4,16,102,good day please update personal information system affecting work significantly,102,10
TKT-3926,"Dear team, My promo code is not being applied to my bill Please help me resolve this as soon as possible.",Billing & Payments,High,Email,Negative,Resolved,1.69,24.08,3,21,105,dear team promo code applied bill please help resolve soon possible,105,11
TKT-3927,"Hello, I cannot verify my email address with the link sent I need urgent assistance with this.",Account Management,High,Email,Neutral,Pending,1.66,18.37,3,17,94,hello cannot verify email address link sent need urgent assistance,94,10
TKT-3928,"To whom it may concern, Does the product support integration with Salesforce Thank you for your help.",Product Information,Low,Email,Negative,Resolved,21.72,114.08,5,17,101,may concern product support integration salesforce thank help,101,8
TKT-3929,"Hi, I cannot install the application on my laptop Please let me know what steps I should take.",Technical Support,Medium,Email,Positive,Resolved,6.81,30.94,3,18,94,cannot install application laptop please let know step take,94,9
TKT-3930,"Hi, I want to upgrade my plan but billing is confusing",Billing & Payments,Medium,Chat,Neutral,Pending,2.46,10.77,2,11,54,want upgrade plan billing confusing,54,5
TKT-3931,"Hi team, I need to change the email address on my account Please help me resolve this as soon as possible.",Account Management,Low,Phone,Negative,Escalated,22.4,60.38,1,21,106,team need change email address account please help resolve soon possible,106,11
TKT-3932,"Hi, The delivery estimate keeps getting pushed further I have been waiting for a while now.",Shipping & Delivery,Critical,Email,Negative,Resolved,1.47,2.47,5,16,91,delivery estimate keep getting pushed waiting,91,6
TKT-3933,"Hello, I want to return the product I bought last week",Returns & Refunds,High,Web Form,Positive,Escalated,11.04,19.26,1,11,54,hello want return product bought last week,54,7
TKT-3934,"Hi there, I was billed after cancelling my account Please let me know what steps I should take.",Billing & Payments,Medium,Chat,Neutral,Resolved,13.08,15.73,4,18,95,billed cancelling account please let know step take,95,8
TKT-3935,"Hi team, Please update my personal information in the system I need urgent assistance with this.",Account Management,Low,Email,Negative,Resolved,80.28,81.93,4,16,96,team please update personal information system need urgent assistance,96,9
TKT-3936,"Dear team, I need to cancel my order before it is shipped Please help me resolve this as soon as possible.",Shipping & Delivery,High,Web Form,Negative,Resolved,10.03,19.92,4,21,106,dear team need cancel order shipped please help resolve soon possible,106,11
TKT-3937,"Dear team, Is there a free trial available for your enterprise plan",Product Information,Low,Phone,Negative,Resolved,12.42,95.27,3,12,67,dear team free trial available enterprise plan,67,7
TKT-3938,"To whom it may concern, The item I received is defective and I need replacement I need urgent assistance with this.",Returns & Refunds,Low,Chat,Positive,Resolved,37.91,105.79,4,21,115,may concern item received defective need replacement need urgent assistance,115,9
TKT-3939,"Hi, Why was my card declined when making a payment Please help me resolve this as soon as possible.",Billing & Payments,Medium,Email,Neutral,Resolved,14.94,21.29,3,19,99,card declined making payment please help resolve soon possible,99,9
TKT-3940,"To whom it may concern, I cannot log in to my account after the update Thank you for your help.",Technical Support,Medium,Phone,Negative,Resolved,13.41,38.18,5,20,95,may concern cannot log account update thank help,95,8
TKT-3941,"Hello, The website is showing a 500 internal server error This is affecting my work significantly.",Technical Support,High,Email,Neutral,Resolved,2.41,28.37,4,16,98,hello website showing internal server error affecting work significantly,98,9
TKT-3942,Can I exchange the product for a different size Please help me resolve this as soon as possible.,Returns & Refunds,Medium,Chat,Negative,Resolved,23.66,47.94,5,18,96,exchange product different size please help resolve soon possible,96,9
TKT-3943,"Hi there, I want to return the product I bought last week Please help me resolve this as soon as possible.",Returns & Refunds,Low,Chat,Neutral,Resolved,80.97,335.02,5,21,106,want return product bought last week please help resolve soon possible,106,11
TKT-3944,"Hi there, I was charged twice for my subscription this month I need urgent assistance with this.",Billing & Payments,Medium,Chat,Negative,Pending,14.51,15.51,2,17,96,charged twice subscription month need urgent assistance,96,7
TKT-3945,"Hi team, Please update my personal information in the system Please let me know what steps I should take.",Account Management,High,Chat,Negative,Resolved,9.42,21.4,4,19,105,team please update personal information system please let know step take,105,10
TKT-3946,"Dear Support, My refund has not been processed after two weeks",Returns & Refunds,Low,Chat,Neutral,Escalated,15.32,65.03,3,11,62,dear support refund processed two week,62,6
TKT-3947,"To whom it may concern, I need a refund for the payment made last week Looking forward to your prompt response.",Billing & Payments,Medium,Email,Negative,Resolved,32.08,139.3,5,21,111,may concern need refund payment made last week looking forward prompt response,111,12
TKT-3948,"Dear team, Can I expedite the shipping on my recent order I need urgent assistance with this.",Shipping & Delivery,Critical,Phone,Negative,Pending,0.92,1.92,2,17,93,dear team expedite shipping recent order need urgent assistance,93,9
TKT-3949,"Good day, The delivery estimate keeps getting pushed further",Shipping & Delivery,Critical,Email,Neutral,Pending,0.5,1.8,2,9,60,good day delivery estimate keep getting pushed,60,7
TKT-3950,"Hi there, I sent the return package but got no confirmation I have been waiting for a while now.",Returns & Refunds,Low,Email,Neutral,Pending,8.52,9.52,3,19,96,sent return package got confirmation waiting,96,6
TKT-3951,"Good day, I sent the return package but got no confirmation I need urgent assistance with this.",Returns & Refunds,Medium,Email,Negative,Resolved,15.29,75.29,3,17,95,good day sent return package got confirmation need urgent assistance,95,10
TKT-3952,"Hello, I want to merge two accounts into one I have been waiting for a while now.",Account Management,Medium,Phone,Neutral,Resolved,9.27,18.04,4,17,81,hello want merge two account one waiting,81,7
TKT-3953,"Good day, I want to change the delivery address for my order I need urgent assistance with this.",Shipping & Delivery,Critical,Chat,Negative,Pending,0.98,2.4,2,18,96,good day want change delivery address order need urgent assistance,96,10
TKT-3954,"Hi, My promo code is not being applied to my bill This is affecting my work significantly.",Billing & Payments,Medium,Phone,Negative,Resolved,1.97,18.44,3,17,90,promo code applied bill affecting work significantly,90,7
TKT-3955,"Good day, I want to upgrade my plan but billing is confusing",Billing & Payments,Medium,Chat,Positive,Resolved,7.8,36.05,4,12,60,good day want upgrade plan billing confusing,60,7
TKT-3956,"Dear team, What are the system requirements for your software I need urgent assistance with this.",Product Information,Medium,Phone,Negative,Resolved,9.47,24.01,5,16,97,dear team system requirement software need urgent assistance,97,8
TKT-3957,My account has been locked and I cannot access it I have been waiting for a while now.,Account Management,High,Chat,Negative,Pending,1.32,14.38,4,18,86,account locked cannot access waiting,86,5
TKT-3958,"Dear team, My profile picture is not updating correctly Looking forward to your prompt response.",Account Management,Medium,Chat,Negative,Resolved,28.41,79.32,5,15,96,dear team profile picture updating correctly looking forward prompt response,96,10
TKT-3959,"Dear Support, I received a damaged item in my shipment This is affecting my work significantly.",Shipping & Delivery,High,Web Form,Neutral,Resolved,3.21,6.75,4,16,95,dear support received damaged item shipment affecting work significantly,95,9
TKT-3960,"Dear team, I cannot verify my email address with the link sent This is affecting my work significantly.",Account Management,Medium,Email,Positive,Pending,6.23,65.01,3,18,103,dear team cannot verify email address link sent affecting work significantly,103,11
TKT-3961,"Hello, What are the system requirements for your software Please let me know what steps I should take.",Product Information,High,Email,Neutral,Escalated,0.5,25.21,2,18,102,hello system requirement software please let know step take,102,9
TKT-3962,"Hi there, Does the product support integration with Salesforce I need urgent assistance with this.",Product Information,Low,Web Form,Negative,Resolved,16.88,62.84,4,15,98,product support integration salesforce need urgent assistance,98,7
TKT-3963,"Hello, Error message appears every time I try to save I need urgent assistance with this.",Technical Support,Medium,Email,Negative,Resolved,3.62,12.25,5,16,89,hello error message appears every time try save need urgent assistance,89,11
TKT-3964,"Dear team, The application keeps crashing when I open it Looking forward to your prompt response.",Technical Support,Medium,Chat,Negative,Escalated,48.62,62.07,1,16,97,dear team application keep crashing open looking forward prompt response,97,10
TKT-3965,"Dear team, I forgot my password and need to reset it",Account Management,Medium,Chat,Neutral,Pending,4.15,53.01,3,11,52,dear team forgot password need reset,52,6
TKT-3966,"Hello, I want to merge two accounts into one I need urgent assistance with this.",Account Management,Low,Phone,Negative,Escalated,21.21,55.29,1,15,80,hello want merge two account one need urgent assistance,80,9
TKT-3967,"Good day, I cannot verify my email address with the link sent Looking forward to your prompt response.",Account Management,Medium,Email,Negative,Resolved,32.15,94.2,5,18,102,good day cannot verify email address link sent looking forward prompt response,102,12
TKT-3968,"Hi team, Can I use the product offline without internet connection I have been waiting for a while now.",Product Information,Low,Chat,Positive,Resolved,2.95,136.09,5,19,103,team use product offline without internet connection waiting,103,8
TKT-3969,"Hi there, My promo code is not being applied to my bill I have been waiting for a while now.",Billing & Payments,Medium,Web Form,Neutral,Pending,26.94,29.08,2,20,92,promo code applied bill waiting,92,5
TKT-3970,"Hi team, I was charged twice for my subscription this month Thank you for your help.",Billing & Payments,High,Chat,Negative,Resolved,6.07,9.03,5,16,84,team charged twice subscription month thank help,84,7
TKT-3971,"Good day, The mobile app is very slow and unresponsive Thank you for your help.",Technical Support,Low,Email,Negative,Resolved,30.63,140.43,5,15,79,good day mobile app slow unresponsive thank help,79,8
TKT-3972,"Hi there, I cannot install the application on my laptop",Technical Support,Medium,Chat,Negative,Resolved,26.53,27.53,4,10,55,cannot install application laptop,55,4
TKT-3973,"Hello, Can I expedite the shipping on my recent order Please help me resolve this as soon as possible.",Shipping & Delivery,Medium,Chat,Neutral,Escalated,7.8,68.49,1,19,102,hello expedite shipping recent order please help resolve soon possible,102,10
TKT-3974,"Hello, How do I initiate a return for an online purchase This is affecting my work significantly.",Returns & Refunds,Medium,Email,Positive,Resolved,14.04,37.52,4,17,97,hello initiate return online purchase affecting work significantly,97,8
TKT-3975,"Hi, I was charged twice for my subscription this month Please let me know what steps I should take.",Billing & Payments,Medium,Email,Neutral,Escalated,24.07,49.85,2,19,99,charged twice subscription month please let know step take,99,9
TKT-3976,I cannot log in to my account after the update I need urgent assistance with this.,Technical Support,Medium,Chat,Negative,Resolved,60.28,136.94,4,16,82,cannot log account update need urgent assistance,82,7
TKT-3977,"Hi team, My account has been locked and I cannot access it Thank you for your help.",Account Management,Critical,Chat,Negative,Resolved,0.5,1.76,5,17,83,team account locked cannot access thank help,83,7
TKT-3978,"Good day, Can you explain the difference between basic and pro Please let me know what steps I should take.",Product Information,Medium,Email,Positive,Pending,70.01,181.01,4,20,107,good day explain difference basic pro please let know step take,107,11
TKT-3979,"Dear Support, What are the system requirements for your software This is affecting my work significantly.",Product Information,High,Email,Neutral,Resolved,1.2,12.53,3,16,105,dear support system requirement software affecting work significantly,105,8
TKT-3980,"Hi there, I want to change my username on the platform Please let me know what steps I should take.",Account Management,Critical,Chat,Negative,Resolved,0.63,7.04,5,20,99,want change username platform please let know step take,99,9
TKT-3981,"Hello, I want to return the product I bought last week Looking forward to your prompt response.",Returns & Refunds,Low,Web Form,Neutral,Resolved,4.63,11.38,5,17,95,hello want return product bought last week looking forward prompt response,95,11
TKT-3982,"Dear team, The courier left my package in the wrong location Please let me know what steps I should take.",Shipping & Delivery,High,Phone,Negative,Resolved,3.31,4.31,4,20,105,dear team courier left package wrong location please let know step take,105,12
TKT-3983,"Dear Support, How do I initiate a return for an online purchase I have been waiting for a while now.",Returns & Refunds,Low,Email,Neutral,Escalated,67.45,88.18,1,20,100,dear support initiate return online purchase waiting,100,7
TKT-3984,"Dear Support, The item I received is defective and I need replacement Looking forward to your prompt response.",Returns & Refunds,Medium,Web Form,Negative,Resolved,0.5,92.43,3,18,110,dear support item received defective need replacement looking forward prompt response,110,11
TKT-3985,"Dear Support, My account shows wrong subscription plan Please help me resolve this as soon as possible.",Account Management,High,Phone,Neutral,Pending,0.77,30.79,2,17,103,dear support account show wrong subscription plan please help resolve soon possible,103,12
TKT-3986,"Hi team, I sent the return package but got no confirmation I have been waiting for a while now.",Returns & Refunds,Low,Email,Negative,Resolved,16.81,144.6,3,19,95,team sent return package got confirmation waiting,95,7
TKT-3987,"Hi there, I need a refund for the payment made last week I need urgent assistance with this.",Billing & Payments,Medium,Web Form,Negative,Pending,18.43,56.51,3,18,92,need refund payment made last week need urgent assistance,92,8
TKT-3988,"Hi, Dashboard is not loading any data for me I have been waiting for a while now.",Technical Support,Low,Phone,Negative,Escalated,0.5,49.87,2,17,81,dashboard loading data waiting,81,4
TKT-3989,"Hi, Do you offer any educational or nonprofit discounts",Product Information,Medium,Email,Negative,Resolved,34.21,77.15,4,9,55,offer educational nonprofit discount,55,4
TKT-3990,"Hello, Error message appears every time I try to save Please help me resolve this as soon as possible.",Technical Support,Medium,Chat,Negative,Pending,0.5,2.29,2,19,102,hello error message appears every time try save please help resolve soon possible,102,13
TKT-3991,"Hi there, The payment gateway keeps showing an error This is affecting my work significantly.",Billing & Payments,Medium,Phone,Negative,Resolved,0.5,4.5,4,15,93,payment gateway keep showing error affecting work significantly,93,8
TKT-3992,"Dear Support, The delivery estimate keeps getting pushed further Looking forward to your prompt response.",Shipping & Delivery,Low,Phone,Positive,Resolved,33.52,155.82,5,15,105,dear support delivery estimate keep getting pushed looking forward prompt response,105,11
TKT-3993,"Hi there, My invoice shows incorrect amount, please fix it I have been waiting for a while now.",Billing & Payments,High,Email,Neutral,Escalated,0.97,5.06,3,18,95,invoice show incorrect amount please fix waiting,95,7
TKT-3994,"To whom it may concern, What is the data retention policy for your service Please let me know what steps I should take.",Product Information,Critical,Chat,Negative,Resolved,3.53,7.1,5,23,119,may concern data retention policy service please let know step take,119,11
TKT-3995,"Hi there, I sent the return package but got no confirmation I have been waiting for a while now.",Returns & Refunds,Medium,Email,Neutral,Pending,35.01,60.5,4,19,96,sent return package got confirmation waiting,96,6
TKT-3996,"To whom it may concern, What features are included in the premium plan Please let me know what steps I should take.",Product Information,Medium,Chat,Negative,Resolved,8.42,131.35,5,22,115,may concern feature included premium plan please let know step take,115,11
TKT-3997,Can I exchange the product for a different size,Returns & Refunds,Low,Chat,Negative,Resolved,2.59,168.35,4,9,47,exchange product different size,47,4
TKT-3998,I cannot find my billing history on the portal Please help me resolve this as soon as possible.,Billing & Payments,Low,Email,Negative,Pending,35.2,211.04,2,18,95,cannot find billing history portal please help resolve soon possible,95,10
TKT-3999,"Good day, The feature stopped working after the last update Looking forward to your prompt response.",Technical Support,High,Chat,Negative,Pending,4.79,5.79,3,16,100,good day feature stopped working last update looking forward prompt response,100,11
TKT-4000,"Hi, My account shows wrong subscription plan This is affecting my work significantly.",Account Management,Low,Phone,Neutral,Resolved,9.03,52.62,4,13,85,account show wrong subscription plan affecting work significantly,85,8
