machine_id,date,operating_hours_cumulative,daily_runtime_hours,temperature_C,vibration_mm_s,pressure_psi,rpm,current_A,failure_within_7_days,failure_event
1,2023-01-01,7.6,7.56,64.0,3.006,101.55,1505.0,10.46,0,0
1,2023-01-02,14.1,6.58,64.55,3.161,101.29,1504.8,11.25,0,0
1,2023-01-03,28.8,14.66,61.42,2.652,102.84,1516.8,10.93,0,0
1,2023-01-04,40.8,12.01,65.26,,100.58,1522.7,11.08,0,0
1,2023-01-05,53.9,13.08,61.88,2.573,101.62,1514.5,10.42,0,0
1,2023-01-06,60.1,6.21,64.74,2.955,103.88,1511.1,10.66,0,0
1,2023-01-07,75.8,15.7,64.43,3.28,102.88,1506.3,11.01,0,0
1,2023-01-08,90.1,14.32,61.41,3.053,103.13,1512.5,10.81,0,0
1,2023-01-09,98.2,8.12,61.46,3.007,101.66,1503.3,10.78,0,0
1,2023-01-10,106.1,7.82,65.18,3.251,100.78,1494.4,11.11,0,0
1,2023-01-11,113.9,7.83,64.96,2.845,103.03,1523.0,10.31,0,0
1,2023-01-12,122.9,9.04,62.86,3.016,103.25,1501.8,10.57,0,0
1,2023-01-13,134.2,11.25,62.86,3.037,103.2,1507.3,10.1,0,0
1,2023-01-14,144.5,10.32,64.26,2.872,102.53,1515.1,10.3,0,0
1,2023-01-15,153.4,8.91,63.73,2.886,101.35,1521.3,10.95,0,0
1,2023-01-16,165.5,12.12,64.8,2.869,104.76,1511.9,10.35,0,0
1,2023-01-17,172.9,7.39,64.22,2.964,102.8,1500.3,10.84,0,0
1,2023-01-18,181.9,8.92,65.33,3.033,102.15,1507.5,11.12,0,0
1,2023-01-19,191.5,9.66,64.72,2.969,102.15,1504.4,10.57,0,0
1,2023-01-20,202.1,10.56,64.47,3.057,102.47,1509.6,10.78,0,0
1,2023-01-21,215.9,13.85,63.39,2.655,103.39,1519.7,10.85,0,0
1,2023-01-22,223.9,8.0,63.32,2.918,102.51,1489.6,10.26,0,0
1,2023-01-23,235.1,11.14,63.69,2.797,103.18,1506.6,10.44,0,0
1,2023-01-24,247.0,11.92,65.59,2.996,102.47,1506.0,10.32,0,0
1,2023-01-25,253.5,6.46,63.34,2.994,102.21,1499.8,10.46,0,0
1,2023-01-26,265.5,12.08,64.01,2.933,102.96,1514.5,10.84,0,0
1,2023-01-27,273.2,7.71,61.5,3.027,102.92,1498.5,10.45,0,0
1,2023-01-28,279.9,6.65,64.42,3.1,102.15,1499.5,10.61,0,0
1,2023-01-29,295.4,15.49,66.0,2.942,101.57,1516.7,10.31,0,0
1,2023-01-30,311.0,15.66,62.81,2.793,102.66,1521.9,10.99,0,0
1,2023-01-31,325.1,14.08,66.92,2.714,102.4,1509.3,10.46,0,0
1,2023-02-01,334.2,9.05,63.93,2.956,101.77,1500.1,11.08,0,0
1,2023-02-02,341.1,6.98,61.17,2.987,101.48,1504.2,10.64,0,0
1,2023-02-03,354.0,12.84,63.36,2.805,102.73,1517.9,10.2,0,0
1,2023-02-04,364.4,10.4,65.08,3.06,102.87,1510.8,10.57,0,0
1,2023-02-05,371.6,7.22,65.74,2.882,101.96,1509.1,10.31,0,0
1,2023-02-06,382.6,10.95,64.46,2.702,101.74,1512.4,10.8,0,0
1,2023-02-07,388.9,6.34,65.31,3.139,101.49,1509.6,10.55,0,0
1,2023-02-08,404.0,15.09,62.57,3.122,102.7,1522.2,10.67,0,0
1,2023-02-09,412.6,8.59,63.07,2.648,101.52,1503.9,10.51,0,0
1,2023-02-10,425.2,12.63,62.07,2.866,104.56,1503.0,10.46,0,0
1,2023-02-11,434.3,9.12,63.14,2.86,101.91,1498.8,10.33,0,0
1,2023-02-12,445.5,11.2,64.51,3.197,99.89,1505.5,10.87,0,0
1,2023-02-13,457.0,11.47,63.96,2.936,102.29,1501.1,10.57,0,0
1,2023-02-14,464.8,7.85,64.61,2.726,102.25,1511.6,10.53,0,0
1,2023-02-15,480.5,15.7,62.81,3.083,103.43,1510.0,10.56,0,0
1,2023-02-16,494.3,13.75,62.87,2.766,102.61,1501.2,10.42,0,0
1,2023-02-17,509.7,15.39,63.95,2.912,101.49,1514.6,10.53,0,0
1,2023-02-18,524.6,14.95,63.14,2.835,102.03,1522.0,10.69,0,0
1,2023-02-19,536.6,11.98,65.05,2.867,102.65,1512.7,10.31,0,0
1,2023-02-20,551.8,15.22,63.12,3.091,100.16,1489.5,10.36,0,0
1,2023-02-21,558.7,6.88,63.25,3.179,103.66,1525.8,11.04,0,0
1,2023-02-22,566.7,7.96,64.16,2.76,101.49,1515.8,10.52,0,0
1,2023-02-23,573.1,6.45,63.36,3.045,103.74,1525.5,10.46,0,0
1,2023-02-24,582.4,9.25,62.51,2.841,102.71,1518.6,10.22,0,0
1,2023-02-25,592.3,9.89,62.65,2.845,102.95,1520.2,10.88,0,0
1,2023-02-26,601.0,8.71,64.28,3.024,103.47,1511.5,10.31,0,0
1,2023-02-27,615.3,14.29,62.39,2.797,102.89,1507.8,10.62,0,0
1,2023-02-28,624.8,9.57,65.14,3.021,102.99,1512.9,10.11,0,0
1,2023-03-01,633.6,8.81,63.06,3.06,102.16,1504.2,10.87,0,0
1,2023-03-02,645.1,11.43,64.36,2.886,102.69,1513.3,10.98,0,0
1,2023-03-03,652.5,7.41,63.11,3.15,101.73,1488.9,10.77,0,0
1,2023-03-04,666.5,14.02,62.83,2.76,101.98,1510.2,10.16,0,0
1,2023-03-05,673.2,6.75,63.99,3.153,104.28,1520.6,10.88,0,0
1,2023-03-06,689.1,15.87,64.8,2.659,101.51,1510.6,10.38,0,0
1,2023-03-07,702.8,13.72,63.5,3.356,102.47,1523.7,10.27,0,0
1,2023-03-08,710.8,7.99,63.68,2.89,102.43,1507.8,10.51,0,0
1,2023-03-09,716.9,6.06,64.55,2.776,102.01,1517.9,10.5,0,0
1,2023-03-10,731.0,14.15,64.59,2.916,102.83,1502.8,10.47,0,0
1,2023-03-11,744.1,13.07,63.71,2.794,102.91,1517.6,11.01,0,0
1,2023-03-12,757.4,13.29,63.3,3.009,101.39,1511.7,11.23,0,0
1,2023-03-13,771.1,13.71,63.83,3.156,102.42,1508.1,10.21,0,0
1,2023-03-14,777.8,6.74,63.55,2.802,101.24,1489.3,10.42,0,0
1,2023-03-15,787.4,9.58,64.06,3.038,103.11,1507.8,10.67,0,0
1,2023-03-16,794.6,7.16,62.55,2.721,102.5,1511.6,10.51,0,0
1,2023-03-17,809.2,14.63,64.02,3.106,102.4,1516.5,10.74,0,0
1,2023-03-18,821.5,12.23,63.03,3.013,102.98,1522.4,10.9,0,0
1,2023-03-19,830.8,9.31,64.65,3.112,102.04,1526.1,10.85,0,0
1,2023-03-20,837.4,6.64,63.07,2.932,103.23,1519.8,10.81,0,0
1,2023-03-21,846.5,9.11,63.09,2.885,101.37,1505.4,11.12,0,0
1,2023-03-22,855.8,9.25,64.19,,103.73,1507.4,10.15,0,0
1,2023-03-23,869.1,13.3,63.76,2.755,101.77,1515.8,11.07,0,0
1,2023-03-24,881.4,12.38,66.02,2.689,100.62,1514.0,10.5,0,0
1,2023-03-25,896.3,14.87,62.12,2.95,101.99,1522.9,10.86,0,0
1,2023-03-26,907.0,10.72,63.86,2.892,101.88,1529.7,10.32,0,0
1,2023-03-27,914.2,7.2,64.88,3.034,101.98,1528.0,10.35,0,0
1,2023-03-28,927.4,13.13,63.17,3.114,102.55,1521.8,10.82,0,0
1,2023-03-29,941.0,13.61,62.83,3.031,103.42,1514.1,10.05,0,0
1,2023-03-30,952.6,11.61,62.87,3.102,102.13,1520.7,10.92,0,0
1,2023-03-31,966.3,13.71,62.13,2.999,101.63,1523.2,11.0,0,0
1,2023-04-01,977.2,10.94,65.1,3.025,101.19,1508.7,10.68,0,0
1,2023-04-02,988.5,11.23,63.42,2.933,101.85,1505.6,10.67,0,0
1,2023-04-03,998.7,10.28,63.3,3.02,100.43,1503.7,10.37,0,0
1,2023-04-04,1005.0,6.25,61.62,2.976,101.59,1502.9,10.83,0,0
1,2023-04-05,1012.1,7.08,62.31,2.999,103.56,1498.8,10.73,0,0
1,2023-04-06,1018.4,6.31,65.21,2.926,101.5,1511.9,10.35,0,0
1,2023-04-07,1030.7,12.36,64.05,3.072,102.95,1501.9,10.51,0,0
1,2023-04-08,1039.9,9.14,64.91,2.844,101.09,1503.6,10.58,0,0
1,2023-04-09,1051.0,11.09,64.79,2.948,104.09,1515.5,10.51,0,0
1,2023-04-10,1066.0,15.08,62.74,3.147,104.16,1511.3,10.22,0,0
1,2023-04-11,1074.5,8.49,66.18,2.808,102.91,1513.3,10.83,0,0
1,2023-04-12,1084.6,10.1,65.7,2.626,104.31,1520.8,10.55,0,0
1,2023-04-13,1098.2,13.56,63.18,3.006,102.68,1516.8,10.63,0,0
1,2023-04-14,1106.5,8.29,60.18,2.912,103.09,1522.0,10.45,0,0
1,2023-04-15,1113.3,6.77,63.39,3.102,103.58,1510.5,10.77,0,0
1,2023-04-16,1122.2,8.9,63.98,2.931,102.5,1522.8,10.68,0,0
1,2023-04-17,1129.8,7.61,63.18,2.86,100.77,1512.7,10.99,0,0
1,2023-04-18,1145.1,15.3,63.52,2.939,103.11,1511.2,10.77,0,0
1,2023-04-19,1159.1,14.08,62.92,3.115,101.85,1521.6,10.56,0,0
1,2023-04-20,1171.5,12.33,64.67,3.037,101.92,1502.9,10.4,0,0
1,2023-04-21,1186.2,14.71,63.81,2.586,102.62,1526.1,10.88,0,0
1,2023-04-22,1200.2,14.04,64.7,2.979,102.89,1507.6,10.54,0,0
1,2023-04-23,1208.1,7.87,64.97,2.986,102.47,1500.1,10.57,0,0
1,2023-04-24,1223.0,14.93,61.57,2.948,102.96,1515.1,10.57,0,0
1,2023-04-25,1234.4,11.39,62.97,2.859,101.61,1506.8,10.5,0,0
1,2023-04-26,1248.5,14.07,63.12,3.13,102.28,1526.1,10.58,0,0
1,2023-04-27,1263.4,14.96,66.32,3.137,103.17,1506.4,11.2,0,0
1,2023-04-28,1272.6,9.18,63.89,2.62,104.09,1512.4,10.31,0,0
1,2023-04-29,1279.7,7.1,64.56,2.831,,1498.5,10.38,0,0
1,2023-04-30,1288.0,8.28,61.86,2.929,102.75,1516.4,11.04,0,0
1,2023-05-01,1298.3,10.27,63.89,3.093,103.16,1503.6,10.51,0,0
1,2023-05-02,1312.5,14.18,64.72,2.956,104.3,1515.4,10.49,0,0
1,2023-05-03,1327.1,14.61,64.61,2.848,101.65,1506.4,10.93,0,0
1,2023-05-04,1333.1,6.07,64.37,,102.95,1493.5,10.2,0,0
1,2023-05-05,1344.2,11.11,63.76,2.919,103.09,1510.9,10.87,0,0
1,2023-05-06,1354.4,10.17,63.81,2.933,103.77,1510.6,10.64,0,0
1,2023-05-07,1362.6,8.22,62.05,2.947,101.18,1516.9,10.76,0,0
1,2023-05-08,1369.8,7.2,62.84,3.037,101.38,1522.3,10.76,0,0
1,2023-05-09,1379.2,9.38,63.98,2.904,102.34,1525.2,10.44,0,0
1,2023-05-10,1394.6,15.43,63.03,3.054,102.7,1516.8,10.94,0,0
1,2023-05-11,1403.9,9.23,64.43,2.94,103.44,1512.1,10.46,0,0
1,2023-05-12,1415.1,11.19,64.21,2.791,102.84,1498.4,10.75,0,0
1,2023-05-13,1428.1,13.03,65.11,2.945,102.17,1511.5,11.0,0,0
1,2023-05-14,1437.7,9.64,64.7,2.798,102.74,1511.6,11.04,0,0
1,2023-05-15,1453.4,15.72,63.97,2.957,102.62,1508.3,10.54,0,0
1,2023-05-16,1469.1,15.62,64.49,3.075,,1514.9,10.76,0,0
1,2023-05-17,1477.6,8.52,64.75,2.79,,1518.8,10.52,0,0
1,2023-05-18,1488.6,10.97,63.24,3.005,101.94,1503.3,11.38,0,0
1,2023-05-19,1497.6,9.01,,2.826,102.77,1503.2,10.86,0,0
1,2023-05-20,1506.4,8.85,63.65,2.981,102.52,1508.8,10.65,0,0
1,2023-05-21,1512.8,6.37,63.27,3.08,100.75,1504.9,10.72,0,0
1,2023-05-22,1524.9,12.1,64.76,2.631,102.3,1496.7,10.75,0,0
1,2023-05-23,1535.9,11.03,63.12,2.784,102.22,1501.9,10.76,0,0
1,2023-05-24,1542.4,6.51,65.0,2.895,101.78,1500.0,10.55,0,0
1,2023-05-25,1551.2,8.79,,2.998,103.36,1519.5,10.51,0,0
1,2023-05-26,1566.3,15.08,64.22,2.926,101.53,1523.5,10.58,0,0
1,2023-05-27,1574.7,8.4,63.91,2.944,102.78,1501.1,10.28,0,0
1,2023-05-28,1582.1,7.45,62.77,3.257,102.17,1514.2,10.84,0,0
1,2023-05-29,1593.0,10.89,63.73,2.769,102.43,1516.9,10.38,0,0
1,2023-05-30,1608.9,15.86,64.08,3.121,102.73,1497.9,10.31,0,0
1,2023-05-31,1617.3,8.42,63.68,2.898,101.01,1511.2,10.62,0,0
1,2023-06-01,1630.0,12.72,62.4,3.033,102.51,1530.1,10.59,0,0
1,2023-06-02,1643.6,13.62,65.45,3.27,104.61,1515.3,10.7,0,0
1,2023-06-03,1652.0,8.38,63.83,3.054,100.76,1507.9,10.45,0,0
1,2023-06-04,1665.3,13.28,62.95,3.007,102.26,1505.4,10.51,0,0
1,2023-06-05,1675.0,9.68,65.37,3.191,103.44,1493.7,10.83,0,0
1,2023-06-06,1687.3,12.32,64.36,3.119,102.62,1513.6,10.81,0,0
1,2023-06-07,1699.6,12.34,62.55,2.831,103.01,1525.4,10.8,0,0
1,2023-06-08,1711.0,11.36,62.7,2.995,99.94,1503.4,10.63,0,0
1,2023-06-09,1717.9,6.9,63.52,2.693,102.92,1494.4,10.67,0,0
1,2023-06-10,1732.3,14.35,64.04,2.87,101.56,1504.6,10.69,0,0
1,2023-06-11,1741.5,9.21,64.37,2.998,102.63,1516.9,10.43,0,0
1,2023-06-12,1749.3,7.87,64.7,2.86,102.29,1506.4,11.07,0,0
1,2023-06-13,1755.7,6.41,64.28,2.992,104.6,1503.3,11.02,0,0
1,2023-06-14,1767.6,11.91,65.09,2.949,102.87,1510.0,10.86,0,0
1,2023-06-15,1780.4,12.78,63.87,3.031,102.21,1511.7,10.5,0,0
1,2023-06-16,1786.6,6.17,62.99,2.887,100.81,1498.8,10.79,0,0
1,2023-06-17,1797.7,11.12,63.74,2.81,102.44,1508.1,10.92,0,0
1,2023-06-18,1806.0,8.26,63.68,3.172,103.14,1505.9,10.26,0,0
1,2023-06-19,1818.4,12.45,61.17,2.876,102.24,1504.7,11.13,0,0
1,2023-06-20,1826.2,7.74,63.18,3.05,101.81,1501.7,10.1,0,0
1,2023-06-21,1839.1,12.91,65.17,3.36,101.06,1513.0,11.01,0,0
1,2023-06-22,1848.9,9.87,65.53,3.364,101.48,1495.8,11.42,0,0
1,2023-06-23,1864.3,15.37,66.42,3.405,101.02,1480.6,11.13,0,0
1,2023-06-24,1871.7,7.38,69.08,3.701,100.94,1494.2,11.29,0,0
1,2023-06-25,1881.1,9.41,68.36,4.075,97.9,1493.5,11.72,0,0
1,2023-06-26,1888.2,7.13,71.1,4.147,98.73,1476.9,12.25,0,0
1,2023-06-27,1903.5,15.25,70.16,4.13,97.4,1474.3,11.79,0,0
1,2023-06-28,1918.3,14.77,75.36,4.594,,1469.2,11.82,0,0
1,2023-06-29,1926.8,8.58,73.49,4.814,96.55,1467.1,12.1,0,0
1,2023-06-30,1939.4,12.6,74.49,4.84,95.87,1474.3,11.94,0,0
1,2023-07-01,1953.6,14.17,77.06,5.179,95.31,1460.1,12.85,0,0
1,2023-07-02,1965.2,11.55,76.61,5.318,93.04,1463.3,12.61,0,0
1,2023-07-03,1976.5,11.3,79.59,5.446,92.66,1444.4,12.88,1,0
1,2023-07-04,1984.9,8.42,79.61,5.476,94.21,1444.7,13.39,1,0
1,2023-07-05,1991.8,6.93,80.23,6.026,91.82,1450.9,13.19,1,0
1,2023-07-06,2006.8,14.97,81.23,6.172,91.66,1432.4,13.7,1,0
1,2023-07-07,2021.8,15.0,83.77,6.34,91.73,1442.5,13.34,1,0
1,2023-07-08,2034.1,12.33,83.9,6.679,90.45,1424.9,14.12,1,0
1,2023-07-09,2043.5,9.39,,6.783,89.85,1423.0,14.11,1,0
1,2023-07-10,2053.0,9.49,86.42,6.938,89.51,1434.5,14.16,0,1
1,2023-07-11,2066.3,13.26,63.88,2.619,100.2,1506.4,10.66,0,0
1,2023-07-12,2081.2,14.97,64.27,3.13,101.83,1511.0,10.24,0,0
1,2023-07-13,2096.1,14.87,63.63,2.963,102.79,1514.8,10.66,0,0
1,2023-07-14,2109.9,13.8,63.7,2.998,103.71,1511.7,10.58,0,0
1,2023-07-15,2122.3,12.42,62.63,2.999,102.39,1511.9,10.25,0,0
1,2023-07-16,2129.2,6.84,64.04,3.067,101.48,1509.4,10.42,0,0
1,2023-07-17,2136.8,7.62,62.03,3.119,101.5,1499.4,10.59,0,0
1,2023-07-18,2151.8,14.99,64.03,3.046,,1512.7,10.44,0,0
1,2023-07-19,2163.8,12.06,63.46,3.022,102.1,1504.0,9.9,0,0
1,2023-07-20,2169.9,6.09,64.12,2.985,102.31,1516.1,10.95,0,0
1,2023-07-21,2176.9,7.01,,2.448,102.93,1520.8,10.58,0,0
1,2023-07-22,2189.6,12.64,61.63,2.908,99.42,1495.4,9.94,0,0
1,2023-07-23,2195.6,6.05,63.39,2.809,104.32,1520.9,11.26,0,0
1,2023-07-24,2203.2,7.61,62.7,3.132,101.59,1506.6,11.0,0,0
1,2023-07-25,2214.7,11.49,61.96,3.044,102.56,1508.8,10.52,0,0
1,2023-07-26,2227.6,12.92,64.51,2.882,100.62,1502.6,10.37,0,0
1,2023-07-27,2240.1,12.52,65.35,2.897,101.9,1511.4,10.75,0,0
1,2023-07-28,2248.4,8.24,62.95,,103.56,1510.4,10.68,0,0
1,2023-07-29,2261.5,13.12,63.67,2.889,100.4,1518.5,10.79,0,0
1,2023-07-30,2269.9,8.37,63.44,2.734,103.45,1503.9,10.37,0,0
1,2023-07-31,2279.1,9.25,63.09,2.702,102.05,1523.2,10.95,0,0
1,2023-08-01,2292.6,13.46,64.41,2.955,102.81,1515.2,10.48,0,0
1,2023-08-02,2305.1,12.5,64.76,3.112,102.98,1510.6,10.83,0,0
1,2023-08-03,2319.6,14.49,62.88,2.87,102.76,1508.4,10.38,0,0
1,2023-08-04,2332.2,12.58,63.79,2.996,101.45,1507.4,11.42,0,0
1,2023-08-05,2343.9,11.68,65.03,3.061,101.96,1507.9,10.83,0,0
1,2023-08-06,2350.8,6.94,64.43,2.802,100.86,1511.2,11.49,0,0
1,2023-08-07,2360.5,9.68,64.58,2.948,102.81,1508.2,10.87,0,0
1,2023-08-08,2369.1,8.65,65.11,2.851,104.02,1504.7,10.46,0,0
1,2023-08-09,2377.6,8.44,65.1,3.192,100.5,1511.3,10.87,0,0
1,2023-08-10,2393.3,15.73,64.77,3.185,101.56,1503.2,10.89,0,0
1,2023-08-11,2403.2,9.93,63.89,2.802,102.14,1512.4,10.74,0,0
1,2023-08-12,2418.1,14.92,63.36,3.009,102.49,1508.1,10.81,0,0
1,2023-08-13,2430.4,12.31,63.85,3.111,103.2,1515.4,10.85,0,0
1,2023-08-14,2444.4,13.95,63.21,3.078,102.17,1517.8,10.33,0,0
1,2023-08-15,2455.4,11.03,61.79,2.963,102.0,1517.8,10.3,0,0
1,2023-08-16,2467.2,11.77,63.47,3.147,103.42,1512.4,10.39,0,0
1,2023-08-17,2478.1,10.93,64.1,2.815,102.98,1513.3,10.66,0,0
1,2023-08-18,2486.1,7.95,63.16,2.905,102.86,1507.3,10.56,0,0
1,2023-08-19,2499.3,13.22,63.55,2.819,102.43,1515.3,10.33,0,0
1,2023-08-20,2508.1,8.81,63.59,3.068,103.3,1516.2,10.86,0,0
1,2023-08-21,2514.3,6.24,65.1,2.863,101.66,1497.3,10.71,0,0
1,2023-08-22,2526.8,12.45,63.39,2.925,101.53,1512.9,10.67,0,0
1,2023-08-23,2534.6,7.77,65.1,3.043,103.07,1520.8,10.55,0,0
1,2023-08-24,2550.0,15.4,61.03,3.055,100.69,1507.0,10.51,0,0
1,2023-08-25,2565.5,15.54,65.09,2.815,102.41,1505.3,10.37,0,0
1,2023-08-26,2580.7,15.15,,3.109,102.0,1506.5,10.9,0,0
1,2023-08-27,2590.4,9.7,64.65,3.019,100.91,1497.8,10.41,0,0
1,2023-08-28,2596.5,6.15,61.73,2.788,101.39,1510.9,10.69,0,0
1,2023-08-29,2611.8,15.28,64.76,2.752,102.21,1510.1,11.12,0,0
1,2023-08-30,2622.1,10.28,63.7,2.948,103.35,1511.4,10.52,0,0
1,2023-08-31,2637.8,15.67,61.22,3.078,101.67,1513.2,10.91,0,0
1,2023-09-01,2653.4,15.64,65.04,3.082,103.53,1503.5,10.79,0,0
1,2023-09-02,2667.9,14.53,65.19,3.004,102.38,1512.1,10.72,0,0
1,2023-09-03,2676.9,8.94,61.84,2.958,103.63,1513.4,10.75,0,0
1,2023-09-04,2686.7,9.85,63.92,3.027,101.72,1506.0,10.6,0,0
1,2023-09-05,2701.2,14.51,65.13,2.822,102.27,1513.2,10.63,0,0
1,2023-09-06,2710.4,9.17,64.98,3.204,102.69,1510.5,10.46,0,0
1,2023-09-07,2718.1,7.69,64.58,3.202,102.14,1504.8,10.64,0,0
1,2023-09-08,2729.7,11.57,61.1,3.015,103.27,1512.1,10.45,0,0
1,2023-09-09,2745.0,15.36,64.47,2.98,100.11,1507.5,10.93,0,0
1,2023-09-10,2758.0,12.96,63.53,2.889,104.74,1515.4,10.11,0,0
1,2023-09-11,2769.7,11.7,64.74,3.03,103.18,1508.0,10.77,0,0
1,2023-09-12,2776.7,6.97,64.0,2.847,102.15,1499.5,10.73,0,0
1,2023-09-13,2788.8,12.15,63.73,2.617,101.77,1512.0,10.7,0,0
1,2023-09-14,2804.7,15.9,64.39,2.544,101.45,1511.7,10.93,0,0
1,2023-09-15,2812.1,7.4,63.57,2.831,102.97,1501.2,10.54,0,0
1,2023-09-16,2823.3,11.18,63.72,2.974,103.31,1515.9,10.7,0,0
1,2023-09-17,2838.1,14.77,63.19,3.001,102.16,1515.5,10.11,0,0
1,2023-09-18,2851.5,13.41,62.14,2.878,103.43,1502.9,10.5,0,0
1,2023-09-19,2864.4,12.97,64.31,2.972,101.41,1504.6,10.88,0,0
1,2023-09-20,2877.5,13.02,62.94,2.91,,1508.7,10.22,0,0
1,2023-09-21,2887.1,9.59,63.54,2.801,104.13,1503.8,10.67,0,0
1,2023-09-22,2896.0,8.94,64.03,2.943,102.91,1515.0,10.42,0,0
1,2023-09-23,2910.1,14.09,61.66,3.073,103.72,1511.1,10.59,0,0
1,2023-09-24,2924.2,14.1,61.88,2.808,101.47,1501.1,10.44,0,0
1,2023-09-25,2938.9,14.67,63.45,2.808,101.4,1503.3,10.25,0,0
1,2023-09-26,2954.0,15.13,64.2,2.79,101.96,1519.4,10.74,0,0
1,2023-09-27,2965.1,11.11,64.49,2.66,101.5,1522.2,10.61,0,0
1,2023-09-28,2976.1,11.02,62.15,2.879,103.03,1514.2,10.81,0,0
1,2023-09-29,2990.1,13.98,64.38,3.058,101.57,1508.2,10.86,0,0
1,2023-09-30,3002.6,12.5,63.5,2.977,101.15,1506.3,10.99,0,0
1,2023-10-01,3015.6,13.02,62.86,2.925,102.46,1514.3,10.66,0,0
1,2023-10-02,3029.6,13.96,63.1,2.97,101.03,1510.5,11.0,0,0
1,2023-10-03,3044.5,14.9,64.55,2.877,100.52,1497.0,10.33,0,0
1,2023-10-04,3053.9,9.38,64.02,2.659,102.45,1518.1,10.9,0,0
1,2023-10-05,3063.6,9.76,63.8,3.068,100.57,1520.6,10.76,0,0
1,2023-10-06,3070.6,6.94,63.99,3.111,103.1,1515.8,10.69,0,0
1,2023-10-07,3082.3,11.78,64.67,2.841,100.92,1501.1,10.76,0,0
1,2023-10-08,3088.7,6.36,63.65,2.928,100.08,1504.8,10.34,0,0
1,2023-10-09,3099.4,10.66,63.8,2.915,102.03,1495.0,10.27,0,0
1,2023-10-10,3110.8,11.43,64.88,3.003,102.46,1522.6,11.14,0,0
1,2023-10-11,3119.6,8.87,63.41,3.204,102.81,1507.0,10.57,0,0
1,2023-10-12,3131.6,11.91,64.36,3.125,102.49,1528.5,10.57,0,0
1,2023-10-13,3137.9,6.31,63.24,2.894,101.26,1525.5,10.29,0,0
1,2023-10-14,3144.2,6.37,63.33,3.032,103.03,1502.6,10.18,0,0
1,2023-10-15,3158.5,14.23,63.64,3.139,103.28,1504.2,10.6,0,0
1,2023-10-16,3168.1,9.6,64.26,3.012,101.11,1513.6,10.52,0,0
1,2023-10-17,3175.3,7.27,64.94,2.95,102.14,1495.8,10.62,0,0
1,2023-10-18,3186.6,11.22,63.84,3.018,102.05,1506.4,10.65,0,0
1,2023-10-19,3200.3,13.7,62.25,2.845,102.54,1505.6,11.37,0,0
1,2023-10-20,3208.4,8.16,64.38,2.867,102.12,1524.7,10.52,0,0
1,2023-10-21,3220.6,12.23,66.2,2.791,102.25,1511.2,11.1,0,0
1,2023-10-22,3227.5,6.85,63.85,2.997,102.96,1507.6,11.12,0,0
1,2023-10-23,3234.0,6.52,62.04,2.931,101.21,1504.8,10.85,0,0
1,2023-10-24,3245.3,11.31,63.92,2.827,103.06,1517.0,10.55,0,0
1,2023-10-25,3256.7,11.41,63.74,2.926,103.46,1505.9,10.22,0,0
1,2023-10-26,3269.1,12.37,63.66,3.021,103.95,1509.5,10.77,0,0
1,2023-10-27,3282.4,13.26,64.69,,100.18,1504.8,10.93,0,0
1,2023-10-28,3298.1,15.76,65.12,3.103,102.14,1497.7,11.15,0,0
1,2023-10-29,3309.3,11.16,64.43,2.608,100.35,1501.9,10.34,0,0
1,2023-10-30,3318.5,9.23,63.61,2.987,99.88,1505.9,10.55,0,0
1,2023-10-31,3332.5,13.95,64.87,3.165,102.46,1507.8,10.34,0,0
1,2023-11-01,3341.2,8.71,62.25,2.75,101.92,1508.1,10.43,0,0
1,2023-11-02,3351.6,10.39,63.03,3.033,102.62,1509.2,10.82,0,0
1,2023-11-03,3358.4,6.78,63.14,2.915,102.81,1506.0,10.42,0,0
1,2023-11-04,3364.6,6.25,63.71,3.123,103.57,1520.7,10.38,0,0
1,2023-11-05,3380.2,15.63,64.25,3.011,102.37,1517.4,10.86,0,0
1,2023-11-06,3394.6,14.36,63.54,2.818,105.24,1508.8,10.76,0,0
1,2023-11-07,3407.6,12.96,62.84,2.921,102.63,1511.9,10.73,0,0
1,2023-11-08,3417.6,10.09,64.72,2.929,104.16,1506.9,10.43,0,0
1,2023-11-09,3425.4,7.73,63.51,2.932,99.99,1487.1,11.01,0,0
1,2023-11-10,3432.9,7.56,63.85,3.119,103.67,1510.0,10.63,0,0
1,2023-11-11,3441.4,8.5,64.3,2.824,102.14,1512.3,11.34,0,0
1,2023-11-12,3452.9,11.49,63.78,3.101,100.37,1497.0,10.67,0,0
1,2023-11-13,3466.1,13.15,63.79,2.905,102.74,1513.9,9.92,0,0
1,2023-11-14,3478.7,12.6,64.78,2.984,102.02,1507.6,9.91,0,0
1,2023-11-15,3487.5,8.8,63.9,2.962,102.9,1512.6,10.81,0,0
1,2023-11-16,3503.0,15.55,64.61,2.947,103.33,1507.9,11.01,0,0
1,2023-11-17,3516.4,13.38,64.29,2.949,100.83,1519.9,10.39,0,0
1,2023-11-18,3528.0,11.54,65.76,3.169,103.33,1511.7,11.25,0,0
1,2023-11-19,3540.1,12.12,64.15,3.077,102.33,1517.9,11.12,0,0
1,2023-11-20,3550.3,10.2,64.38,2.896,103.67,1518.5,10.69,0,0
1,2023-11-21,3558.7,8.48,64.85,3.188,102.11,1500.9,10.79,0,0
1,2023-11-22,3568.3,9.56,63.81,2.992,101.85,1504.0,10.89,0,0
1,2023-11-23,3581.9,13.58,63.11,3.004,102.35,1513.5,11.19,0,0
1,2023-11-24,3588.0,6.14,63.27,2.825,102.42,1506.9,10.83,0,0
1,2023-11-25,3595.2,7.16,63.28,2.876,101.66,1508.0,10.68,0,0
1,2023-11-26,3601.6,6.46,62.8,2.847,101.82,1520.2,10.83,0,0
1,2023-11-27,3608.1,6.41,64.06,2.964,101.09,1507.4,10.79,0,0
1,2023-11-28,3622.6,14.55,63.12,3.047,101.89,1502.1,10.9,0,0
1,2023-11-29,3635.6,13.04,63.94,3.006,103.0,1503.2,10.15,0,0
1,2023-11-30,3646.4,10.74,63.59,3.189,102.18,1527.3,10.72,0,0
1,2023-12-01,3653.4,6.98,63.7,2.818,103.33,1508.4,10.76,0,0
1,2023-12-02,3664.3,10.92,64.3,2.968,102.13,1499.0,10.6,0,0
1,2023-12-03,3675.0,10.73,63.2,2.758,100.89,1495.7,10.86,0,0
1,2023-12-04,3682.7,7.73,64.38,2.812,102.92,1504.9,11.2,0,0
1,2023-12-05,3693.1,10.34,66.42,3.335,100.96,1503.9,10.84,0,0
1,2023-12-06,3703.1,9.99,66.3,3.27,100.72,1508.6,11.19,0,0
1,2023-12-07,3715.2,12.16,66.28,3.413,101.5,1503.4,11.64,0,0
1,2023-12-08,3727.6,12.35,67.56,3.408,98.42,1492.1,11.39,0,0
1,2023-12-09,3734.0,6.45,69.03,3.8,99.06,1484.0,11.25,0,0
1,2023-12-10,3743.8,9.75,69.79,4.085,98.17,1486.0,11.88,0,0
1,2023-12-11,3756.0,12.26,70.5,4.107,98.22,1464.8,11.21,0,0
1,2023-12-12,3767.1,11.03,72.75,4.465,97.69,1490.2,11.36,0,0
1,2023-12-13,3781.6,14.56,73.49,4.889,96.42,1475.2,12.33,0,0
1,2023-12-14,3794.2,12.59,75.0,4.787,95.11,1472.4,11.7,0,0
1,2023-12-15,3801.8,7.63,77.11,4.946,95.26,1452.5,12.19,0,0
1,2023-12-16,3808.6,6.71,76.79,5.113,95.43,1466.9,12.65,0,0
1,2023-12-17,3821.0,12.42,76.95,5.305,93.38,1448.5,12.73,1,0
1,2023-12-18,3827.2,6.27,78.84,5.75,,1440.1,13.08,1,0
1,2023-12-19,3839.1,11.86,81.12,5.872,92.43,1443.0,13.63,1,0
1,2023-12-20,3854.5,15.4,82.13,6.202,91.39,1438.4,13.55,1,0
1,2023-12-21,3866.3,11.75,83.08,6.556,89.33,1425.8,13.4,1,0
1,2023-12-22,3876.1,9.88,83.04,6.172,90.22,1422.8,14.24,1,0
1,2023-12-23,3888.6,12.43,85.53,6.698,87.95,1417.8,13.58,1,0
1,2023-12-24,3899.2,10.58,86.86,6.668,88.99,1413.4,14.26,0,1
1,2023-12-25,3910.6,11.46,63.05,3.069,101.52,1506.8,10.16,0,0
1,2023-12-26,3926.0,15.41,63.7,2.91,102.36,1498.8,10.7,0,0
1,2023-12-27,3935.9,9.86,65.77,2.955,102.71,1504.3,10.53,0,0
1,2023-12-28,3951.5,15.61,63.01,2.758,104.77,1518.2,10.95,0,0
1,2023-12-29,3966.6,15.05,,,103.06,1516.5,10.84,0,0
1,2023-12-30,3974.5,7.96,65.13,2.964,103.68,1501.5,10.45,0,0
1,2023-12-31,3981.2,6.69,64.88,3.154,104.19,1517.5,10.39,0,0
1,2024-01-01,3988.2,7.01,63.29,2.832,102.81,1494.1,10.53,0,0
1,2024-01-02,3994.4,6.18,63.63,2.868,102.61,1529.3,11.19,0,0
1,2024-01-03,4001.3,6.94,,3.092,101.25,1520.3,11.11,0,0
1,2024-01-04,4014.2,12.83,63.83,2.822,102.2,1505.4,10.33,0,0
1,2024-01-05,4020.9,6.71,,3.122,101.6,1512.9,10.86,0,0
1,2024-01-06,4030.1,9.19,63.2,2.949,101.92,1498.7,10.1,0,0
1,2024-01-07,4044.5,14.45,64.62,2.996,104.19,1510.3,10.49,0,0
1,2024-01-08,4050.8,6.23,64.21,3.006,102.43,1508.4,10.35,0,0
1,2024-01-09,4064.9,14.14,64.32,,101.44,1503.2,10.94,0,0
1,2024-01-10,4073.7,8.82,63.26,3.009,103.69,1506.1,10.24,0,0
1,2024-01-11,4080.9,7.18,63.39,2.835,103.28,1505.3,10.75,0,0
1,2024-01-12,4093.9,12.97,61.9,2.875,103.33,1500.8,10.62,0,0
1,2024-01-13,4106.2,12.29,63.18,3.035,100.31,1503.0,10.57,0,0
1,2024-01-14,4120.9,14.77,64.91,2.995,104.27,1498.3,11.13,0,0
1,2024-01-15,4134.3,13.35,62.82,2.939,101.76,1516.7,11.15,0,0
1,2024-01-16,4148.3,14.03,62.97,2.762,103.1,1502.4,10.58,0,0
1,2024-01-17,4157.1,8.82,64.39,2.799,104.84,1500.1,10.52,0,0
1,2024-01-18,4164.9,7.77,64.15,2.992,104.48,1516.6,10.17,0,0
1,2024-01-19,4178.4,13.51,64.44,3.061,101.34,1512.8,10.62,0,0
1,2024-01-20,4192.5,14.07,62.58,2.784,100.88,1516.3,11.21,0,0
1,2024-01-21,4208.4,15.91,66.31,2.825,103.75,1517.2,10.59,0,0
1,2024-01-22,4218.5,10.13,62.53,2.971,102.46,1525.4,10.84,0,0
1,2024-01-23,4228.2,9.72,63.9,2.968,101.82,1508.6,10.2,0,0
1,2024-01-24,4242.0,13.76,63.59,2.707,102.94,1498.2,10.49,0,0
1,2024-01-25,4251.4,9.41,62.56,2.975,102.16,1512.0,10.76,0,0
1,2024-01-26,4266.7,15.31,63.38,2.861,103.02,1504.5,10.66,0,0
1,2024-01-27,4281.3,14.58,63.77,3.197,102.39,1502.2,10.87,0,0
1,2024-01-28,4291.6,10.29,63.1,2.988,103.04,1510.7,10.44,0,0
1,2024-01-29,4305.1,13.51,64.68,3.014,101.43,1516.8,10.1,0,0
1,2024-01-30,4318.6,13.55,63.58,3.018,103.74,1503.2,10.96,0,0
1,2024-01-31,4325.7,7.03,62.4,2.769,103.02,1520.1,10.34,0,0
1,2024-02-01,4340.7,15.03,62.32,3.242,102.97,1501.9,10.78,0,0
1,2024-02-02,4351.8,11.05,64.35,2.707,101.2,1507.9,10.76,0,0
1,2024-02-03,4366.0,14.26,62.26,3.07,104.02,1513.0,10.12,0,0
1,2024-02-04,4375.2,9.2,64.06,3.044,102.31,1506.8,10.94,0,0
1,2024-02-05,4390.2,14.96,64.19,2.879,103.05,1495.7,10.45,0,0
1,2024-02-06,4400.1,9.89,62.75,3.051,102.0,1517.3,10.64,0,0
1,2024-02-07,4406.2,6.11,,2.903,102.58,1504.9,10.52,0,0
1,2024-02-08,4421.2,15.05,62.03,2.849,102.62,1515.8,11.11,0,0
1,2024-02-09,4428.1,6.91,64.04,3.021,99.5,1499.8,11.03,0,0
1,2024-02-10,4437.3,9.19,63.7,2.8,102.9,1501.1,10.08,0,0
1,2024-02-11,4452.8,15.5,63.63,2.917,104.29,1516.8,11.3,0,0
1,2024-02-12,4468.3,15.51,62.57,2.862,102.86,1512.6,10.42,0,0
1,2024-02-13,4480.1,11.73,62.81,2.9,101.36,1506.4,11.25,0,0
1,2024-02-14,4492.4,12.32,65.36,3.016,102.97,1512.7,10.55,0,0
1,2024-02-15,4502.9,10.48,64.96,2.862,103.38,1502.2,10.52,0,0
1,2024-02-16,4511.8,8.93,64.49,2.922,102.83,1510.7,10.55,0,0
1,2024-02-17,4521.1,9.29,64.69,2.875,102.25,1510.9,10.5,0,0
1,2024-02-18,4533.8,12.73,64.59,3.167,102.08,1506.9,11.38,0,0
1,2024-02-19,4547.3,13.52,63.42,3.002,102.07,1503.2,10.6,0,0
1,2024-02-20,4561.3,13.92,63.79,2.984,103.02,1510.4,10.53,0,0
1,2024-02-21,4575.2,13.9,62.27,3.053,100.91,1509.4,10.65,0,0
1,2024-02-22,4582.1,6.91,63.66,2.862,101.95,1506.1,10.33,0,0
1,2024-02-23,4593.0,10.94,64.93,3.08,103.92,1501.6,11.1,0,0
1,2024-02-24,4599.6,6.58,63.08,3.003,103.95,1510.0,10.18,0,0
1,2024-02-25,4611.1,11.5,64.77,2.717,100.84,1506.2,10.44,0,0
1,2024-02-26,4621.5,10.42,63.84,2.737,101.19,1501.6,10.91,0,0
1,2024-02-27,4636.4,14.88,62.36,2.865,102.05,1510.2,10.64,0,0
1,2024-02-28,4645.9,9.51,62.64,2.753,103.21,1522.7,10.79,0,0
1,2024-02-29,4653.1,7.17,64.66,2.915,100.49,1506.9,11.08,0,0
1,2024-03-01,4660.5,7.43,64.3,2.799,102.27,1521.8,10.93,0,0
1,2024-03-02,4674.1,13.62,63.85,2.936,101.85,1526.8,10.67,0,0
1,2024-03-03,4686.3,12.18,63.47,3.162,103.65,1502.2,11.25,0,0
1,2024-03-04,4693.3,7.01,63.96,2.943,100.64,1509.9,10.44,0,0
1,2024-03-05,4700.1,6.84,64.63,2.905,102.41,1526.7,10.59,0,0
1,2024-03-06,4713.1,13.01,65.22,3.009,101.93,1508.9,10.61,0,0
1,2024-03-07,4719.9,6.73,65.27,2.846,103.79,1510.2,10.59,0,0
1,2024-03-08,4734.1,14.22,64.12,3.077,102.92,1496.5,10.3,0,0
1,2024-03-09,4747.2,13.06,63.57,3.025,101.73,1505.6,10.15,0,0
1,2024-03-10,4754.0,6.81,63.89,2.957,103.17,1514.3,10.75,0,0
1,2024-03-11,4760.8,6.85,64.27,2.974,101.93,1529.3,10.43,0,0
1,2024-03-12,4776.7,15.87,64.26,3.257,103.32,1508.3,11.2,0,0
1,2024-03-13,4786.4,9.74,65.05,3.092,102.08,1496.6,10.6,0,0
1,2024-03-14,4796.1,9.71,65.86,3.281,103.37,1498.6,10.55,0,0
1,2024-03-15,4810.3,14.13,63.54,3.031,102.76,1509.6,10.95,0,0
1,2024-03-16,4825.7,15.47,65.9,2.73,105.58,1519.3,10.74,0,0
1,2024-03-17,4841.6,15.86,64.92,2.911,102.27,1515.0,10.57,0,0
1,2024-03-18,4855.1,13.53,63.64,2.696,102.7,1513.5,10.43,0,0
1,2024-03-19,4864.9,9.76,65.24,3.03,101.84,1520.3,11.72,0,0
1,2024-03-20,4871.7,6.84,65.43,3.063,102.32,1504.1,10.73,0,0
1,2024-03-21,4885.5,13.77,63.29,2.818,99.62,1510.0,10.95,0,0
1,2024-03-22,4897.1,11.58,65.48,2.852,102.79,1505.7,10.32,0,0
1,2024-03-23,4907.3,10.24,64.82,2.973,103.66,1507.7,10.45,0,0
1,2024-03-24,4922.4,15.06,66.11,2.771,102.72,1501.8,11.26,0,0
1,2024-03-25,4929.5,7.11,63.32,2.76,101.01,1507.1,11.04,0,0
1,2024-03-26,4940.4,10.93,63.39,3.137,101.52,1509.6,10.76,0,0
1,2024-03-27,4946.5,6.11,61.72,2.968,99.89,1506.9,10.51,0,0
1,2024-03-28,4957.2,10.69,64.32,2.867,103.3,1508.6,10.55,0,0
1,2024-03-29,4963.8,6.56,64.12,2.697,101.31,1513.1,10.42,0,0
1,2024-03-30,4971.0,7.19,63.18,3.079,102.29,1519.8,10.28,0,0
1,2024-03-31,4978.1,7.18,63.66,2.848,102.17,1520.4,10.9,0,0
1,2024-04-01,4990.6,12.49,62.43,3.23,103.81,1516.0,10.79,0,0
1,2024-04-02,5004.1,13.46,64.94,3.08,102.41,1499.8,10.84,0,0
1,2024-04-03,5015.9,11.83,63.26,2.829,103.13,1507.0,10.52,0,0
1,2024-04-04,5031.6,15.62,,2.843,102.87,1507.7,10.7,0,0
1,2024-04-05,5041.3,9.75,63.57,3.209,103.68,1504.6,10.49,0,0
1,2024-04-06,5050.2,8.86,62.99,2.938,102.08,1512.6,10.41,0,0
1,2024-04-07,5064.8,14.69,63.33,2.874,104.19,1497.1,11.12,0,0
1,2024-04-08,5073.1,8.24,62.33,2.955,100.33,1523.4,10.66,0,0
1,2024-04-09,5088.7,15.63,64.23,2.873,103.18,1519.4,10.78,0,0
1,2024-04-10,5094.8,6.12,63.33,2.987,101.45,1513.7,10.87,0,0
1,2024-04-11,5110.5,15.7,64.88,2.939,101.83,1509.4,10.66,0,0
1,2024-04-12,5117.0,6.43,63.47,3.082,102.89,1519.7,10.7,0,0
1,2024-04-13,5131.9,14.91,65.13,2.892,102.88,1515.4,10.3,0,0
1,2024-04-14,5143.2,11.28,64.5,2.818,102.93,1518.7,10.36,0,0
1,2024-04-15,5159.1,15.93,63.77,2.898,100.93,1509.4,10.34,0,0
1,2024-04-16,5165.8,6.74,65.33,2.897,103.77,1524.2,10.81,0,0
1,2024-04-17,5177.4,11.54,64.7,2.939,101.42,1519.2,10.65,0,0
1,2024-04-18,5193.1,15.69,66.69,3.046,101.55,1513.9,10.36,0,0
1,2024-04-19,5204.3,11.23,63.34,3.038,102.96,1519.9,10.8,0,0
1,2024-04-20,5216.6,12.29,63.82,3.131,102.03,1506.5,10.79,0,0
1,2024-04-21,5229.5,12.96,65.31,2.829,102.63,1500.5,10.42,0,0
1,2024-04-22,5240.1,10.55,62.2,3.009,100.16,1512.4,10.62,0,0
1,2024-04-23,5252.4,12.28,65.06,3.06,102.6,1509.4,10.79,0,0
1,2024-04-24,5264.2,11.84,64.18,2.85,102.54,1508.3,10.37,0,0
1,2024-04-25,5279.2,15.01,62.86,,101.81,1519.6,10.79,0,0
1,2024-04-26,5285.7,6.45,62.38,2.688,100.25,1511.2,10.71,0,0
1,2024-04-27,5294.5,8.81,63.07,3.087,102.11,1512.0,10.32,0,0
1,2024-04-28,5310.0,15.5,61.46,2.918,102.28,1507.2,10.69,0,0
1,2024-04-29,5324.9,14.9,63.26,3.072,101.95,1516.9,10.73,0,0
1,2024-04-30,5335.4,10.56,64.37,,100.48,1515.5,10.44,0,0
1,2024-05-01,5347.6,12.2,63.27,2.923,103.91,1516.9,10.46,0,0
1,2024-05-02,5356.4,8.77,65.13,2.712,101.68,1505.9,10.32,0,0
1,2024-05-03,5364.3,7.88,65.41,2.738,102.1,1520.3,10.49,0,0
1,2024-05-04,5374.9,10.64,65.02,2.562,99.91,1524.6,10.62,0,0
1,2024-05-05,5384.5,9.53,63.98,2.866,103.91,1516.6,10.46,0,0
1,2024-05-06,5396.3,11.84,61.42,3.292,101.85,1503.4,10.18,0,0
1,2024-05-07,5403.1,6.78,63.04,2.758,102.42,1503.4,10.42,0,0
1,2024-05-08,5418.8,15.74,63.6,2.556,103.44,1506.9,10.5,0,0
1,2024-05-09,5434.7,15.86,62.85,3.095,101.64,1505.4,10.87,0,0
1,2024-05-10,5447.7,12.98,63.61,3.305,103.28,1509.3,10.8,0,0
1,2024-05-11,5459.0,11.36,65.36,2.995,100.26,1514.9,10.87,0,0
1,2024-05-12,5468.1,9.1,62.1,2.994,102.87,1512.2,10.4,0,0
1,2024-05-13,5482.3,14.14,65.56,2.904,103.89,1511.5,10.67,0,0
1,2024-05-14,5495.1,12.85,64.63,2.682,101.74,1507.9,9.9,0,0
1,2024-05-15,5502.7,7.63,64.01,2.733,103.44,1509.3,10.75,0,0
1,2024-05-16,5517.8,15.11,63.03,2.903,104.15,1516.2,10.81,0,0
1,2024-05-17,5532.1,14.23,62.87,2.874,102.07,1493.8,10.52,0,0
1,2024-05-18,5547.6,15.5,62.12,2.933,101.98,1509.8,10.71,0,0
1,2024-05-19,5560.8,13.26,65.46,3.075,101.42,1512.2,10.17,0,0
1,2024-05-20,5573.0,12.13,65.28,2.863,101.81,1516.1,10.38,0,0
1,2024-05-21,5583.1,10.18,62.34,3.078,101.5,1501.8,10.85,0,0
1,2024-05-22,5598.5,15.33,63.19,2.864,101.42,1501.4,10.78,0,0
1,2024-05-23,5613.1,14.66,64.18,3.106,103.52,1514.5,10.5,0,0
1,2024-05-24,5619.6,6.45,63.45,2.964,101.53,1494.6,10.87,0,0
1,2024-05-25,5625.8,6.26,61.83,2.885,102.58,1520.5,10.67,0,0
1,2024-05-26,5635.6,9.76,63.09,2.961,102.36,1511.7,10.47,0,0
1,2024-05-27,5649.7,14.11,65.7,2.907,103.82,1522.3,10.57,0,0
1,2024-05-28,5665.6,15.87,63.16,2.968,101.82,1501.2,10.49,0,0
1,2024-05-29,5673.1,7.5,63.58,3.064,102.7,1506.4,10.27,0,0
1,2024-05-30,5685.0,11.94,62.6,2.938,103.11,1490.6,11.0,0,0
1,2024-05-31,5694.8,9.81,64.33,2.895,103.81,1503.5,10.45,0,0
1,2024-06-01,5710.5,15.7,63.86,2.782,101.8,1508.4,10.37,0,0
1,2024-06-02,5725.0,14.42,63.0,3.038,101.7,1494.2,10.17,0,0
1,2024-06-03,5739.3,14.38,62.44,3.003,101.26,1506.7,9.83,0,0
1,2024-06-04,5750.0,10.69,65.15,2.773,104.56,1494.0,10.83,0,0
1,2024-06-05,5760.2,10.15,62.14,3.076,103.7,1507.8,10.86,0,0
1,2024-06-06,5768.9,8.73,64.25,2.771,102.28,1519.0,10.98,0,0
1,2024-06-07,5775.5,6.56,61.59,3.105,104.25,1509.6,10.58,0,0
1,2024-06-08,5790.1,14.65,64.45,3.054,102.22,1523.1,10.53,0,0
1,2024-06-09,5804.3,14.13,64.72,3.014,103.04,1516.2,10.47,0,0
1,2024-06-10,5820.3,16.0,64.84,2.894,102.33,1520.7,10.5,0,0
1,2024-06-11,5836.2,15.97,64.69,3.231,102.03,1499.3,11.14,0,0
1,2024-06-12,5847.8,11.55,67.54,3.501,101.24,1494.7,10.97,0,0
1,2024-06-13,5861.5,13.69,69.37,3.622,99.84,1499.3,11.27,0,0
1,2024-06-14,5876.9,15.45,67.85,3.627,100.67,1479.5,11.2,0,0
1,2024-06-15,5891.4,14.5,68.83,3.962,99.61,1491.4,11.91,0,0
1,2024-06-16,5899.9,8.47,70.54,4.286,99.24,1480.6,11.12,0,0
1,2024-06-17,5910.4,10.51,71.02,4.64,97.84,1489.4,11.51,0,0
1,2024-06-18,5917.7,7.29,71.98,4.474,95.93,1479.8,12.16,0,0
1,2024-06-19,5933.2,15.54,73.17,4.828,97.86,1478.7,12.75,0,0
1,2024-06-20,5945.3,12.06,76.53,5.063,95.2,1459.4,12.34,0,0
1,2024-06-21,5953.6,8.29,76.69,4.965,95.15,1469.4,12.33,0,0
1,2024-06-22,5966.3,12.72,76.55,5.549,94.73,1468.2,13.06,0,0
1,2024-06-23,5978.5,12.18,75.68,5.316,93.77,1451.9,13.04,1,0
1,2024-06-24,5988.0,9.58,77.7,5.791,93.64,1441.8,13.51,1,0
1,2024-06-25,5995.2,7.14,80.85,5.91,93.11,1437.5,12.91,1,0
1,2024-06-26,6007.9,12.72,79.33,6.067,91.13,1448.8,13.84,1,0
1,2024-06-27,6019.1,11.2,82.86,6.635,92.3,1455.9,13.19,1,0
1,2024-06-28,6032.8,13.72,,6.402,89.72,1422.1,13.75,1,0
1,2024-06-29,6044.0,11.2,84.87,6.594,89.64,1417.1,14.14,1,0
1,2024-06-30,6058.6,14.52,85.95,7.035,88.23,1428.5,14.25,0,1
1,2024-07-01,6070.1,11.52,63.87,3.065,101.65,1503.8,10.94,0,0
1,2024-07-02,6081.7,11.61,63.35,3.143,103.36,1518.0,10.08,0,0
1,2024-07-03,6096.4,14.77,63.32,2.968,105.44,1513.6,10.67,0,0
1,2024-07-04,6106.5,10.03,63.02,2.998,101.96,1509.7,10.98,0,0
1,2024-07-05,6113.8,7.34,64.23,3.236,103.54,1513.4,10.64,0,0
1,2024-07-06,6120.1,6.29,64.55,2.825,101.99,1512.9,10.28,0,0
1,2024-07-07,6133.7,13.55,62.53,2.935,102.31,1508.4,10.93,0,0
1,2024-07-08,6145.9,12.2,63.69,3.07,104.08,1495.8,10.43,0,0
1,2024-07-09,6158.9,13.04,63.94,2.921,101.25,1511.3,10.38,0,0
1,2024-07-10,6167.0,8.13,63.93,2.865,100.98,1522.5,10.34,0,0
1,2024-07-11,6174.4,7.36,63.91,3.043,102.23,1497.0,10.56,0,0
1,2024-07-12,6180.5,6.15,63.34,3.151,102.98,1502.1,10.68,0,0
1,2024-07-13,6190.0,9.51,64.02,2.93,102.78,1513.3,10.24,0,0
1,2024-07-14,6201.9,11.9,64.36,2.925,102.68,1510.2,10.3,0,0
1,2024-07-15,6211.9,9.92,63.89,2.854,102.35,1513.2,10.42,0,0
1,2024-07-16,6222.2,10.37,64.25,2.906,103.11,1504.3,10.34,0,0
1,2024-07-17,6237.3,15.04,64.74,3.113,99.41,1519.2,10.64,0,0
1,2024-07-18,6246.8,9.48,61.89,2.963,101.57,1510.2,10.73,0,0
1,2024-07-19,6257.9,11.14,,2.83,102.23,1515.4,10.69,0,0
1,2024-07-20,6271.7,13.84,64.09,2.99,103.02,1512.4,10.69,0,0
1,2024-07-21,6281.7,9.97,62.63,3.108,103.81,1511.3,11.13,0,0
1,2024-07-22,6293.9,12.22,64.55,2.866,101.43,1514.9,10.75,0,0
1,2024-07-23,6308.6,14.62,63.35,2.751,103.78,1511.4,10.86,0,0
1,2024-07-24,6324.1,15.5,63.48,3.279,101.87,1500.3,10.5,0,0
1,2024-07-25,6331.5,7.47,63.24,2.744,102.19,1518.6,10.91,0,0
1,2024-07-26,6346.8,15.27,64.05,2.897,102.9,1516.4,10.49,0,0
1,2024-07-27,6357.7,10.92,62.96,2.986,102.12,1493.0,10.75,0,0
1,2024-07-28,6366.3,8.58,64.65,2.91,103.43,1504.6,10.21,0,0
1,2024-07-29,6376.9,10.59,63.61,2.939,101.92,1518.2,10.67,0,0
1,2024-07-30,6392.7,15.8,63.38,3.037,,1495.3,10.33,0,0
1,2024-07-31,6403.6,10.93,64.5,2.592,103.37,1517.4,10.9,0,0
1,2024-08-01,6412.9,9.29,63.43,2.761,101.56,1508.7,10.89,0,0
1,2024-08-02,6425.2,12.33,64.69,2.957,102.57,1520.6,10.48,0,0
1,2024-08-03,6433.6,8.4,64.72,2.89,100.66,1509.9,11.24,0,0
1,2024-08-04,6440.4,6.76,62.41,2.97,104.14,1504.1,10.54,0,0
1,2024-08-05,6447.7,7.29,64.85,2.985,103.53,1512.3,10.14,0,0
1,2024-08-06,6455.0,7.28,62.28,2.633,105.07,1509.6,10.39,0,0
1,2024-08-07,6462.5,7.52,64.92,3.142,103.66,1503.4,10.31,0,0
1,2024-08-08,6469.9,7.39,65.77,2.876,101.19,1527.6,10.74,0,0
1,2024-08-09,6482.3,12.41,64.62,2.821,102.99,1502.1,10.25,0,0
1,2024-08-10,6490.1,7.82,61.59,2.982,101.4,1491.9,10.46,0,0
1,2024-08-11,6499.6,9.46,64.81,2.967,103.9,1522.5,10.72,0,0
1,2024-08-12,6514.5,14.97,65.99,3.13,101.22,1505.2,10.67,0,0
1,2024-08-13,6525.3,10.74,63.44,2.991,101.17,1507.5,10.62,0,0
1,2024-08-14,6537.9,12.68,63.71,3.124,100.71,1507.0,10.66,0,0
1,2024-08-15,6545.7,7.72,62.56,2.81,101.83,1505.3,10.51,0,0
1,2024-08-16,6553.6,7.92,64.06,2.972,101.63,1503.7,10.14,0,0
1,2024-08-17,6560.0,6.41,65.01,2.784,101.06,1501.9,10.51,0,0
1,2024-08-18,6567.7,7.69,64.44,2.965,104.31,1510.4,10.76,0,0
1,2024-08-19,6576.5,8.79,66.89,2.934,102.85,1506.6,10.58,0,0
1,2024-08-20,6584.2,7.77,63.78,2.927,102.73,1515.7,10.74,0,0
1,2024-08-21,6591.1,6.89,62.11,2.928,103.91,1513.7,10.45,0,0
1,2024-08-22,6598.3,7.21,63.92,3.061,102.58,1502.4,10.92,0,0
1,2024-08-23,6608.9,10.61,,2.71,101.57,1510.7,9.86,0,0
1,2024-08-24,6617.0,8.06,63.21,2.816,100.62,1506.5,10.67,0,0
1,2024-08-25,6626.6,9.64,65.37,2.945,101.51,1501.9,11.03,0,0
1,2024-08-26,6637.7,11.03,64.07,2.774,103.83,1515.4,11.07,0,0
1,2024-08-27,6650.6,12.9,63.92,2.958,101.06,1508.9,10.55,0,0
1,2024-08-28,6657.0,6.39,65.57,2.943,102.67,1506.6,10.23,0,0
1,2024-08-29,6671.0,13.99,63.47,2.74,103.35,1503.0,11.03,0,0
1,2024-08-30,6683.2,12.28,65.01,2.733,102.61,1501.6,10.61,0,0
1,2024-08-31,6690.1,6.82,63.87,2.557,102.72,1525.8,10.58,0,0
1,2024-09-01,6704.8,14.74,64.13,2.768,102.98,1512.5,10.36,0,0
1,2024-09-02,6720.0,15.21,62.53,2.953,102.7,1501.1,10.25,0,0
1,2024-09-03,6726.6,6.61,63.26,2.974,103.93,1512.2,10.79,0,0
1,2024-09-04,6735.4,8.77,62.35,2.981,101.28,1518.4,10.83,0,0
1,2024-09-05,6749.4,14.06,63.65,,102.56,1511.2,10.68,0,0
1,2024-09-06,6762.9,13.48,64.14,2.948,100.5,1520.9,10.39,0,0
1,2024-09-07,6770.8,7.85,62.64,3.01,100.25,1497.5,10.3,0,0
1,2024-09-08,6778.9,8.09,65.79,2.761,102.24,1493.9,10.19,0,0
1,2024-09-09,6788.6,9.7,64.02,2.969,102.86,1511.9,10.46,0,0
1,2024-09-10,6799.4,10.85,63.8,3.049,103.95,1512.1,10.32,0,0
1,2024-09-11,6811.6,12.18,64.52,2.877,104.74,1483.1,10.11,0,0
1,2024-09-12,6821.3,9.69,62.92,3.11,103.64,1504.9,10.82,0,0
1,2024-09-13,6831.9,10.63,63.91,2.881,103.05,1501.8,10.23,0,0
1,2024-09-14,6845.4,13.47,63.03,2.822,102.48,1498.7,10.92,0,0
1,2024-09-15,6851.8,6.37,65.3,3.034,100.79,1501.8,10.74,0,0
1,2024-09-16,6860.3,8.52,62.69,3.256,102.17,1514.6,10.71,0,0
1,2024-09-17,6873.4,13.13,63.81,2.964,103.61,1501.7,11.12,0,0
1,2024-09-18,6888.4,14.95,64.07,3.046,103.22,1502.0,10.24,0,0
1,2024-09-19,6899.5,11.12,64.14,2.874,101.03,1496.9,10.89,0,0
1,2024-09-20,6910.8,11.32,63.16,2.764,102.93,1520.0,10.53,0,0
1,2024-09-21,6917.9,7.07,62.85,2.976,102.85,1513.3,11.4,0,0
1,2024-09-22,6928.4,10.47,63.18,2.999,102.67,1489.9,10.51,0,0
1,2024-09-23,6939.7,11.33,64.27,2.897,102.29,1502.0,10.46,0,0
1,2024-09-24,6948.1,8.42,63.6,3.045,102.99,1514.1,10.75,0,0
1,2024-09-25,6956.8,8.69,64.54,2.853,103.02,1520.1,10.56,0,0
1,2024-09-26,6966.6,9.77,64.22,2.815,101.68,1516.6,10.4,0,0
1,2024-09-27,6972.8,6.2,61.47,,102.77,1507.0,10.33,0,0
1,2024-09-28,6982.0,9.22,63.99,3.111,102.13,1494.4,11.06,0,0
1,2024-09-29,6990.1,8.11,66.0,2.856,100.83,1516.8,10.28,0,0
1,2024-09-30,6999.4,9.27,65.07,3.209,101.76,1507.5,10.69,0,0
1,2024-10-01,7006.6,7.2,64.17,2.908,100.76,1510.4,10.94,0,0
1,2024-10-02,7021.5,14.91,62.69,2.963,103.3,1508.4,10.96,0,0
1,2024-10-03,7033.4,11.94,64.22,2.938,102.68,1499.0,10.44,0,0
1,2024-10-04,7046.2,12.79,64.49,3.029,101.96,1512.8,10.56,0,0
1,2024-10-05,7060.1,13.89,63.49,2.991,103.74,1511.7,10.5,0,0
1,2024-10-06,7071.1,10.98,64.06,2.989,102.39,1506.5,10.16,0,0
1,2024-10-07,7078.0,6.87,65.26,2.798,100.89,1513.6,10.79,0,0
1,2024-10-08,7089.3,11.37,62.89,2.697,101.88,1498.9,10.64,0,0
1,2024-10-09,7101.2,11.87,62.69,3.122,103.95,1507.7,11.06,0,0
1,2024-10-10,7114.6,13.45,64.44,2.869,101.65,1510.1,10.38,0,0
1,2024-10-11,7125.0,10.32,64.2,2.943,102.6,1496.0,10.95,0,0
1,2024-10-12,7132.2,7.28,64.77,3.0,103.06,1509.4,10.97,0,0
1,2024-10-13,7141.1,8.84,64.32,3.195,102.91,1515.7,10.64,0,0
1,2024-10-14,7150.7,9.63,63.18,2.975,104.77,1507.4,9.97,0,0
1,2024-10-15,7163.2,12.46,64.18,2.891,101.14,1509.6,10.47,0,0
1,2024-10-16,7174.9,11.71,62.6,2.872,101.24,1514.4,11.16,0,0
1,2024-10-17,7184.4,9.56,63.5,2.945,101.16,1506.8,10.71,0,0
1,2024-10-18,7200.3,15.87,64.25,2.814,102.02,1507.5,10.83,0,0
1,2024-10-19,7212.4,12.06,63.38,2.955,103.42,1500.5,10.6,0,0
1,2024-10-20,7220.7,8.37,66.21,2.943,101.29,1509.7,10.56,0,0
1,2024-10-21,7227.8,7.02,61.85,3.197,103.43,1507.2,10.06,0,0
1,2024-10-22,7235.3,7.53,63.2,2.938,102.36,1513.9,10.86,0,0
1,2024-10-23,7243.7,8.46,62.81,2.662,101.21,1514.4,10.95,0,0
1,2024-10-24,7251.3,7.61,63.05,3.352,100.57,1516.2,10.34,0,0
1,2024-10-25,7259.2,7.87,63.1,3.094,100.79,1505.8,10.57,0,0
1,2024-10-26,7268.1,8.85,62.42,3.263,101.65,1492.5,10.53,0,0
1,2024-10-27,7275.8,7.73,64.5,2.777,102.15,1515.8,10.75,0,0
1,2024-10-28,7290.8,14.97,63.2,2.917,,1513.3,10.46,0,0
1,2024-10-29,7297.6,6.8,63.91,3.052,103.12,1504.8,10.9,0,0
1,2024-10-30,7308.8,11.25,63.31,3.031,101.48,1514.3,10.65,0,0
1,2024-10-31,7318.9,10.1,63.05,2.997,102.73,1498.3,9.86,0,0
1,2024-11-01,7334.7,15.82,65.42,2.621,103.97,1518.1,10.76,0,0
1,2024-11-02,7341.9,7.12,64.67,2.694,104.19,1507.2,10.92,0,0
1,2024-11-03,7351.8,9.98,61.88,3.178,102.01,1503.2,10.28,0,0
1,2024-11-04,7367.5,15.69,61.77,3.205,103.28,1504.9,10.75,0,0
1,2024-11-05,7382.2,14.66,64.79,2.935,103.71,1508.0,11.17,0,0
1,2024-11-06,7396.4,14.17,63.23,3.159,100.81,1509.8,10.66,0,0
1,2024-11-07,7404.9,8.58,62.1,2.797,101.81,1510.3,10.97,0,0
1,2024-11-08,7412.6,7.71,64.79,2.832,104.54,1506.4,10.49,0,0
1,2024-11-09,7425.3,12.69,63.91,2.785,102.02,1511.5,10.62,0,0
1,2024-11-10,7440.6,15.29,64.0,2.823,99.39,1509.9,10.56,0,0
1,2024-11-11,7452.2,11.57,64.55,3.059,102.2,1504.7,10.51,0,0
1,2024-11-12,7463.9,11.72,62.44,2.821,103.44,1503.5,10.58,0,0
1,2024-11-13,7472.7,8.8,62.11,3.287,102.33,1514.7,10.13,0,0
1,2024-11-14,7486.4,13.69,65.33,3.02,103.04,1514.1,10.52,0,0
1,2024-11-15,7494.3,7.87,62.31,3.113,103.26,1510.3,11.03,0,0
1,2024-11-16,7503.5,9.24,,3.024,101.97,1517.3,10.33,0,0
1,2024-11-17,7513.8,10.25,62.72,3.133,101.8,1494.2,10.3,0,0
1,2024-11-18,7524.8,11.08,65.83,2.821,102.47,1505.4,10.64,0,0
1,2024-11-19,7533.3,8.42,64.24,3.168,102.5,1500.6,10.66,0,0
1,2024-11-20,7540.4,7.15,64.71,2.972,102.37,1527.9,10.74,0,0
1,2024-11-21,7552.5,12.11,63.94,3.132,102.42,1515.6,10.59,0,0
1,2024-11-22,7561.4,8.89,63.14,2.735,101.57,1509.2,10.65,0,0
1,2024-11-23,7573.2,11.81,64.38,2.978,103.07,1516.1,10.52,0,0
1,2024-11-24,7580.8,7.54,62.19,,102.92,1518.8,10.24,0,0
1,2024-11-25,7591.6,10.81,62.65,2.858,100.98,1518.7,10.6,0,0
1,2024-11-26,7602.9,11.33,64.48,2.998,101.93,1517.2,10.84,0,0
1,2024-11-27,7609.4,6.52,62.39,3.182,102.41,1507.8,10.78,0,0
1,2024-11-28,7618.8,9.37,63.56,,101.79,1505.9,10.1,0,0
1,2024-11-29,7626.1,7.34,63.6,,102.96,1502.2,10.7,0,0
1,2024-11-30,7632.8,6.63,63.22,2.782,102.25,1513.9,10.36,0,0
1,2024-12-01,7648.7,15.9,61.79,3.267,102.49,1508.6,11.04,0,0
1,2024-12-02,7657.9,9.22,63.12,3.068,101.92,1506.5,10.72,0,0
1,2024-12-03,7672.0,14.1,62.92,3.209,100.33,1506.1,10.89,0,0
1,2024-12-04,7680.5,8.55,63.91,3.052,100.27,1521.5,10.63,0,0
1,2024-12-05,7693.3,12.82,63.86,3.009,102.91,1517.5,10.6,0,0
1,2024-12-06,7706.9,13.6,64.12,3.07,102.59,1524.5,11.07,0,0
1,2024-12-07,7718.9,11.96,63.07,2.93,102.76,1514.1,10.92,0,0
1,2024-12-08,7729.6,10.72,64.27,2.708,102.45,1510.3,10.66,0,0
1,2024-12-09,7739.7,10.12,62.19,3.018,102.53,1509.7,10.56,0,0
1,2024-12-10,7749.2,9.49,61.92,2.837,103.29,1501.7,10.11,0,0
1,2024-12-11,7764.5,15.3,61.41,2.785,102.76,1499.8,10.72,0,0
1,2024-12-12,7778.8,14.31,63.25,3.046,103.36,1513.9,10.59,0,0
1,2024-12-13,7794.5,15.65,62.99,2.909,102.49,1502.4,10.79,0,0
1,2024-12-14,7801.7,7.24,64.53,3.105,102.02,1511.6,10.88,0,0
1,2024-12-15,7815.0,13.31,63.1,2.832,102.51,1518.8,10.99,0,0
1,2024-12-16,7830.4,15.38,65.13,3.074,100.8,1500.1,10.9,0,0
1,2024-12-17,7838.2,7.81,66.77,3.512,,1517.1,10.67,0,0
1,2024-12-18,7844.9,6.66,66.38,3.575,100.44,1488.6,10.51,0,0
1,2024-12-19,7858.3,13.41,68.47,3.506,99.74,1500.0,11.09,0,0
1,2024-12-20,7870.0,11.74,70.28,3.961,98.79,1491.1,11.92,0,0
1,2024-12-21,7884.5,14.42,69.15,4.338,96.82,1492.8,12.24,0,0
1,2024-12-22,7891.9,7.4,71.52,4.239,98.16,1469.9,11.8,0,0
1,2024-12-23,7905.8,13.95,71.92,4.594,97.67,1492.8,11.61,0,0
1,2024-12-24,7913.8,8.02,72.53,4.571,97.8,1468.5,12.03,0,0
1,2024-12-25,7921.5,7.64,73.28,4.873,95.91,1470.9,12.75,0,0
1,2024-12-26,7929.1,7.64,74.73,5.251,94.78,1472.6,12.41,0,0
1,2024-12-27,7943.3,14.15,77.09,5.314,93.08,1451.8,12.94,0,0
1,2024-12-28,7955.9,12.65,76.52,5.669,94.9,1458.8,12.99,0,0
1,2024-12-29,7967.1,11.23,78.69,5.734,92.97,1441.6,13.33,0,0
1,2024-12-30,7976.7,9.59,81.16,6.197,92.23,1454.5,13.84,0,0
2,2023-01-01,12.0,12.02,69.65,2.616,102.4,1499.6,10.79,0,0
2,2023-01-02,18.6,6.61,68.56,2.013,102.95,1489.0,10.91,0,0
2,2023-01-03,28.8,10.13,68.33,2.292,102.66,1497.9,10.81,0,0
2,2023-01-04,40.2,11.47,68.09,2.302,102.08,1487.0,11.2,0,0
2,2023-01-05,50.6,10.36,68.12,2.336,101.62,1483.9,11.03,0,0
2,2023-01-06,64.1,13.49,66.88,2.512,100.62,1503.0,10.79,0,0
2,2023-01-07,78.3,14.28,68.69,2.292,102.34,1505.3,10.86,0,0
2,2023-01-08,92.1,13.71,68.39,2.349,103.28,1492.0,10.88,0,0
2,2023-01-09,98.5,6.39,69.17,2.809,101.95,1484.9,10.92,0,0
2,2023-01-10,106.4,7.94,68.52,2.345,103.52,1479.4,10.25,0,0
2,2023-01-11,117.8,11.37,68.26,,100.08,1511.8,10.71,0,0
2,2023-01-12,133.1,15.35,67.55,2.437,100.45,1498.0,10.35,0,0
2,2023-01-13,147.5,14.35,68.5,2.279,102.46,1492.2,11.18,0,0
2,2023-01-14,161.9,14.43,69.16,2.254,101.87,1494.2,10.78,0,0
2,2023-01-15,170.9,9.03,67.28,2.361,102.92,1481.8,10.74,0,0
2,2023-01-16,181.2,10.29,68.51,,101.59,1502.0,11.06,0,0
2,2023-01-17,191.9,10.71,68.66,2.233,100.74,1513.1,10.92,0,0
2,2023-01-18,199.5,7.57,67.71,2.299,101.39,1490.8,10.46,0,0
2,2023-01-19,205.8,6.31,67.84,2.406,100.07,1516.1,10.77,0,0
2,2023-01-20,221.3,15.47,68.66,2.636,100.48,1496.2,10.7,0,0
2,2023-01-21,229.7,8.41,67.29,2.289,102.58,1510.4,10.27,0,0
2,2023-01-22,238.1,8.4,68.78,2.431,102.48,1499.5,10.59,0,0
2,2023-01-23,244.9,6.83,67.53,2.118,101.97,1499.5,10.74,0,0
2,2023-01-24,260.2,15.29,69.49,2.521,,1511.8,10.76,0,0
2,2023-01-25,272.0,11.8,70.76,2.104,101.25,1503.3,10.35,0,0
2,2023-01-26,284.7,12.67,67.56,2.482,100.38,1500.1,11.14,0,0
2,2023-01-27,299.8,15.12,68.96,2.35,102.78,1481.6,10.77,0,0
2,2023-01-28,309.2,9.46,67.7,2.344,101.02,1485.0,10.81,0,0
2,2023-01-29,321.4,12.22,69.47,2.317,100.52,1500.8,10.92,0,0
2,2023-01-30,327.8,6.39,67.16,2.167,101.63,1508.8,10.56,0,0
2,2023-01-31,335.7,7.87,68.91,2.175,100.96,1498.1,10.93,0,0
2,2023-02-01,350.0,14.31,67.55,2.488,103.09,1492.4,10.69,0,0
2,2023-02-02,363.7,13.67,68.22,2.364,100.87,1482.4,10.53,0,0
2,2023-02-03,373.2,9.51,67.39,2.316,100.21,1490.8,10.97,0,0
2,2023-02-04,383.0,9.77,69.25,2.429,99.45,1498.1,11.24,0,0
2,2023-02-05,394.3,11.34,67.59,2.377,101.57,1490.2,11.01,0,0
2,2023-02-06,400.3,6.0,68.98,2.243,101.04,1489.4,11.07,0,0
2,2023-02-07,408.7,8.41,68.08,2.731,100.18,1496.7,10.64,0,0
2,2023-02-08,416.8,8.08,68.31,2.473,102.79,1508.7,10.32,0,0
2,2023-02-09,425.3,8.5,68.57,2.381,102.27,1502.6,11.24,0,0
2,2023-02-10,439.4,14.06,67.66,2.285,101.58,1499.4,11.41,0,0
2,2023-02-11,448.2,8.8,68.64,2.505,102.97,1498.6,11.26,0,0
2,2023-02-12,456.1,7.92,69.96,,102.27,1501.5,10.69,0,0
2,2023-02-13,467.1,11.04,67.65,2.231,100.78,1496.2,10.45,0,0
2,2023-02-14,481.8,14.66,69.6,2.616,100.57,1493.8,10.48,0,0
2,2023-02-15,490.2,8.41,69.92,2.367,102.42,1503.0,10.29,0,0
2,2023-02-16,497.0,6.79,67.61,2.248,102.0,1495.3,10.76,0,0
2,2023-02-17,506.5,9.56,66.97,2.363,101.77,1487.6,11.28,0,0
2,2023-02-18,520.0,13.48,68.73,2.49,100.76,1508.6,10.75,0,0
2,2023-02-19,531.5,11.51,67.88,2.455,102.21,1482.1,10.89,0,0
2,2023-02-20,545.7,14.17,70.29,2.508,100.85,1509.2,11.21,0,0
2,2023-02-21,561.3,15.6,68.46,2.175,101.5,1501.1,10.67,0,0
2,2023-02-22,575.2,13.93,67.62,2.505,103.05,1489.3,11.41,0,0
2,2023-02-23,587.2,12.04,67.28,2.335,100.94,1497.3,11.39,0,0
2,2023-02-24,598.2,10.93,69.52,2.376,100.03,1493.7,10.76,0,0
2,2023-02-25,604.6,6.4,67.85,2.544,100.55,1503.5,10.62,0,0
2,2023-02-26,620.4,15.84,68.47,2.468,102.6,1503.4,11.0,0,0
2,2023-02-27,630.3,9.83,69.38,2.415,101.86,1500.8,10.69,0,0
2,2023-02-28,637.8,7.52,67.94,2.065,101.48,1503.1,10.45,0,0
2,2023-03-01,650.4,12.67,68.38,2.355,101.1,1496.2,11.18,0,0
2,2023-03-02,659.3,8.84,68.41,,102.09,1511.2,11.16,0,0
2,2023-03-03,671.1,11.86,69.11,2.469,100.76,1506.9,10.84,0,0
2,2023-03-04,683.0,11.87,69.02,2.511,101.91,1493.3,10.42,0,0
2,2023-03-05,693.5,10.46,68.21,2.317,100.87,1503.6,10.43,0,0
2,2023-03-06,707.8,14.36,68.49,2.262,100.71,1502.9,10.83,0,0
2,2023-03-07,716.5,8.65,68.05,2.596,100.97,1495.0,10.65,0,0
2,2023-03-08,727.0,10.49,66.95,2.272,101.23,1494.4,10.69,0,0
2,2023-03-09,738.3,11.38,68.68,2.183,101.56,1506.8,11.1,0,0
2,2023-03-10,751.0,12.64,70.32,2.237,101.84,1497.0,11.02,0,0
2,2023-03-11,764.8,13.84,67.54,2.279,97.92,1499.2,11.21,0,0
2,2023-03-12,774.8,9.95,67.65,2.233,100.8,1508.3,10.5,0,0
2,2023-03-13,787.2,12.46,67.55,2.489,101.21,1517.3,10.69,0,0
2,2023-03-14,794.7,7.51,69.15,2.032,103.11,1492.9,11.02,0,0
2,2023-03-15,810.1,15.33,68.87,2.23,100.52,1495.3,10.93,0,0
2,2023-03-16,819.9,9.83,68.27,2.355,101.77,1497.7,11.26,0,0
2,2023-03-17,833.2,13.3,67.51,2.394,,1497.9,10.92,0,0
2,2023-03-18,839.4,6.2,68.52,2.616,100.29,1500.1,11.35,0,0
2,2023-03-19,847.4,8.05,66.86,2.594,102.0,1493.2,10.96,0,0
2,2023-03-20,858.3,10.87,68.57,2.122,100.8,1487.0,11.11,0,0
2,2023-03-21,873.1,14.78,69.3,2.076,101.1,1511.1,10.7,0,0
2,2023-03-22,884.4,11.27,67.17,2.366,100.8,1502.0,10.8,0,0
2,2023-03-23,899.7,15.3,66.89,2.261,100.87,1493.7,11.07,0,0
2,2023-03-24,910.5,10.84,70.0,2.183,104.33,1500.6,11.28,0,0
2,2023-03-25,921.4,10.9,67.81,2.365,102.45,1511.7,11.01,0,0
2,2023-03-26,928.6,7.2,69.56,2.397,102.71,1490.8,10.77,0,0
2,2023-03-27,942.6,14.03,68.27,2.236,102.1,1498.8,11.21,0,0
2,2023-03-28,951.1,8.47,68.26,2.269,100.0,1486.0,10.14,0,0
2,2023-03-29,966.1,15.0,68.86,2.248,102.0,1496.1,10.37,0,0
2,2023-03-30,981.2,15.11,67.54,2.3,102.68,1502.0,11.0,0,0
2,2023-03-31,996.6,15.43,68.56,2.443,100.75,1488.2,10.8,0,0
2,2023-04-01,1007.8,11.2,68.04,2.2,102.57,1495.6,10.98,0,0
2,2023-04-02,1020.6,12.77,67.11,2.266,102.31,1503.5,10.82,0,0
2,2023-04-03,1034.4,13.79,68.76,2.302,103.46,1501.8,10.97,0,0
2,2023-04-04,1041.7,7.31,68.16,2.361,101.19,1487.8,10.55,0,0
2,2023-04-05,1053.7,12.01,68.27,2.404,100.51,1500.1,10.97,0,0
2,2023-04-06,1060.1,6.34,67.22,2.669,101.24,1501.6,11.09,0,0
2,2023-04-07,1071.0,10.98,70.02,2.448,103.04,1497.9,11.16,0,0
2,2023-04-08,1078.6,7.55,69.3,2.452,99.78,1505.8,11.4,0,0
2,2023-04-09,1086.4,7.83,69.39,2.322,99.54,1492.4,10.87,0,0
2,2023-04-10,1096.1,9.65,68.12,2.215,101.69,1500.4,10.88,0,0
2,2023-04-11,1106.4,10.32,66.7,2.283,101.16,1487.8,10.34,0,0
2,2023-04-12,1118.6,12.23,70.38,2.256,101.61,1484.3,10.64,0,0
2,2023-04-13,1125.4,6.74,68.36,2.421,102.55,1503.3,10.74,0,0
2,2023-04-14,1136.4,11.04,67.68,2.114,101.05,1497.2,11.11,0,0
2,2023-04-15,1144.2,7.83,68.84,2.451,99.73,1493.4,10.61,0,0
2,2023-04-16,1156.0,11.74,69.59,2.345,103.65,1488.6,11.03,0,0
2,2023-04-17,1168.3,12.37,68.4,2.472,100.61,1503.7,10.8,0,0
2,2023-04-18,1179.9,11.57,69.7,2.254,100.55,1485.0,10.74,0,0
2,2023-04-19,1193.3,13.38,69.51,2.227,102.71,1505.0,10.87,0,0
2,2023-04-20,1202.6,9.36,67.35,2.301,101.22,1500.7,10.68,0,0
2,2023-04-21,1216.3,13.65,67.75,2.298,101.54,1485.4,10.67,0,0
2,2023-04-22,1226.6,10.33,69.38,2.483,102.09,1498.1,10.28,0,0
2,2023-04-23,1237.5,10.84,65.71,2.482,102.69,1518.3,10.72,0,0
2,2023-04-24,1249.9,12.48,68.28,2.648,101.27,1506.6,10.65,0,0
2,2023-04-25,1256.1,6.18,66.99,2.288,103.12,1490.5,10.64,0,0
2,2023-04-26,1268.7,12.54,67.95,1.86,99.47,1502.8,10.92,0,0
2,2023-04-27,1280.9,12.19,68.13,2.301,102.36,1485.8,10.99,0,0
2,2023-04-28,1290.0,9.1,68.07,2.397,100.77,1486.1,10.87,0,0
2,2023-04-29,1296.8,6.86,67.87,2.469,102.98,1496.5,11.09,0,0
2,2023-04-30,1303.7,6.91,67.33,2.408,101.75,1501.5,10.97,0,0
2,2023-05-01,1319.0,15.23,70.72,2.288,100.93,1503.6,10.71,0,0
2,2023-05-02,1331.8,12.89,70.29,2.619,102.27,1503.7,10.66,0,0
2,2023-05-03,1339.1,7.27,67.26,2.207,102.5,1501.0,10.89,0,0
2,2023-05-04,1348.7,9.57,70.01,2.321,102.25,1484.2,10.97,0,0
2,2023-05-05,1360.6,11.92,68.03,2.2,100.58,1496.6,11.22,0,0
2,2023-05-06,1375.0,14.36,68.55,2.365,101.12,1504.8,11.15,0,0
2,2023-05-07,1381.4,6.44,68.36,,101.6,1500.6,10.63,0,0
2,2023-05-08,1389.8,8.37,67.77,2.341,101.56,1498.5,10.77,0,0
2,2023-05-09,1404.7,14.9,69.41,2.342,102.35,1499.7,11.0,0,0
2,2023-05-10,1410.8,6.09,68.55,2.108,99.59,1499.6,11.12,0,0
2,2023-05-11,1418.8,8.01,67.95,2.319,101.94,1481.4,11.08,0,0
2,2023-05-12,1434.4,15.59,67.12,,101.31,1506.3,10.78,0,0
2,2023-05-13,1446.5,12.13,67.53,2.325,100.77,1496.2,10.42,0,0
2,2023-05-14,1455.1,8.62,66.78,2.315,100.86,1502.7,10.5,0,0
2,2023-05-15,1461.8,6.67,68.44,2.528,101.39,1478.6,10.88,0,0
2,2023-05-16,1468.1,6.28,67.23,2.315,98.0,1510.4,10.9,0,0
2,2023-05-17,1476.5,8.45,68.16,2.556,100.9,1487.8,10.47,0,0
2,2023-05-18,1491.3,14.81,69.8,2.169,100.73,1517.4,10.81,0,0
2,2023-05-19,1501.5,10.16,69.62,2.464,102.14,1514.0,10.99,0,0
2,2023-05-20,1514.7,13.2,68.39,2.609,100.8,1486.5,10.45,0,0
2,2023-05-21,1529.9,15.18,68.34,2.513,101.39,1503.6,11.13,0,0
2,2023-05-22,1540.0,10.08,70.31,2.082,103.15,1488.9,10.68,0,0
2,2023-05-23,1547.9,7.91,68.95,2.266,102.6,1492.0,11.17,0,0
2,2023-05-24,1559.0,11.17,69.23,2.463,101.63,1487.3,10.83,0,0
2,2023-05-25,1574.1,15.08,69.26,2.788,99.34,1490.9,10.88,0,0
2,2023-05-26,1588.2,14.04,72.21,2.574,99.5,1485.1,11.24,0,0
2,2023-05-27,1594.8,6.66,73.78,2.758,97.84,1468.0,11.54,0,0
2,2023-05-28,1607.7,12.93,73.45,2.807,97.0,1476.3,11.65,0,0
2,2023-05-29,1619.5,11.72,75.5,3.061,96.72,1466.3,11.9,0,0
2,2023-05-30,1634.5,15.07,75.98,3.134,94.84,1448.5,12.25,0,0
2,2023-05-31,1641.8,7.22,77.29,3.699,96.04,1454.7,12.3,0,0
2,2023-06-01,1653.1,11.34,76.12,3.499,93.51,1466.6,12.52,0,0
2,2023-06-02,1667.9,14.79,79.51,3.837,93.41,1445.3,12.22,0,0
2,2023-06-03,1678.0,10.1,81.84,3.873,93.36,1428.9,13.05,0,0
2,2023-06-04,1688.8,10.82,81.37,4.009,92.06,1445.2,13.1,0,0
2,2023-06-05,1695.5,6.7,83.18,4.056,88.73,1426.4,13.8,1,0
2,2023-06-06,1704.3,8.78,83.5,4.398,89.7,1430.7,13.23,1,0
2,2023-06-07,1713.6,9.25,85.75,4.443,89.23,1422.8,13.16,1,0
2,2023-06-08,1729.0,15.45,86.31,4.571,88.39,1433.4,14.09,1,0
2,2023-06-09,1737.8,8.83,86.71,4.605,85.5,1413.0,14.2,1,0
2,2023-06-10,1748.4,10.61,90.12,4.766,85.08,1400.4,13.99,1,0
2,2023-06-11,1761.2,12.71,90.84,5.056,,1400.9,14.02,1,0
2,2023-06-12,1768.8,7.62,90.44,5.14,83.21,1390.0,15.14,0,1
2,2023-06-13,1779.6,10.86,68.92,2.381,101.31,1495.4,11.22,0,0
2,2023-06-14,1793.0,13.39,68.96,2.249,103.18,1511.2,10.05,0,0
2,2023-06-15,1807.7,14.67,69.07,2.654,101.56,1507.1,10.66,0,0
2,2023-06-16,1820.0,12.26,66.73,2.29,100.88,1513.4,11.29,0,0
2,2023-06-17,1832.6,12.69,69.43,2.358,100.73,1500.9,10.65,0,0
2,2023-06-18,1839.9,7.26,67.86,2.334,101.94,1498.2,10.65,0,0
2,2023-06-19,1855.4,15.46,68.07,2.655,100.27,1489.1,10.71,0,0
2,2023-06-20,1862.7,7.33,71.06,2.319,101.36,1499.2,10.46,0,0
2,2023-06-21,1876.4,13.75,68.73,2.305,101.94,1496.0,10.28,0,0
2,2023-06-22,1885.1,8.65,68.04,2.38,102.9,1503.3,11.11,0,0
2,2023-06-23,1900.4,15.34,66.22,2.258,102.27,1488.1,10.24,0,0
2,2023-06-24,1913.6,13.2,69.82,2.379,100.89,1497.5,10.87,0,0
2,2023-06-25,1927.2,13.54,67.08,2.718,102.78,1484.5,11.06,0,0
2,2023-06-26,1935.4,8.19,67.42,2.407,101.31,1499.8,10.36,0,0
2,2023-06-27,1945.8,10.43,68.09,2.402,100.37,1502.5,10.52,0,0
2,2023-06-28,1958.0,12.18,69.84,2.254,101.43,1484.1,11.16,0,0
2,2023-06-29,1971.7,13.7,69.2,2.619,103.04,1486.4,10.96,0,0
2,2023-06-30,1978.7,7.04,68.27,2.653,,1486.7,10.61,0,0
2,2023-07-01,1994.3,15.62,68.73,2.49,101.62,1495.7,11.16,0,0
2,2023-07-02,2009.2,14.9,67.83,2.46,103.24,1485.9,11.16,0,0
2,2023-07-03,2017.9,8.7,68.57,2.327,100.17,1508.1,10.88,0,0
2,2023-07-04,2032.2,14.23,68.5,2.421,100.32,1500.6,10.53,0,0
2,2023-07-05,2043.3,11.18,69.39,2.237,99.99,1501.9,10.67,0,0
2,2023-07-06,2054.0,10.62,69.39,2.193,101.98,1484.4,10.88,0,0
2,2023-07-07,2063.1,9.14,68.92,2.139,101.77,1507.4,10.74,0,0
2,2023-07-08,2074.9,11.81,68.06,2.424,103.15,1502.3,11.08,0,0
2,2023-07-09,2088.2,13.3,69.17,2.155,101.85,1491.6,10.34,0,0
2,2023-07-10,2098.3,10.11,68.33,2.287,101.2,1484.7,10.35,0,0
2,2023-07-11,2110.6,12.29,67.34,2.353,101.61,1496.5,10.85,0,0
2,2023-07-12,2123.6,12.99,68.02,2.511,101.72,1493.4,10.65,0,0
2,2023-07-13,2136.7,13.11,68.51,2.275,99.93,1493.7,10.61,0,0
2,2023-07-14,2143.2,6.52,69.34,2.529,104.32,1491.4,10.27,0,0
2,2023-07-15,2157.8,14.6,68.24,2.503,102.12,1502.9,10.8,0,0
2,2023-07-16,2168.4,10.58,67.22,2.201,101.81,1476.3,10.78,0,0
2,2023-07-17,2177.0,8.62,68.48,2.531,102.22,1508.5,10.99,0,0
2,2023-07-18,2185.5,8.42,68.54,2.32,102.31,1505.1,10.82,0,0
2,2023-07-19,2196.3,10.83,68.61,2.287,101.46,1498.8,10.76,0,0
2,2023-07-20,2211.2,14.87,69.35,2.32,100.97,1495.9,11.15,0,0
2,2023-07-21,2220.9,9.78,69.44,2.362,102.2,1505.7,10.4,0,0
2,2023-07-22,2234.4,13.5,67.83,2.3,101.99,1496.7,10.96,0,0
2,2023-07-23,2241.4,6.97,67.81,2.236,100.79,1494.9,10.29,0,0
2,2023-07-24,2252.2,10.76,67.39,2.249,103.02,1506.2,10.54,0,0
2,2023-07-25,2268.1,15.92,69.12,2.383,101.9,1513.8,10.43,0,0
2,2023-07-26,2281.8,13.7,69.87,2.338,102.33,1489.3,11.03,0,0
2,2023-07-27,2289.9,8.11,68.11,2.441,103.0,1500.5,10.78,0,0
2,2023-07-28,2300.9,11.01,68.18,2.37,101.63,1488.4,10.79,0,0
2,2023-07-29,2309.2,8.34,69.89,2.374,101.92,1501.1,10.46,0,0
2,2023-07-30,2319.3,10.1,68.93,2.451,102.41,1490.9,10.71,0,0
2,2023-07-31,2333.1,13.8,68.86,2.575,100.88,1506.8,10.57,0,0
2,2023-08-01,2346.9,13.71,67.23,2.581,101.66,1496.3,10.91,0,0
2,2023-08-02,2355.1,8.28,69.1,2.563,101.73,1497.5,10.5,0,0
2,2023-08-03,2370.4,15.22,67.5,2.493,100.65,1510.1,11.19,0,0
2,2023-08-04,2382.3,11.93,67.29,2.675,103.92,1491.2,10.29,0,0
2,2023-08-05,2392.1,9.8,68.08,2.428,100.2,1502.6,10.55,0,0
2,2023-08-06,2403.1,11.02,67.84,2.411,100.31,1492.0,11.3,0,0
2,2023-08-07,2415.1,12.05,68.2,2.699,102.92,1506.7,10.67,0,0
2,2023-08-08,2426.7,11.6,66.98,1.953,102.32,1511.4,10.4,0,0
2,2023-08-09,2437.6,10.86,69.38,2.33,,1495.0,10.86,0,0
2,2023-08-10,2448.7,11.05,69.55,2.55,,1479.5,10.65,0,0
2,2023-08-11,2456.4,7.76,66.48,2.509,103.07,1491.6,10.54,0,0
2,2023-08-12,2470.6,14.13,69.4,2.747,101.57,1516.5,10.47,0,0
2,2023-08-13,2482.0,11.42,67.62,2.378,104.2,1492.3,11.63,0,0
2,2023-08-14,2489.3,7.31,69.28,2.298,99.88,1511.2,10.72,0,0
2,2023-08-15,2502.9,13.66,68.36,2.312,102.3,1492.2,10.22,0,0
2,2023-08-16,2518.3,15.32,68.45,2.41,102.77,1492.0,11.24,0,0
2,2023-08-17,2533.7,15.47,68.24,2.605,102.5,1503.3,10.98,0,0
2,2023-08-18,2543.4,9.69,69.64,2.607,101.4,1502.4,10.57,0,0
2,2023-08-19,2550.8,7.36,67.19,2.354,101.31,1503.9,10.52,0,0
2,2023-08-20,2562.0,11.18,69.03,2.4,102.05,1497.1,11.0,0,0
2,2023-08-21,2569.1,7.13,69.53,2.27,102.42,1505.4,10.72,0,0
2,2023-08-22,2584.4,15.34,69.14,2.286,102.21,1504.8,10.22,0,0
2,2023-08-23,2592.3,7.84,70.75,2.519,102.64,1506.3,11.33,0,0
2,2023-08-24,2600.8,8.53,67.9,2.603,100.59,1492.1,10.67,0,0
2,2023-08-25,2610.9,10.07,69.38,2.258,101.38,1505.4,11.24,0,0
2,2023-08-26,2620.7,9.83,68.32,2.399,100.66,1492.9,11.18,0,0
2,2023-08-27,2634.6,13.95,69.66,2.326,101.22,1495.8,10.5,0,0
2,2023-08-28,2645.2,10.56,68.42,2.492,102.62,1495.7,11.11,0,0
2,2023-08-29,2652.9,7.71,68.04,2.304,101.71,1489.1,10.6,0,0
2,2023-08-30,2661.6,8.67,69.73,2.073,104.21,1483.2,10.24,0,0
2,2023-08-31,2672.7,11.09,67.93,2.513,101.8,1506.9,10.67,0,0
2,2023-09-01,2680.2,7.47,67.01,2.317,101.66,1491.5,10.92,0,0
2,2023-09-02,2692.3,12.12,67.91,2.332,101.71,1494.9,10.66,0,0
2,2023-09-03,2703.9,11.66,69.04,2.428,100.97,1491.2,10.7,0,0
2,2023-09-04,2717.1,13.15,69.82,,101.55,1495.0,11.14,0,0
2,2023-09-05,2732.4,15.38,68.54,2.431,102.73,1493.0,10.83,0,0
2,2023-09-06,2747.6,15.12,69.74,2.118,101.72,1507.3,10.54,0,0
2,2023-09-07,2763.0,15.46,67.07,2.446,100.81,1492.4,11.01,0,0
2,2023-09-08,2771.5,8.45,67.98,2.076,100.68,1510.8,10.86,0,0
2,2023-09-09,2778.8,7.32,68.14,2.478,101.15,1506.2,10.04,0,0
2,2023-09-10,2787.8,9.02,68.31,2.53,101.68,1493.3,10.92,0,0
2,2023-09-11,2802.8,14.95,68.51,2.157,102.8,1499.6,10.91,0,0
2,2023-09-12,2818.5,15.72,69.12,2.411,100.26,1501.2,10.8,0,0
2,2023-09-13,2833.1,14.59,67.98,2.521,101.28,1503.8,11.06,0,0
2,2023-09-14,2840.2,7.1,68.56,2.295,101.75,1504.6,10.59,0,0
2,2023-09-15,2855.7,15.47,68.38,2.463,99.77,1498.6,10.9,0,0
2,2023-09-16,2865.9,10.23,67.5,1.944,100.77,1489.4,10.33,0,0
2,2023-09-17,2872.0,6.09,68.31,2.527,100.92,1502.2,10.92,0,0
2,2023-09-18,2882.4,10.42,68.28,2.367,100.81,1495.2,11.38,0,0
2,2023-09-19,2888.9,6.46,68.26,2.324,101.8,1474.8,10.5,0,0
2,2023-09-20,2900.3,11.44,68.46,,101.44,1500.2,10.57,0,0
2,2023-09-21,2909.7,9.39,68.5,2.622,101.05,1491.2,10.58,0,0
2,2023-09-22,2920.4,10.73,67.99,2.435,102.03,1493.4,10.83,0,0
2,2023-09-23,2932.6,12.13,69.7,2.603,103.33,1497.1,10.48,0,0
2,2023-09-24,2947.2,14.69,67.26,,103.24,1484.7,10.92,0,0
2,2023-09-25,2959.9,12.62,67.7,2.462,99.68,1498.2,11.05,0,0
2,2023-09-26,2970.2,10.34,71.21,2.342,102.18,1494.5,10.96,0,0
2,2023-09-27,2984.4,14.19,67.39,2.244,101.43,1490.1,10.27,0,0
2,2023-09-28,2999.5,15.06,67.07,2.073,101.76,1497.5,11.09,0,0
2,2023-09-29,3006.7,7.2,69.16,2.454,101.21,1483.6,11.08,0,0
2,2023-09-30,3018.0,11.32,66.35,2.493,101.72,1497.7,11.04,0,0
2,2023-10-01,3026.8,8.85,,2.563,101.76,1500.8,10.91,0,0
2,2023-10-02,3033.3,6.47,70.57,2.539,101.03,1499.5,10.86,0,0
2,2023-10-03,3046.0,12.69,66.88,2.246,100.71,1503.4,11.11,0,0
2,2023-10-04,3060.6,14.63,66.44,2.556,101.16,1506.4,11.37,0,0
2,2023-10-05,3068.2,7.63,66.93,2.572,101.84,1496.4,10.51,0,0
2,2023-10-06,3082.4,14.12,69.32,2.323,102.2,1505.8,11.12,0,0
2,2023-10-07,3096.9,14.53,69.55,2.366,102.46,1496.4,10.77,0,0
2,2023-10-08,3112.0,15.14,67.91,2.222,101.11,1491.5,10.76,0,0
2,2023-10-09,3120.7,8.65,69.11,2.584,101.89,1493.9,10.33,0,0
2,2023-10-10,3135.7,15.04,,2.135,102.57,1499.2,10.71,0,0
2,2023-10-11,3144.9,9.21,70.21,2.442,102.77,1505.8,10.5,0,0
2,2023-10-12,3156.5,11.52,68.18,2.273,101.55,1497.1,10.66,0,0
2,2023-10-13,3163.0,6.51,66.12,2.196,101.38,1491.7,10.47,0,0
2,2023-10-14,3169.4,6.44,67.6,2.081,101.8,1508.6,10.66,0,0
2,2023-10-15,3182.6,13.2,68.0,2.33,100.45,1485.6,10.67,0,0
2,2023-10-16,3193.0,10.44,68.17,2.172,101.41,1491.7,10.82,0,0
2,2023-10-17,3201.6,8.56,68.24,2.371,102.35,1504.2,10.31,0,0
2,2023-10-18,3209.5,7.9,69.54,2.628,102.25,1511.2,10.36,0,0
2,2023-10-19,3222.2,12.7,69.7,2.392,101.33,1500.9,10.9,0,0
2,2023-10-20,3228.2,6.0,68.25,2.662,101.82,1499.1,10.56,0,0
2,2023-10-21,3242.3,14.06,69.52,2.215,100.78,1494.8,11.12,0,0
2,2023-10-22,3249.1,6.79,68.78,2.17,102.31,1501.5,10.86,0,0
2,2023-10-23,3257.0,7.91,,2.208,101.53,1498.1,10.98,0,0
2,2023-10-24,3266.8,9.86,69.33,2.352,101.33,1491.0,11.22,0,0
2,2023-10-25,3277.7,10.85,68.5,2.771,,1494.6,10.7,0,0
2,2023-10-26,3287.2,9.55,70.48,2.113,101.54,1490.1,10.62,0,0
2,2023-10-27,3296.5,9.21,66.99,2.455,101.16,1497.2,11.06,0,0
2,2023-10-28,3312.1,15.64,67.91,2.257,102.26,1498.4,10.95,0,0
2,2023-10-29,3324.5,12.42,68.3,2.329,101.21,1510.2,10.74,0,0
2,2023-10-30,3330.7,6.23,68.86,2.173,103.2,1492.3,11.21,0,0
2,2023-10-31,3341.0,10.3,69.69,2.494,103.07,1495.6,10.73,0,0
2,2023-11-01,3355.8,14.75,68.4,2.356,100.71,1507.2,10.81,0,0
2,2023-11-02,3364.8,9.01,,2.525,101.67,1511.5,10.8,0,0
2,2023-11-03,3371.8,6.95,69.27,2.388,100.95,1500.9,10.52,0,0
2,2023-11-04,3385.3,13.58,69.18,2.072,101.28,1495.1,10.82,0,0
2,2023-11-05,3397.4,12.06,66.48,2.527,103.61,1493.3,11.21,0,0
2,2023-11-06,3409.1,11.7,68.42,2.06,101.3,1482.3,10.93,0,0
2,2023-11-07,3415.6,6.54,66.84,2.082,101.96,1489.7,10.81,0,0
2,2023-11-08,3423.0,7.4,67.76,2.225,102.15,1497.9,10.75,0,0
2,2023-11-09,3435.3,12.23,67.52,2.227,100.6,1495.6,10.89,0,0
2,2023-11-10,3443.3,8.08,69.23,2.572,100.75,1502.1,11.02,0,0
2,2023-11-11,3454.4,11.04,68.54,2.337,100.4,1495.5,10.98,0,0
2,2023-11-12,3465.8,11.45,67.14,2.549,100.72,1491.3,10.7,0,0
2,2023-11-13,3474.7,8.84,69.31,2.277,98.75,1499.8,10.89,0,0
2,2023-11-14,3490.2,15.48,66.99,2.41,102.15,1517.1,10.94,0,0
2,2023-11-15,3504.6,14.42,68.76,2.433,103.66,1494.5,10.49,0,0
2,2023-11-16,3517.8,13.22,67.61,2.467,101.75,1498.2,10.85,0,0
2,2023-11-17,3524.6,6.78,68.06,2.292,100.19,1503.9,10.15,0,0
2,2023-11-18,3531.6,7.06,,2.306,100.96,1492.5,10.94,0,0
2,2023-11-19,3542.6,10.93,68.95,2.317,101.15,1507.3,10.99,0,0
2,2023-11-20,3550.2,7.61,69.76,2.114,100.59,1484.4,11.02,0,0
2,2023-11-21,3566.0,15.78,68.34,2.35,102.46,1493.8,10.68,0,0
2,2023-11-22,3573.5,7.59,68.73,2.305,102.41,1494.6,10.89,0,0
2,2023-11-23,3584.4,10.87,67.99,2.449,100.45,1498.3,11.22,0,0
2,2023-11-24,3594.1,9.64,68.61,2.376,102.33,1481.3,11.22,0,0
2,2023-11-25,3606.5,12.39,68.87,2.563,103.13,1507.9,10.79,0,0
2,2023-11-26,3613.7,7.29,68.33,2.373,103.51,1500.4,10.84,0,0
2,2023-11-27,3624.1,10.3,66.62,2.278,104.47,1506.1,11.13,0,0
2,2023-11-28,3632.8,8.75,68.76,2.371,100.7,1510.0,10.35,0,0
2,2023-11-29,3647.7,14.88,68.79,2.471,104.43,1491.2,10.7,0,0
2,2023-11-30,3654.1,6.41,67.75,2.096,101.25,1477.1,11.2,0,0
2,2023-12-01,3669.2,15.14,67.14,2.255,101.01,1506.3,11.09,0,0
2,2023-12-02,3683.5,14.33,69.9,2.258,101.93,1494.8,10.91,0,0
2,2023-12-03,3692.5,8.98,68.92,2.424,,1488.0,10.34,0,0
2,2023-12-04,3706.4,13.89,68.2,2.441,102.0,1501.7,10.78,0,0
2,2023-12-05,3712.7,6.31,67.29,2.377,100.28,1516.8,10.62,0,0
2,2023-12-06,3728.4,15.67,67.6,1.99,101.37,1496.2,10.9,0,0
2,2023-12-07,3739.7,11.27,69.73,2.114,102.89,1504.7,10.55,0,0
2,2023-12-08,3748.7,9.03,68.56,2.326,101.55,1489.2,10.49,0,0
2,2023-12-09,3758.3,9.63,67.87,2.287,101.75,1483.6,10.18,0,0
2,2023-12-10,3765.0,6.66,68.94,2.363,102.08,1504.4,11.16,0,0
2,2023-12-11,3780.9,15.89,67.61,,102.78,1501.5,10.68,0,0
2,2023-12-12,3787.3,6.39,69.93,2.592,99.95,1493.4,10.84,0,0
2,2023-12-13,3799.8,12.55,69.78,2.018,102.19,1510.7,10.8,0,0
2,2023-12-14,3810.2,10.43,,2.408,101.34,1483.0,10.48,0,0
2,2023-12-15,3825.7,15.49,67.8,2.486,101.77,1487.2,10.42,0,0
2,2023-12-16,3834.2,8.46,65.81,2.467,102.66,1492.7,10.49,0,0
2,2023-12-17,3845.5,11.32,66.94,2.48,100.41,1494.2,10.58,0,0
2,2023-12-18,3856.3,10.82,67.09,2.502,100.59,1508.8,10.91,0,0
2,2023-12-19,3869.4,13.03,68.56,2.272,99.67,1497.5,10.56,0,0
2,2023-12-20,3876.1,6.68,68.1,2.197,101.06,1495.5,11.32,0,0
2,2023-12-21,3884.0,7.94,67.08,2.057,102.94,1486.9,11.1,0,0
2,2023-12-22,3892.1,8.15,68.14,2.308,101.48,1505.8,11.04,0,0
2,2023-12-23,3905.5,13.38,68.93,2.246,100.26,1488.0,10.76,0,0
2,2023-12-24,3913.4,7.89,68.95,2.536,101.12,1486.9,11.25,0,0
2,2023-12-25,3925.1,11.73,66.53,2.319,100.12,1493.9,10.73,0,0
2,2023-12-26,3933.3,8.15,68.3,2.208,100.48,1498.4,10.79,0,0
2,2023-12-27,3947.9,14.62,68.17,2.321,101.11,1486.5,11.04,0,0
2,2023-12-28,3963.3,15.42,71.59,2.935,98.67,1493.0,11.39,0,0
2,2023-12-29,3974.5,11.18,72.6,2.77,100.07,1480.2,11.57,0,0
2,2023-12-30,3984.0,9.52,72.05,2.794,98.01,1486.1,11.43,0,0
2,2023-12-31,3992.4,8.34,73.31,3.067,97.28,1476.8,11.61,0,0
2,2024-01-01,3998.9,6.5,74.75,3.47,96.04,1482.2,12.15,0,0
2,2024-01-02,4007.6,8.69,74.09,3.264,96.21,1459.5,12.37,0,0
2,2024-01-03,4020.1,12.54,77.81,3.562,95.33,1464.9,12.23,0,0
2,2024-01-04,4031.4,11.34,78.33,3.774,94.0,1439.0,12.07,0,0
2,2024-01-05,4046.9,15.44,80.71,3.45,93.35,1471.6,12.67,0,0
2,2024-01-06,4056.8,9.96,79.77,3.775,91.69,1449.9,13.12,0,0
2,2024-01-07,4069.8,12.94,81.38,4.167,91.57,1436.4,13.67,0,0
2,2024-01-08,4080.7,10.89,81.62,4.04,89.8,1431.8,12.96,1,0
2,2024-01-09,4091.8,11.13,83.26,4.344,89.26,1427.0,13.39,1,0
2,2024-01-10,4100.5,8.68,84.21,4.306,88.1,1438.9,13.59,1,0
2,2024-01-11,4111.0,10.55,87.52,4.49,87.04,1426.5,14.31,1,0
2,2024-01-12,4121.7,10.71,86.95,4.609,85.93,1410.9,14.09,1,0
2,2024-01-13,4134.8,13.07,88.91,4.926,86.2,1399.6,14.02,1,0
2,2024-01-14,4150.2,15.41,89.53,4.998,86.16,1414.3,14.65,1,0
2,2024-01-15,4159.5,9.29,89.78,5.12,85.14,1406.5,14.56,0,1
2,2024-01-16,4165.9,6.42,68.26,2.738,100.35,1502.7,10.43,0,0
2,2024-01-17,4176.9,10.96,69.02,2.623,102.89,1496.4,10.53,0,0
2,2024-01-18,4188.3,11.44,67.22,2.065,101.29,1494.7,11.32,0,0
2,2024-01-19,4196.0,7.68,69.23,2.296,102.21,1510.6,10.91,0,0
2,2024-01-20,4209.6,13.6,67.58,2.726,100.7,1511.3,10.83,0,0
2,2024-01-21,4225.5,15.85,,2.276,101.75,1502.2,10.72,0,0
2,2024-01-22,4240.9,15.46,68.96,2.675,101.92,1504.8,10.88,0,0
2,2024-01-23,4248.9,7.97,67.76,2.298,100.12,1499.0,10.88,0,0
2,2024-01-24,4263.7,14.75,68.46,2.327,102.21,1486.1,10.88,0,0
2,2024-01-25,4276.7,13.04,68.11,2.492,102.95,1489.2,10.83,0,0
2,2024-01-26,4287.2,10.54,68.55,2.349,101.43,1506.3,11.06,0,0
2,2024-01-27,4298.6,11.41,66.04,2.436,102.96,1507.3,10.8,0,0
2,2024-01-28,4313.1,14.5,66.6,2.598,101.42,1505.5,10.5,0,0
2,2024-01-29,4323.9,10.8,69.04,2.476,102.45,1499.9,10.61,0,0
2,2024-01-30,4333.7,9.73,69.46,2.383,99.39,1505.8,10.2,0,0
2,2024-01-31,4344.6,10.93,67.52,2.613,104.02,1496.6,11.4,0,0
2,2024-02-01,4356.4,11.79,68.18,2.494,103.1,1502.1,11.05,0,0
2,2024-02-02,4364.3,7.89,68.72,2.252,101.32,1495.4,10.55,0,0
2,2024-02-03,4379.3,15.01,69.12,2.659,99.63,1488.6,10.71,0,0
2,2024-02-04,4392.0,12.74,66.4,2.459,101.89,1504.0,10.6,0,0
2,2024-02-05,4404.4,12.33,67.54,2.33,100.16,1507.3,11.26,0,0
2,2024-02-06,4411.4,6.99,68.09,2.059,102.05,1516.9,10.37,0,0
2,2024-02-07,4423.4,12.04,69.13,2.156,102.02,1499.2,10.83,0,0
2,2024-02-08,4430.6,7.21,70.92,2.617,100.66,1488.7,10.76,0,0
2,2024-02-09,4437.4,6.79,68.2,2.623,102.73,1494.5,11.04,0,0
2,2024-02-10,4448.7,11.27,67.02,2.375,102.41,1496.0,10.76,0,0
2,2024-02-11,4458.7,10.03,68.83,2.097,102.58,1498.3,10.27,0,0
2,2024-02-12,4470.6,11.89,69.75,2.199,101.61,1500.8,10.72,0,0
2,2024-02-13,4477.5,6.89,68.53,2.119,100.19,1500.0,10.5,0,0
2,2024-02-14,4487.8,10.31,67.52,2.113,102.58,1503.3,10.82,0,0
2,2024-02-15,4495.5,7.75,69.38,2.666,101.33,1498.7,11.23,0,0
2,2024-02-16,4511.4,15.87,69.09,2.671,100.21,1479.3,10.27,0,0
2,2024-02-17,4523.0,11.61,67.4,2.194,102.96,1498.9,10.56,0,0
2,2024-02-18,4535.9,12.87,68.81,2.361,103.7,1497.8,10.63,0,0
2,2024-02-19,4545.2,9.25,69.42,2.169,101.56,1501.5,10.68,0,0
2,2024-02-20,4552.1,6.95,69.61,2.36,103.76,1494.2,11.02,0,0
2,2024-02-21,4567.9,15.76,68.36,2.608,101.7,1498.9,10.74,0,0
2,2024-02-22,4576.7,8.86,68.07,2.524,101.22,1501.5,10.92,0,0
2,2024-02-23,4587.0,10.24,69.65,2.483,100.97,1495.8,10.61,0,0
2,2024-02-24,4599.5,12.5,67.22,2.333,103.24,1502.5,10.86,0,0
2,2024-02-25,4605.7,6.25,68.86,2.551,100.82,1497.6,11.03,0,0
2,2024-02-26,4619.8,14.1,67.06,2.459,102.34,1498.3,10.58,0,0
2,2024-02-27,4631.2,11.37,69.49,2.423,101.05,1473.7,11.03,0,0
2,2024-02-28,4640.0,8.78,68.17,2.345,101.14,1487.9,10.81,0,0
2,2024-02-29,4646.6,6.62,69.69,2.41,102.63,1488.0,11.11,0,0
2,2024-03-01,4654.2,7.62,68.92,2.405,101.22,1498.8,10.74,0,0
2,2024-03-02,4669.2,14.95,67.2,2.281,101.2,1507.3,10.91,0,0
2,2024-03-03,4682.0,12.86,69.85,2.246,102.74,1496.1,10.78,0,0
2,2024-03-04,4690.5,8.5,69.98,2.213,103.2,1503.9,10.77,0,0
2,2024-03-05,4697.2,6.66,69.31,2.222,102.25,1502.3,10.87,0,0
2,2024-03-06,4710.1,12.91,67.66,2.334,100.95,1498.2,10.96,0,0
2,2024-03-07,4721.8,11.72,68.12,2.309,101.09,1501.7,10.42,0,0
2,2024-03-08,4731.8,10.05,68.57,2.269,101.68,1499.0,11.23,0,0
2,2024-03-09,4741.5,9.64,67.72,2.258,101.93,1495.9,10.24,0,0
2,2024-03-10,4749.6,8.17,70.12,2.406,100.62,1500.2,10.59,0,0
2,2024-03-11,4762.3,12.7,68.57,2.569,102.33,1508.7,10.77,0,0
2,2024-03-12,4778.0,15.71,65.72,2.361,101.69,1500.9,10.92,0,0
2,2024-03-13,4785.8,7.76,68.76,2.351,99.89,1498.8,11.27,0,0
2,2024-03-14,4797.8,11.97,68.08,2.222,100.68,1490.1,10.24,0,0
2,2024-03-15,4808.0,10.24,68.35,2.329,101.1,1508.4,10.64,0,0
2,2024-03-16,4818.5,10.47,68.06,2.541,101.53,1485.8,10.16,0,0
2,2024-03-17,4827.0,8.54,69.23,2.518,103.49,1483.4,10.81,0,0
2,2024-03-18,4841.3,14.25,69.55,2.507,101.84,1500.1,10.88,0,0
2,2024-03-19,4852.1,10.85,68.71,2.503,100.76,1490.0,11.27,0,0
2,2024-03-20,4863.6,11.43,68.09,2.428,101.83,1505.8,10.83,0,0
2,2024-03-21,4872.6,9.05,68.38,2.422,101.25,1483.6,11.11,0,0
2,2024-03-22,4880.4,7.82,68.45,2.399,101.93,1504.8,10.97,0,0
2,2024-03-23,4887.3,6.86,67.62,2.3,102.19,1503.6,10.67,0,0
2,2024-03-24,4900.4,13.14,69.0,2.375,102.81,1498.0,10.37,0,0
2,2024-03-25,4908.4,7.96,68.89,2.395,101.58,1480.3,10.88,0,0
2,2024-03-26,4921.3,12.9,69.97,2.457,103.24,1483.3,10.35,0,0
2,2024-03-27,4931.2,9.9,69.68,2.377,102.51,1499.0,11.18,0,0
2,2024-03-28,4941.4,10.16,67.74,2.678,100.9,1495.2,10.75,0,0
2,2024-03-29,4952.0,10.69,69.25,2.181,103.81,1502.9,11.15,0,0
2,2024-03-30,4961.7,9.68,67.47,2.475,101.93,1496.5,10.65,0,0
2,2024-03-31,4968.7,7.01,69.12,2.356,100.77,1495.8,10.88,0,0
2,2024-04-01,4977.8,9.1,67.91,2.363,103.26,1477.7,10.86,0,0
2,2024-04-02,4990.5,12.64,67.4,2.24,103.68,1503.7,10.78,0,0
2,2024-04-03,5003.1,12.66,68.71,2.515,101.57,1491.9,10.67,0,0
2,2024-04-04,5012.0,8.86,65.75,2.46,101.1,1493.9,10.91,0,0
2,2024-04-05,5022.6,10.6,66.67,2.487,101.43,1488.5,10.52,0,0
2,2024-04-06,5030.5,7.93,68.25,2.388,102.32,1484.8,10.43,0,0
2,2024-04-07,5038.6,8.1,68.51,2.313,102.88,1508.9,11.17,0,0
2,2024-04-08,5044.9,6.23,68.06,2.352,102.18,1503.4,11.01,0,0
2,2024-04-09,5059.8,14.97,66.85,2.427,101.71,1503.6,10.82,0,0
2,2024-04-10,5067.9,8.11,67.61,2.061,103.1,1495.3,11.3,0,0
2,2024-04-11,5076.2,8.28,68.82,2.493,101.29,1483.2,10.72,0,0
2,2024-04-12,5085.0,8.8,69.01,2.726,102.64,1513.9,11.19,0,0
2,2024-04-13,5092.3,7.27,68.41,2.434,101.32,1500.5,10.85,0,0
2,2024-04-14,5104.7,12.39,69.58,2.32,102.04,1498.2,10.49,0,0
2,2024-04-15,5111.4,6.75,68.82,2.338,101.49,1494.2,11.35,0,0
2,2024-04-16,5118.8,7.34,67.68,2.468,101.55,1480.7,11.09,0,0
2,2024-04-17,5131.2,12.45,68.15,2.323,101.23,1506.2,10.76,0,0
2,2024-04-18,5140.6,9.4,67.02,2.492,102.95,1488.6,11.01,0,0
2,2024-04-19,5153.7,13.08,68.32,2.336,100.87,1501.5,10.67,0,0
2,2024-04-20,5165.3,11.57,69.54,2.619,100.86,1503.2,11.04,0,0
2,2024-04-21,5173.8,8.56,69.11,2.615,103.73,1499.8,10.08,0,0
2,2024-04-22,5186.3,12.51,69.83,2.313,102.58,1500.8,10.49,0,0
2,2024-04-23,5193.5,7.16,68.12,2.35,99.22,1507.9,11.09,0,0
2,2024-04-24,5204.9,11.36,69.77,2.359,101.04,1490.7,10.72,0,0
2,2024-04-25,5215.2,10.37,68.23,2.361,99.79,1498.4,10.86,0,0
2,2024-04-26,5223.9,8.68,69.9,2.22,100.65,1495.3,10.39,0,0
2,2024-04-27,5235.9,12.04,68.4,2.199,98.47,1482.4,11.35,0,0
2,2024-04-28,5250.7,14.71,69.13,2.55,101.47,1499.4,11.15,0,0
2,2024-04-29,5266.6,15.99,,2.526,100.46,1507.1,10.74,0,0
2,2024-04-30,5278.7,12.08,68.23,2.523,101.66,1508.1,10.67,0,0
2,2024-05-01,5288.8,10.05,68.64,2.352,99.98,1511.9,11.1,0,0
2,2024-05-02,5297.0,8.25,69.71,2.646,101.69,1482.9,11.39,0,0
2,2024-05-03,5305.6,8.57,68.29,2.359,101.19,1510.1,11.08,0,0
2,2024-05-04,5316.4,10.79,67.1,2.492,103.11,1498.6,11.45,0,0
2,2024-05-05,5326.1,9.67,70.57,2.154,103.02,1509.9,10.52,0,0
2,2024-05-06,5341.2,15.14,67.96,,102.39,1493.9,10.55,0,0
2,2024-05-07,5350.9,9.68,68.58,2.339,101.28,1492.8,10.44,0,0
2,2024-05-08,5360.6,9.73,69.58,2.352,103.59,1487.4,10.93,0,0
2,2024-05-09,5370.5,9.84,67.82,2.163,100.05,1503.3,10.85,0,0
2,2024-05-10,5384.8,14.37,67.42,2.468,100.2,1501.2,10.75,0,0
2,2024-05-11,5397.3,12.51,68.68,2.516,101.52,1488.1,11.04,0,0
2,2024-05-12,5409.5,12.14,66.63,2.251,103.86,1479.8,11.17,0,0
2,2024-05-13,5418.8,9.34,68.14,2.19,101.4,1500.4,10.34,0,0
2,2024-05-14,5433.0,14.18,68.67,2.247,101.42,1501.3,10.62,0,0
2,2024-05-15,5439.4,6.38,68.16,2.437,100.16,1489.2,11.04,0,0
2,2024-05-16,5454.1,14.71,66.88,2.273,102.55,1487.6,10.66,0,0
2,2024-05-17,5465.2,11.13,70.02,2.342,102.56,1502.3,10.56,0,0
2,2024-05-18,5475.2,9.98,68.53,,102.39,1511.9,11.1,0,0
2,2024-05-19,5486.2,10.97,69.86,2.659,100.98,1493.1,10.41,0,0
2,2024-05-20,5498.8,12.67,68.17,2.373,100.9,1490.0,10.71,0,0
2,2024-05-21,5505.0,6.13,67.55,2.535,100.31,1499.5,10.89,0,0
2,2024-05-22,5519.7,14.72,68.69,2.436,101.69,1502.2,10.62,0,0
2,2024-05-23,5530.1,10.47,68.21,2.356,100.52,1494.2,11.03,0,0
2,2024-05-24,5539.6,9.43,67.25,2.348,100.43,1513.3,10.63,0,0
2,2024-05-25,5547.0,7.38,69.9,2.253,101.18,1504.3,11.22,0,0
2,2024-05-26,5557.4,10.39,67.8,2.295,101.12,1494.0,10.76,0,0
2,2024-05-27,5568.3,10.96,66.59,2.211,101.07,1484.3,11.0,0,0
2,2024-05-28,5578.4,10.04,69.75,2.195,102.07,1507.6,11.02,0,0
2,2024-05-29,5591.1,12.79,67.92,2.675,101.68,1506.6,10.61,0,0
2,2024-05-30,5601.3,10.21,67.82,2.404,101.32,1494.7,10.18,0,0
2,2024-05-31,5617.0,15.61,66.66,2.582,101.79,1499.9,10.9,0,0
2,2024-06-01,5629.0,11.99,70.17,2.243,100.61,1495.9,10.82,0,0
2,2024-06-02,5643.0,14.07,67.14,2.174,101.71,1501.2,10.96,0,0
2,2024-06-03,5650.1,7.09,68.48,2.216,101.76,1488.9,10.73,0,0
2,2024-06-04,5660.1,9.97,69.34,2.299,100.1,1487.7,10.67,0,0
2,2024-06-05,5669.5,9.37,,2.368,102.6,1503.6,11.4,0,0
2,2024-06-06,5681.2,11.69,68.37,,100.72,1504.6,10.35,0,0
2,2024-06-07,5695.8,14.61,66.72,2.246,101.7,1493.2,11.02,0,0
2,2024-06-08,5702.6,6.78,,2.375,102.77,1491.1,10.62,0,0
2,2024-06-09,5709.3,6.73,68.61,2.388,102.53,1506.3,10.69,0,0
2,2024-06-10,5723.8,14.5,67.64,2.468,101.64,1491.4,10.7,0,0
2,2024-06-11,5731.9,8.13,68.63,2.583,101.24,1497.5,10.55,0,0
2,2024-06-12,5744.6,12.69,69.11,2.308,102.55,1496.5,10.97,0,0
2,2024-06-13,5756.0,11.43,69.39,2.545,102.28,1485.3,11.21,0,0
2,2024-06-14,5770.4,14.33,,2.372,100.99,1498.6,10.94,0,0
2,2024-06-15,5777.6,7.25,70.62,2.133,100.81,1497.8,10.83,0,0
2,2024-06-16,5784.9,7.3,69.19,2.63,99.53,1500.0,10.5,0,0
2,2024-06-17,5796.5,11.57,68.42,2.703,101.76,1498.3,10.95,0,0
2,2024-06-18,5811.9,15.46,69.52,2.455,101.52,1514.2,11.44,0,0
2,2024-06-19,5822.1,10.15,70.79,2.376,102.74,1506.4,10.68,0,0
2,2024-06-20,5831.4,9.27,66.99,2.321,101.96,1497.4,10.68,0,0
2,2024-06-21,5843.4,12.07,68.2,2.293,102.94,1498.1,10.63,0,0
2,2024-06-22,5858.7,15.3,66.05,2.544,100.91,1511.2,10.65,0,0
2,2024-06-23,5873.1,14.37,68.62,2.36,102.74,1504.0,9.97,0,0
2,2024-06-24,5889.1,15.95,68.79,2.613,101.08,1487.2,10.92,0,0
2,2024-06-25,5895.3,6.23,68.39,2.367,102.38,1504.7,10.54,0,0
2,2024-06-26,5902.4,7.13,67.77,2.3,100.15,1507.0,10.31,0,0
2,2024-06-27,5914.5,12.09,66.38,2.272,101.84,1510.0,11.02,0,0
2,2024-06-28,5928.7,14.21,68.8,2.251,99.62,1493.9,10.47,0,0
2,2024-06-29,5937.6,8.85,69.88,2.439,101.34,1493.3,10.69,0,0
2,2024-06-30,5946.0,8.39,67.83,2.168,102.05,1489.5,11.24,0,0
2,2024-07-01,5959.8,13.87,68.87,2.239,101.08,1499.5,10.37,0,0
2,2024-07-02,5966.4,6.56,66.86,2.561,100.55,1502.9,10.34,0,0
2,2024-07-03,5976.1,9.69,68.88,2.219,102.45,1493.0,10.88,0,0
2,2024-07-04,5987.1,11.06,68.03,2.492,101.5,1495.9,11.14,0,0
2,2024-07-05,5998.7,11.6,,2.053,101.12,1480.7,10.32,0,0
2,2024-07-06,6012.0,13.29,67.67,2.58,101.65,1509.2,10.92,0,0
2,2024-07-07,6021.6,9.55,68.03,2.172,104.24,1484.6,10.97,0,0
2,2024-07-08,6033.7,12.13,68.81,2.231,102.76,1500.1,10.18,0,0
2,2024-07-09,6045.6,11.85,67.11,2.464,102.77,1499.0,11.04,0,0
2,2024-07-10,6057.0,11.48,69.16,2.54,101.16,1492.6,11.25,0,0
2,2024-07-11,6069.4,12.4,70.65,2.771,100.01,1487.9,11.09,0,0
2,2024-07-12,6078.0,8.59,70.72,2.582,96.56,1474.4,11.75,0,0
2,2024-07-13,6084.9,6.85,74.75,2.868,97.4,1475.0,11.91,0,0
2,2024-07-14,6092.1,7.19,73.23,2.955,96.72,1480.5,11.8,0,0
2,2024-07-15,6100.3,8.25,74.54,3.019,94.44,1478.0,11.82,0,0
2,2024-07-16,6111.3,11.0,75.36,3.412,94.27,1459.7,11.86,0,0
2,2024-07-17,6125.7,14.4,79.27,3.601,92.57,1445.7,12.34,0,0
2,2024-07-18,6138.7,13.01,79.16,3.546,93.63,1447.1,12.71,0,0
2,2024-07-19,6152.6,13.89,78.8,3.962,93.61,1463.3,12.64,0,0
2,2024-07-20,6162.1,9.51,81.97,3.753,93.01,1437.8,12.27,0,0
2,2024-07-21,6172.2,10.05,82.2,4.233,91.44,1438.0,13.51,0,0
2,2024-07-22,6182.1,9.94,83.39,4.229,89.18,1445.2,13.38,1,0
2,2024-07-23,6190.0,7.92,83.92,4.099,87.33,1424.8,13.4,1,0
2,2024-07-24,6196.7,6.61,84.64,4.717,86.62,1422.8,13.96,1,0
2,2024-07-25,6208.6,11.91,86.86,4.49,86.23,1425.6,14.36,1,0
2,2024-07-26,6224.5,15.89,87.11,4.874,85.73,1428.1,13.25,1,0
2,2024-07-27,6232.1,7.67,90.6,4.853,85.57,1404.4,14.42,1,0
2,2024-07-28,6238.6,6.47,88.65,5.024,83.84,1415.8,14.06,1,0
2,2024-07-29,6252.4,13.8,92.58,5.24,84.31,1397.6,14.83,0,1
2,2024-07-30,6260.9,8.53,68.31,2.489,101.37,1490.0,10.83,0,0
2,2024-07-31,6275.2,14.3,68.72,2.311,101.62,1499.1,10.99,0,0
2,2024-08-01,6288.2,13.04,69.26,2.442,,1487.8,10.65,0,0
2,2024-08-02,6303.7,15.46,67.8,2.431,100.42,1500.9,10.23,0,0
2,2024-08-03,6313.8,10.09,69.29,2.394,102.02,1522.3,10.66,0,0
2,2024-08-04,6326.4,12.62,65.72,2.332,101.59,1505.9,10.92,0,0
2,2024-08-05,6337.1,10.65,67.71,2.394,101.27,1496.2,11.1,0,0
2,2024-08-06,6349.4,12.31,67.5,2.657,102.49,1505.5,10.44,0,0
2,2024-08-07,6359.9,10.5,67.17,2.318,102.48,1489.6,11.1,0,0
2,2024-08-08,6367.7,7.89,68.21,2.543,100.66,1491.0,10.6,0,0
2,2024-08-09,6378.8,11.08,68.81,2.269,101.42,1496.5,10.9,0,0
2,2024-08-10,6390.1,11.29,69.13,2.23,101.89,1497.8,10.64,0,0
2,2024-08-11,6404.2,14.11,68.67,2.854,101.33,1486.7,10.85,0,0
2,2024-08-12,6417.6,13.36,67.76,2.443,102.19,1494.6,11.06,0,0
2,2024-08-13,6430.2,12.64,68.79,2.447,101.89,1495.9,10.43,0,0
2,2024-08-14,6437.3,7.13,68.55,2.451,103.44,1509.4,10.59,0,0
2,2024-08-15,6450.5,13.21,69.36,2.573,100.07,1486.7,10.85,0,0
2,2024-08-16,6461.6,11.0,,2.423,101.48,1486.0,11.52,0,0
2,2024-08-17,6476.5,14.94,68.46,2.485,100.7,1498.5,10.54,0,0
2,2024-08-18,6491.7,15.2,67.53,2.203,102.21,1506.3,11.41,0,0
2,2024-08-19,6498.2,6.55,67.77,2.51,99.99,1501.5,11.4,0,0
2,2024-08-20,6512.5,14.21,67.88,2.327,101.95,1499.5,10.77,0,0
2,2024-08-21,6518.8,6.38,68.11,2.463,100.97,1494.8,10.71,0,0
2,2024-08-22,6528.5,9.67,68.69,2.105,100.87,1502.5,10.59,0,0
2,2024-08-23,6539.9,11.42,69.14,2.457,100.16,1503.7,10.78,0,0
2,2024-08-24,6547.4,7.48,68.37,2.026,101.14,1495.0,10.37,0,0
2,2024-08-25,6560.9,13.46,68.44,2.321,102.69,1489.5,10.77,0,0
2,2024-08-26,6567.0,6.08,68.57,2.106,101.58,1489.5,11.24,0,0
2,2024-08-27,6574.6,7.69,67.91,2.457,102.23,1504.1,10.61,0,0
2,2024-08-28,6586.4,11.81,67.5,2.373,103.27,1484.7,10.72,0,0
2,2024-08-29,6599.6,13.14,66.67,2.247,101.87,1510.5,10.29,0,0
2,2024-08-30,6614.8,15.17,67.73,2.577,101.05,1493.4,10.91,0,0
2,2024-08-31,6627.8,13.05,68.9,2.228,102.07,1499.6,10.88,0,0
2,2024-09-01,6640.5,12.72,67.72,1.908,101.06,1502.7,10.81,0,0
2,2024-09-02,6650.5,9.94,68.19,2.439,101.1,1491.6,10.73,0,0
2,2024-09-03,6656.5,6.01,68.89,2.097,100.08,1493.4,10.71,0,0
2,2024-09-04,6663.7,7.2,68.95,2.232,102.53,1498.1,10.95,0,0
2,2024-09-05,6675.0,11.35,67.35,2.285,101.22,1490.3,10.79,0,0
2,2024-09-06,6687.8,12.75,69.42,2.149,101.79,1488.5,10.89,0,0
2,2024-09-07,6698.0,10.17,69.55,2.288,100.57,1489.3,10.86,0,0
2,2024-09-08,6711.3,13.31,67.3,2.151,102.04,1506.8,11.13,0,0
2,2024-09-09,6722.5,11.22,67.6,2.387,100.84,1500.3,11.0,0,0
2,2024-09-10,6729.2,6.74,69.62,2.178,101.46,1490.7,10.85,0,0
2,2024-09-11,6737.1,7.92,68.28,2.367,102.48,1504.1,11.25,0,0
2,2024-09-12,6751.5,14.4,66.21,2.536,102.4,1491.2,10.92,0,0
2,2024-09-13,6764.8,13.25,67.03,2.48,101.58,1481.5,11.19,0,0
2,2024-09-14,6779.7,14.95,68.18,2.35,99.84,1502.7,10.98,0,0
2,2024-09-15,6786.9,7.18,67.26,2.214,104.6,1510.3,10.24,0,0
2,2024-09-16,6802.8,15.9,68.01,2.386,103.35,1501.5,11.19,0,0
2,2024-09-17,6810.9,8.09,68.46,2.258,102.33,1482.0,10.84,0,0
2,2024-09-18,6817.0,6.12,69.89,2.392,100.85,1496.9,10.78,0,0
2,2024-09-19,6833.0,15.97,68.14,2.105,101.49,1494.9,10.88,0,0
2,2024-09-20,6841.8,8.81,69.5,2.483,101.06,1500.1,10.69,0,0
2,2024-09-21,6854.5,12.68,69.85,2.367,102.87,1490.3,10.86,0,0
2,2024-09-22,6862.3,7.77,69.86,2.693,101.87,1494.4,10.62,0,0
2,2024-09-23,6874.1,11.8,68.71,2.558,100.82,1485.7,11.18,0,0
2,2024-09-24,6889.1,15.04,66.46,2.447,101.13,1498.9,10.76,0,0
2,2024-09-25,6898.3,9.2,68.89,2.344,102.73,1486.0,10.68,0,0
2,2024-09-26,6911.0,12.7,69.47,2.253,103.2,1500.6,10.52,0,0
2,2024-09-27,6918.9,7.88,68.34,2.504,103.13,1491.1,10.88,0,0
2,2024-09-28,6931.1,12.25,70.17,2.328,102.36,1472.0,10.85,0,0
2,2024-09-29,6940.5,9.36,69.29,2.537,101.35,1503.4,10.91,0,0
2,2024-09-30,6948.6,8.11,68.99,2.422,98.36,1501.0,10.49,0,0
2,2024-10-01,6957.7,9.13,69.51,2.423,,1507.9,10.32,0,0
2,2024-10-02,6965.5,7.79,68.76,2.451,101.6,1480.4,10.98,0,0
2,2024-10-03,6980.6,15.02,65.93,2.224,101.74,1491.8,11.24,0,0
2,2024-10-04,6990.5,9.97,67.93,2.209,101.66,1498.1,10.49,0,0
2,2024-10-05,6999.0,8.45,69.62,2.204,100.28,1501.7,11.27,0,0
2,2024-10-06,7009.5,10.48,67.62,2.519,102.16,1485.4,10.88,0,0
2,2024-10-07,7018.7,9.21,68.2,2.22,102.24,1500.5,10.79,0,0
2,2024-10-08,7032.1,13.44,67.38,2.239,102.29,1492.5,10.68,0,0
2,2024-10-09,7047.8,15.71,70.21,2.443,102.55,1482.2,10.38,0,0
2,2024-10-10,7058.2,10.38,70.11,2.324,102.21,1491.1,11.09,0,0
2,2024-10-11,7072.8,14.61,67.54,2.305,101.19,1501.2,10.56,0,0
2,2024-10-12,7084.5,11.66,68.57,2.292,101.53,1482.6,10.56,0,0
2,2024-10-13,7092.0,7.57,67.75,2.013,101.7,1502.2,11.09,0,0
2,2024-10-14,7105.0,12.91,69.04,,101.71,1499.3,10.23,0,0
2,2024-10-15,7116.1,11.13,68.94,2.539,102.6,1495.1,10.34,0,0
2,2024-10-16,7128.6,12.51,69.24,2.281,102.25,1484.0,10.79,0,0
2,2024-10-17,7143.5,14.9,68.76,2.077,103.68,1484.6,10.88,0,0
2,2024-10-18,7153.9,10.4,71.36,2.211,103.81,1493.9,10.94,0,0
2,2024-10-19,7168.9,15.01,67.4,2.416,101.68,1488.1,10.71,0,0
2,2024-10-20,7182.4,13.51,66.71,2.413,97.77,1494.4,11.55,0,0
2,2024-10-21,7193.3,10.89,68.03,2.318,102.84,1504.3,10.73,0,0
2,2024-10-22,7205.3,12.03,66.86,2.259,101.06,1494.9,10.73,0,0
2,2024-10-23,7214.6,9.26,66.93,2.152,100.8,1494.7,10.56,0,0
2,2024-10-24,7230.4,15.84,67.42,2.417,101.21,1494.7,10.83,0,0
2,2024-10-25,7243.1,12.67,67.5,2.488,101.16,1505.2,10.98,0,0
2,2024-10-26,7249.5,6.44,67.47,2.556,102.22,1507.4,11.16,0,0
2,2024-10-27,7258.8,9.27,68.94,2.196,100.05,1500.5,10.35,0,0
2,2024-10-28,7271.0,12.23,67.92,2.567,100.53,1498.2,10.72,0,0
2,2024-10-29,7277.6,6.56,68.25,2.354,101.95,1498.9,10.93,0,0
2,2024-10-30,7283.8,6.24,69.32,2.366,102.23,1508.5,10.97,0,0
2,2024-10-31,7294.3,10.5,67.66,2.496,102.25,1500.9,10.8,0,0
2,2024-11-01,7303.7,9.33,68.16,2.281,100.82,1509.3,10.96,0,0
2,2024-11-02,7314.0,10.38,68.79,2.038,100.63,1493.7,10.55,0,0
2,2024-11-03,7322.7,8.63,66.48,2.468,101.1,1486.4,11.26,0,0
2,2024-11-04,7330.3,7.65,66.04,2.414,101.84,1491.7,11.09,0,0
2,2024-11-05,7343.2,12.89,68.77,2.308,103.09,1492.6,10.39,0,0
2,2024-11-06,7354.4,11.15,68.92,2.456,99.56,1509.9,10.47,0,0
2,2024-11-07,7362.4,8.0,70.49,2.486,101.38,1503.0,10.48,0,0
2,2024-11-08,7371.6,9.2,68.58,2.135,100.27,1492.0,11.0,0,0
2,2024-11-09,7383.5,11.92,69.25,2.366,99.95,1503.5,10.41,0,0
2,2024-11-10,7390.2,6.72,68.23,2.021,102.57,1496.0,10.7,0,0
2,2024-11-11,7397.7,7.47,68.72,2.344,102.15,1510.2,10.93,0,0
2,2024-11-12,7404.4,6.73,70.09,2.306,102.05,1494.4,10.78,0,0
2,2024-11-13,7418.5,14.12,66.3,2.436,102.53,1484.8,10.87,0,0
2,2024-11-14,7432.0,13.52,68.84,2.201,101.12,1495.6,10.48,0,0
2,2024-11-15,7445.6,13.53,70.56,2.299,101.17,1494.4,10.97,0,0
2,2024-11-16,7458.7,13.16,68.71,1.88,103.79,1486.3,10.61,0,0
2,2024-11-17,7471.4,12.69,70.08,2.446,101.36,1501.8,10.7,0,0
2,2024-11-18,7482.2,10.77,67.8,2.349,102.34,1508.5,10.87,0,0
2,2024-11-19,7494.6,12.42,68.39,2.375,101.61,1488.1,10.83,0,0
2,2024-11-20,7501.0,6.38,68.46,2.138,99.76,1504.9,10.8,0,0
2,2024-11-21,7513.2,12.21,66.21,2.422,99.56,1492.2,10.57,0,0
2,2024-11-22,7527.0,13.78,67.26,2.61,101.03,1496.9,10.71,0,0
2,2024-11-23,7538.0,11.0,67.33,2.334,102.66,1496.0,10.8,0,0
2,2024-11-24,7547.6,9.58,69.25,2.46,102.39,1496.9,10.38,0,0
2,2024-11-25,7556.4,8.77,69.3,2.232,102.52,1500.9,10.66,0,0
2,2024-11-26,7568.8,12.43,68.75,2.351,100.62,1488.9,10.91,0,0
2,2024-11-27,7581.7,12.93,69.25,2.132,103.22,1507.4,10.41,0,0
2,2024-11-28,7596.4,14.71,68.26,2.48,100.64,1501.1,11.14,0,0
2,2024-11-29,7605.8,9.42,69.63,2.386,101.82,1503.8,11.18,0,0
2,2024-11-30,7619.5,13.7,68.43,2.179,101.59,1490.8,10.42,0,0
2,2024-12-01,7631.2,11.61,68.48,2.242,101.43,1488.2,11.2,0,0
2,2024-12-02,7646.0,14.83,68.16,2.371,102.94,1506.5,10.75,0,0
2,2024-12-03,7657.3,11.28,69.11,2.501,100.9,1487.8,10.92,0,0
2,2024-12-04,7668.4,11.18,68.0,2.584,100.26,1498.3,10.65,0,0
2,2024-12-05,7680.2,11.78,69.4,2.342,101.62,1505.2,11.07,0,0
2,2024-12-06,7693.7,13.49,67.29,2.157,101.2,1496.1,10.92,0,0
2,2024-12-07,7709.4,15.65,67.33,2.398,104.98,1506.4,10.55,0,0
2,2024-12-08,7716.1,6.74,69.11,2.63,102.28,1494.9,10.45,0,0
2,2024-12-09,7722.6,6.53,68.34,2.119,101.2,1486.9,10.36,0,0
2,2024-12-10,7738.0,15.38,67.97,2.219,100.55,1500.1,10.85,0,0
2,2024-12-11,7749.3,11.3,69.32,2.454,99.72,1498.7,10.97,0,0
2,2024-12-12,7761.5,12.15,67.82,2.385,100.58,1518.6,10.99,0,0
2,2024-12-13,7772.3,10.82,68.23,2.28,101.72,1489.5,10.76,0,0
2,2024-12-14,7779.2,6.94,69.82,2.395,103.03,1495.1,10.45,0,0
2,2024-12-15,7792.9,13.68,69.96,2.509,102.73,1491.2,10.59,0,0
2,2024-12-16,7806.4,13.47,70.0,2.347,101.83,1495.9,11.14,0,0
2,2024-12-17,7815.5,9.12,68.14,2.334,101.28,1495.6,10.65,0,0
2,2024-12-18,7824.5,9.06,,2.451,101.87,1490.1,10.84,0,0
2,2024-12-19,7838.9,14.38,67.48,2.322,101.09,1500.8,10.47,0,0
2,2024-12-20,7845.7,6.72,67.52,2.534,103.32,1495.4,10.9,0,0
2,2024-12-21,7860.5,14.81,66.08,2.666,101.42,1507.8,10.66,0,0
2,2024-12-22,7869.0,8.57,70.1,2.228,101.52,1491.9,11.11,0,0
2,2024-12-23,7881.0,11.93,67.56,2.175,99.39,1512.0,11.03,0,0
2,2024-12-24,7896.3,15.36,68.3,2.418,101.41,1499.3,10.65,0,0
2,2024-12-25,7909.1,12.78,67.52,2.169,102.44,1507.3,10.76,0,0
2,2024-12-26,7919.2,10.14,69.12,2.167,100.54,1498.0,10.63,0,0
2,2024-12-27,7932.1,12.9,68.05,2.055,100.85,1490.8,10.37,0,0
2,2024-12-28,7941.6,9.44,67.12,2.305,102.4,1495.0,10.54,0,0
2,2024-12-29,7950.4,8.77,68.87,2.357,100.13,1486.0,10.86,0,0
2,2024-12-30,7966.3,15.97,66.99,2.285,102.66,1496.2,10.89,0,0
3,2023-01-01,15.2,15.16,66.41,2.303,98.16,1542.2,12.09,0,0
3,2023-01-02,26.1,10.98,65.02,2.081,98.77,1536.8,11.21,0,0
3,2023-01-03,36.1,9.99,65.57,2.309,99.06,1557.8,12.15,0,0
3,2023-01-04,49.6,13.5,65.96,2.053,97.48,1528.6,11.62,0,0
3,2023-01-05,56.4,6.73,65.58,2.098,99.85,1523.6,11.35,0,0
3,2023-01-06,63.3,6.89,66.84,1.972,99.25,1549.7,11.62,0,0
3,2023-01-07,75.8,12.52,66.15,1.967,100.17,1533.1,11.48,0,0
3,2023-01-08,86.6,10.87,66.84,2.051,97.93,1539.5,11.83,0,0
3,2023-01-09,100.5,13.9,65.62,2.185,98.71,1549.9,11.5,0,0
3,2023-01-10,115.7,15.16,67.26,2.04,98.65,1539.6,11.12,0,0
3,2023-01-11,125.6,9.88,65.77,2.414,98.88,1554.0,11.63,0,0
3,2023-01-12,137.6,11.96,64.96,2.049,97.16,1537.3,11.29,0,0
3,2023-01-13,148.6,11.01,68.11,2.217,98.72,1530.5,11.76,0,0
3,2023-01-14,164.4,15.82,64.11,2.387,97.19,1517.4,11.34,0,0
3,2023-01-15,178.7,14.31,65.19,2.203,98.97,1538.6,11.55,0,0
3,2023-01-16,193.8,15.12,65.31,2.135,96.48,1518.3,11.75,0,0
3,2023-01-17,202.4,8.54,68.44,2.211,96.76,1538.8,11.63,0,0
3,2023-01-18,216.1,13.73,67.74,2.105,99.43,1547.9,11.77,0,0
3,2023-01-19,224.7,8.65,67.43,2.039,98.07,1536.1,11.9,0,0
3,2023-01-20,232.8,8.09,65.6,2.281,97.62,1537.7,11.35,0,0
3,2023-01-21,248.3,15.44,68.36,2.102,99.88,1543.5,11.68,0,0
3,2023-01-22,254.5,6.19,66.3,2.33,98.94,1541.6,10.7,0,0
3,2023-01-23,270.1,15.65,66.91,2.309,99.48,1545.5,11.77,0,0
3,2023-01-24,277.6,7.49,66.11,2.214,98.45,1536.0,11.61,0,0
3,2023-01-25,291.8,14.19,65.88,2.335,101.29,1518.2,11.4,0,0
3,2023-01-26,300.6,8.76,65.68,2.108,98.01,1545.6,11.79,0,0
3,2023-01-27,310.1,9.51,65.72,2.307,100.36,1534.3,12.05,0,0
3,2023-01-28,318.2,8.17,66.54,2.306,98.55,1529.2,11.55,0,0
3,2023-01-29,330.1,11.86,66.3,2.144,96.96,1538.9,11.41,0,0
3,2023-01-30,339.6,9.48,65.9,2.125,99.1,1537.7,11.75,0,0
3,2023-01-31,352.1,12.57,67.44,2.239,98.93,1530.2,11.3,0,0
3,2023-02-01,358.3,6.16,62.97,2.485,97.56,1525.9,11.5,0,0
3,2023-02-02,364.9,6.64,66.44,2.155,97.69,1539.9,12.06,0,0
3,2023-02-03,371.9,7.0,66.65,2.122,98.59,1529.4,11.72,0,0
3,2023-02-04,382.1,10.19,67.08,2.366,98.96,1537.1,11.13,0,0
3,2023-02-05,396.3,14.15,65.87,2.2,96.14,1539.2,11.16,0,0
3,2023-02-06,411.2,14.88,66.14,2.319,99.67,1543.9,11.75,0,0
3,2023-02-07,419.6,8.45,66.92,2.411,98.12,1553.2,11.96,0,0
3,2023-02-08,431.3,11.74,67.42,1.903,97.28,1538.1,11.21,0,0
3,2023-02-09,445.0,13.68,65.63,2.184,99.55,1532.8,11.83,0,0
3,2023-02-10,453.9,8.89,66.2,2.155,98.59,1549.5,12.1,0,0
3,2023-02-11,464.0,10.09,67.61,2.045,99.83,1544.6,12.26,0,0
3,2023-02-12,475.3,11.24,63.81,1.902,99.05,1537.5,11.8,0,0
3,2023-02-13,482.6,7.35,65.24,1.951,98.61,1538.1,11.85,0,0
3,2023-02-14,488.9,6.26,67.4,2.205,98.46,1536.4,11.06,0,0
3,2023-02-15,496.4,7.53,67.03,2.109,99.1,1537.5,12.33,0,0
3,2023-02-16,508.7,12.27,66.46,2.069,98.2,1535.4,11.52,0,0
3,2023-02-17,515.4,6.74,65.48,,97.76,1528.4,11.42,0,0
3,2023-02-18,523.3,7.9,65.05,2.086,99.22,1536.3,11.62,0,0
3,2023-02-19,532.7,9.38,65.34,2.383,98.47,1550.3,12.15,0,0
3,2023-02-20,539.4,6.78,67.48,2.096,98.65,1529.7,12.36,0,0
3,2023-02-21,547.4,7.92,65.3,2.415,99.7,1534.0,11.73,0,0
3,2023-02-22,562.5,15.11,66.03,2.185,98.5,1529.1,12.0,0,0
3,2023-02-23,568.7,6.19,65.18,2.092,98.63,1545.5,11.71,0,0
3,2023-02-24,581.2,12.53,66.78,2.081,98.01,1542.8,11.39,0,0
3,2023-02-25,591.0,9.84,65.39,2.416,99.04,1526.0,12.14,0,0
3,2023-02-26,603.8,12.73,,2.294,98.96,1520.1,11.51,0,0
3,2023-02-27,615.7,11.89,64.25,2.075,99.51,1543.1,12.16,0,0
3,2023-02-28,623.9,8.23,64.32,2.207,98.03,1525.5,12.09,0,0
3,2023-03-01,638.4,14.47,65.94,1.836,98.15,1542.8,11.88,0,0
3,2023-03-02,649.3,10.92,64.61,1.99,99.4,1531.1,12.25,0,0
3,2023-03-03,663.5,14.23,68.04,2.077,98.86,1541.8,12.37,0,0
3,2023-03-04,673.6,10.06,63.87,2.073,97.71,1539.8,11.64,0,0
3,2023-03-05,689.4,15.85,65.13,2.371,99.92,1531.9,11.45,0,0
3,2023-03-06,703.1,13.7,65.95,1.902,96.91,1529.2,11.14,0,0
3,2023-03-07,718.8,15.66,65.57,1.975,99.4,1540.8,12.37,0,0
3,2023-03-08,729.9,11.14,64.83,2.257,97.35,1530.7,11.57,0,0
3,2023-03-09,740.7,10.74,64.97,2.224,100.5,1545.1,12.04,0,0
3,2023-03-10,754.2,13.55,64.94,2.137,97.07,1529.5,11.47,0,0
3,2023-03-11,769.0,14.8,65.65,2.497,,1539.0,12.16,0,0
3,2023-03-12,784.7,15.64,67.88,2.282,98.53,1533.1,11.49,0,0
3,2023-03-13,793.9,9.25,66.01,2.373,98.25,1536.2,11.34,0,0
3,2023-03-14,807.9,13.99,67.12,2.182,98.8,1530.6,11.63,0,0
3,2023-03-15,816.0,8.11,66.44,2.108,99.24,1534.8,11.54,0,0
3,2023-03-16,827.5,11.46,67.05,2.11,97.71,1515.7,11.88,0,0
3,2023-03-17,835.3,7.8,63.13,2.328,97.8,1529.7,11.68,0,0
3,2023-03-18,844.7,9.47,65.63,2.305,99.26,1531.5,11.89,0,0
3,2023-03-19,860.0,15.31,67.24,2.157,96.91,1535.6,11.61,0,0
3,2023-03-20,867.5,7.46,65.36,2.26,98.03,1546.5,11.5,0,0
3,2023-03-21,879.8,12.32,67.7,2.334,101.65,1530.6,11.52,0,0
3,2023-03-22,891.8,11.93,67.42,2.105,97.64,1547.5,12.31,0,0
3,2023-03-23,899.0,7.21,65.46,2.138,99.76,1529.3,11.76,0,0
3,2023-03-24,908.2,9.26,65.43,2.256,98.03,1527.3,11.1,0,0
3,2023-03-25,919.9,11.63,64.92,1.921,99.12,1521.1,11.54,0,0
3,2023-03-26,927.7,7.87,65.3,2.259,99.27,1541.1,11.73,0,0
3,2023-03-27,941.7,14.01,64.7,2.021,,1536.9,12.25,0,0
3,2023-03-28,957.5,15.72,66.36,2.331,98.41,1540.6,12.01,0,0
3,2023-03-29,965.6,8.15,64.48,2.512,100.6,1537.3,11.42,0,0
3,2023-03-30,973.5,7.87,66.54,2.085,98.02,1536.1,12.42,0,0
3,2023-03-31,984.0,10.55,66.56,1.987,98.85,1538.5,11.69,0,0
3,2023-04-01,997.5,13.48,64.27,2.162,98.86,1553.4,12.07,0,0
3,2023-04-02,1006.3,8.82,67.48,2.15,97.49,1532.4,11.35,0,0
3,2023-04-03,1012.5,6.2,66.45,2.288,98.33,1552.6,10.98,0,0
3,2023-04-04,1023.9,11.41,66.68,2.224,98.77,1543.0,11.27,0,0
3,2023-04-05,1039.5,15.57,65.17,2.145,98.18,1539.1,10.72,0,0
3,2023-04-06,1049.4,9.91,66.55,2.203,101.05,1540.6,12.33,0,0
3,2023-04-07,1059.6,10.2,67.06,2.021,97.77,1510.6,11.76,0,0
3,2023-04-08,1075.3,15.69,65.83,2.314,99.79,1534.1,11.42,0,0
3,2023-04-09,1088.2,12.95,67.93,2.432,99.47,1530.8,11.83,0,0
3,2023-04-10,1101.4,13.19,65.98,2.01,98.6,1553.1,11.75,0,0
3,2023-04-11,1113.1,11.63,67.07,1.952,97.75,1533.5,11.88,0,0
3,2023-04-12,1128.8,15.75,66.23,2.129,97.84,1536.0,12.06,0,0
3,2023-04-13,1141.7,12.89,66.52,2.006,98.09,1535.8,11.61,0,0
3,2023-04-14,1156.6,14.95,64.26,,96.83,1525.7,11.43,0,0
3,2023-04-15,1169.6,12.99,66.3,1.979,97.61,1531.7,11.95,0,0
3,2023-04-16,1183.0,13.35,65.2,2.16,97.13,1542.7,11.94,0,0
3,2023-04-17,1191.9,8.9,65.09,2.128,99.96,1519.1,11.73,0,0
3,2023-04-18,1200.9,9.03,67.68,2.245,99.23,1538.7,12.35,0,0
3,2023-04-19,1214.8,13.83,65.72,2.105,99.4,1529.0,11.57,0,0
3,2023-04-20,1223.7,8.97,64.93,2.007,99.2,1546.6,11.43,0,0
3,2023-04-21,1235.4,11.63,65.57,2.187,98.78,1539.4,11.82,0,0
3,2023-04-22,1243.8,8.49,64.63,2.031,100.07,1524.0,11.49,0,0
3,2023-04-23,1258.0,14.17,67.37,2.266,98.0,1532.9,11.85,0,0
3,2023-04-24,1265.1,7.11,65.24,1.939,98.72,1539.8,11.45,0,0
3,2023-04-25,1279.4,14.29,66.46,1.865,99.36,1533.8,11.58,0,0
3,2023-04-26,1291.4,12.03,67.29,1.948,97.29,1537.4,12.26,0,0
3,2023-04-27,1299.3,7.87,65.43,2.127,101.71,1536.0,11.58,0,0
3,2023-04-28,1310.7,11.42,66.46,2.146,98.64,1543.1,11.46,0,0
3,2023-04-29,1319.6,8.82,64.9,2.21,98.75,1539.7,12.05,0,0
3,2023-04-30,1328.8,9.23,68.38,2.105,99.87,1535.8,11.38,0,0
3,2023-05-01,1338.3,9.52,66.87,2.062,99.53,1536.3,11.49,0,0
3,2023-05-02,1344.9,6.63,65.74,2.404,98.65,1527.5,11.87,0,0
3,2023-05-03,1360.8,15.86,65.16,2.365,98.74,1547.9,11.98,0,0
3,2023-05-04,1367.1,6.32,65.82,2.337,97.11,1559.9,12.06,0,0
3,2023-05-05,1379.7,12.62,65.59,2.236,98.06,1533.6,11.47,0,0
3,2023-05-06,1389.5,9.71,67.89,2.248,99.13,1536.6,11.88,0,0
3,2023-05-07,1401.9,12.46,64.71,2.069,99.06,1544.3,11.56,0,0
3,2023-05-08,1411.5,9.56,66.07,2.211,99.83,1544.3,11.52,0,0
3,2023-05-09,1424.2,12.74,65.91,2.048,98.49,1537.6,12.06,0,0
3,2023-05-10,1437.5,13.29,65.82,2.031,97.23,1528.4,11.53,0,0
3,2023-05-11,1450.4,12.91,65.82,1.947,99.67,1550.7,11.78,0,0
3,2023-05-12,1457.6,7.14,65.82,2.25,100.05,1541.7,11.74,0,0
3,2023-05-13,1470.1,12.57,66.81,2.214,99.51,1538.0,11.38,0,0
3,2023-05-14,1478.9,8.8,66.54,2.144,98.45,1530.4,11.99,0,0
3,2023-05-15,1485.2,6.29,66.35,2.124,99.66,1536.7,11.87,0,0
3,2023-05-16,1495.4,10.15,62.9,1.915,102.04,1521.7,11.1,0,0
3,2023-05-17,1505.7,10.34,66.23,2.228,98.73,1542.1,11.78,0,0
3,2023-05-18,1516.4,10.67,64.28,2.142,97.3,1544.1,11.47,0,0
3,2023-05-19,1529.4,13.05,66.58,2.324,98.03,1538.0,12.03,0,0
3,2023-05-20,1538.5,9.09,67.41,2.211,99.24,1528.5,11.26,0,0
3,2023-05-21,1547.7,9.15,65.01,2.295,97.01,1539.8,11.59,0,0
3,2023-05-22,1554.3,6.61,65.67,2.188,98.78,1542.5,11.81,0,0
3,2023-05-23,1567.1,12.87,65.33,2.217,98.99,1530.3,11.71,0,0
3,2023-05-24,1578.8,11.68,67.17,2.329,100.15,1543.7,11.93,0,0
3,2023-05-25,1588.3,9.49,66.03,2.16,99.92,1540.4,11.24,0,0
3,2023-05-26,1601.4,13.05,67.66,2.26,99.48,1534.0,12.19,0,0
3,2023-05-27,1612.7,11.37,66.35,2.123,96.45,1531.7,11.85,0,0
3,2023-05-28,1623.4,10.69,66.18,2.17,99.53,1534.8,12.11,0,0
3,2023-05-29,1634.5,11.11,66.0,2.428,99.32,1528.4,11.96,0,0
3,2023-05-30,1646.9,12.36,66.75,2.285,98.87,1538.3,11.69,0,0
3,2023-05-31,1659.5,12.6,64.19,2.108,96.88,1540.7,11.31,0,0
3,2023-06-01,1668.4,8.89,66.02,2.253,97.84,1545.6,11.53,0,0
3,2023-06-02,1675.8,7.41,65.86,1.997,97.45,1538.6,12.17,0,0
3,2023-06-03,1683.4,7.57,66.66,,96.6,1539.3,12.11,0,0
3,2023-06-04,1695.8,12.39,65.74,2.046,98.61,1534.1,11.51,0,0
3,2023-06-05,1710.5,14.73,64.89,2.257,97.81,1529.2,10.85,0,0
3,2023-06-06,1720.6,10.09,65.94,2.161,101.24,1532.8,11.63,0,0
3,2023-06-07,1728.3,7.7,64.85,2.232,98.44,1547.6,11.61,0,0
3,2023-06-08,1741.8,13.57,64.01,2.305,99.91,1541.3,11.62,0,0
3,2023-06-09,1756.2,14.32,66.66,2.12,97.04,1539.5,11.86,0,0
3,2023-06-10,1771.0,14.81,66.51,2.126,98.08,1521.7,11.96,0,0
3,2023-06-11,1783.0,12.07,66.4,2.184,98.71,1538.7,11.99,0,0
3,2023-06-12,1797.6,14.61,67.24,2.06,97.7,1525.6,11.83,0,0
3,2023-06-13,1803.8,6.15,65.27,2.188,98.19,1526.1,11.16,0,0
3,2023-06-14,1810.9,7.07,64.5,2.196,98.39,1527.0,11.59,0,0
3,2023-06-15,1817.8,6.93,65.86,2.224,98.38,1530.0,12.39,0,0
3,2023-06-16,1830.9,13.13,65.59,2.252,100.47,1542.9,11.81,0,0
3,2023-06-17,1837.6,6.7,65.09,1.949,98.99,1538.0,11.81,0,0
3,2023-06-18,1848.6,10.96,65.85,1.997,99.09,1528.7,11.81,0,0
3,2023-06-19,1859.3,10.73,65.32,2.014,99.15,1531.6,11.82,0,0
3,2023-06-20,1868.4,9.11,64.1,2.203,99.23,1540.2,10.98,0,0
3,2023-06-21,1883.1,14.7,65.49,2.147,98.53,1541.8,11.63,0,0
3,2023-06-22,1890.8,7.7,64.8,1.849,98.29,1537.3,11.69,0,0
3,2023-06-23,1900.3,9.52,66.16,2.481,98.78,1527.0,12.08,0,0
3,2023-06-24,1914.1,13.74,65.28,1.891,99.77,1532.9,11.71,0,0
3,2023-06-25,1920.4,6.3,68.26,2.297,99.06,1548.7,11.32,0,0
3,2023-06-26,1933.1,12.73,69.97,2.479,97.02,1513.3,12.07,0,0
3,2023-06-27,1947.3,14.16,70.26,2.389,97.36,1519.4,11.82,0,0
3,2023-06-28,1962.6,15.32,69.25,2.696,95.72,1526.8,11.81,0,0
3,2023-06-29,1977.4,14.76,73.52,2.551,95.27,1501.1,12.05,0,0
3,2023-06-30,1986.6,9.19,74.81,2.831,94.09,1511.3,12.58,0,0
3,2023-07-01,1998.4,11.86,74.46,,93.71,1484.6,12.91,0,0
3,2023-07-02,2005.2,6.77,76.99,3.186,94.56,1467.7,12.8,0,0
3,2023-07-03,2013.8,8.58,76.33,3.113,92.63,1472.3,12.97,0,0
3,2023-07-04,2020.7,6.94,76.23,2.976,92.0,1464.3,13.04,0,0
3,2023-07-05,2029.9,9.15,78.55,3.412,89.74,1450.4,13.05,0,0
3,2023-07-06,2044.6,14.75,82.26,3.665,90.21,1453.8,13.35,0,0
3,2023-07-07,2054.1,9.47,80.25,3.384,89.6,1458.5,12.53,1,0
3,2023-07-08,2065.7,11.62,82.96,3.594,88.34,1439.2,13.41,1,0
3,2023-07-09,2076.1,10.33,84.21,3.651,88.51,1434.4,13.18,1,0
3,2023-07-10,2086.6,10.59,84.88,3.715,87.39,1441.8,13.97,1,0
3,2023-07-11,2102.3,15.7,86.16,3.802,87.22,1418.2,13.69,1,0
3,2023-07-12,2111.3,8.96,87.9,3.939,86.59,1422.6,13.87,1,0
3,2023-07-13,2123.6,12.27,88.48,4.05,84.84,1397.4,13.53,1,0
3,2023-07-14,2133.8,10.2,88.83,4.188,84.72,1396.7,14.4,0,1
3,2023-07-15,2140.4,6.61,66.15,2.125,98.69,1534.5,11.89,0,0
3,2023-07-16,2151.3,10.89,67.01,2.304,99.8,1545.9,11.86,0,0
3,2023-07-17,2165.4,14.13,66.8,2.29,98.87,1528.9,11.45,0,0
3,2023-07-18,2172.4,6.99,65.12,1.959,97.95,1528.8,11.47,0,0
3,2023-07-19,2179.1,6.7,64.68,2.1,99.01,1538.4,11.76,0,0
3,2023-07-20,2186.6,7.54,65.65,2.377,100.32,1539.7,11.49,0,0
3,2023-07-21,2200.3,13.64,67.5,2.233,99.53,1527.9,11.83,0,0
3,2023-07-22,2213.5,13.24,66.58,2.24,99.16,1532.0,11.05,0,0
3,2023-07-23,2225.2,11.65,66.64,2.225,99.34,1544.9,11.55,0,0
3,2023-07-24,2235.8,10.68,66.82,2.15,100.05,1526.8,12.24,0,0
3,2023-07-25,2250.7,14.88,66.35,2.183,99.69,1538.9,11.83,0,0
3,2023-07-26,2264.4,13.67,66.05,2.129,99.18,1532.1,11.75,0,0
3,2023-07-27,2278.5,14.12,66.59,2.318,99.68,1547.4,12.29,0,0
3,2023-07-28,2292.6,14.13,65.39,2.13,97.53,1540.8,11.0,0,0
3,2023-07-29,2305.1,12.43,64.52,2.172,97.11,1543.2,11.45,0,0
3,2023-07-30,2315.7,10.58,66.66,2.3,98.77,1531.9,11.58,0,0
3,2023-07-31,2330.3,14.65,67.17,2.14,98.68,1542.8,11.95,0,0
3,2023-08-01,2345.6,15.26,64.81,2.179,98.07,1542.6,11.96,0,0
3,2023-08-02,2351.8,6.24,66.75,2.136,99.44,1540.4,11.44,0,0
3,2023-08-03,2358.3,6.52,67.61,2.176,96.75,1533.9,12.0,0,0
3,2023-08-04,2373.9,15.59,65.93,2.141,98.08,1537.5,11.58,0,0
3,2023-08-05,2382.7,8.77,65.11,2.109,98.13,1521.4,12.06,0,0
3,2023-08-06,2397.4,14.73,66.06,2.083,96.98,1550.3,11.39,0,0
3,2023-08-07,2407.3,9.89,65.38,2.163,100.11,1531.4,11.66,0,0
3,2023-08-08,2414.5,7.19,65.32,2.342,97.25,1533.5,11.55,0,0
3,2023-08-09,2421.3,6.8,66.37,2.283,98.02,1525.7,12.01,0,0
3,2023-08-10,2428.9,7.57,64.33,1.952,,1541.6,11.54,0,0
3,2023-08-11,2437.4,8.5,64.49,2.125,99.26,1540.4,11.68,0,0
3,2023-08-12,2448.2,10.89,65.95,2.094,97.5,1533.8,11.85,0,0
3,2023-08-13,2461.3,13.01,65.91,1.955,99.29,1517.5,11.86,0,0
3,2023-08-14,2477.1,15.86,66.28,2.231,98.9,1530.5,11.96,0,0
3,2023-08-15,2487.5,10.42,67.81,2.175,100.95,1539.9,11.76,0,0
3,2023-08-16,2498.7,11.18,66.04,2.493,99.02,1538.2,11.57,0,0
3,2023-08-17,2509.9,11.22,66.53,2.139,98.47,1535.8,11.59,0,0
3,2023-08-18,2521.3,11.39,64.96,2.073,97.76,1532.8,11.71,0,0
3,2023-08-19,2532.5,11.18,66.7,2.058,97.87,1523.6,11.77,0,0
3,2023-08-20,2538.6,6.09,65.41,2.122,97.79,1543.9,11.65,0,0
3,2023-08-21,2544.6,6.02,66.0,2.278,99.98,1524.7,11.7,0,0
3,2023-08-22,2551.6,6.98,65.82,2.295,98.63,1534.6,11.24,0,0
3,2023-08-23,2558.6,7.02,66.97,2.628,99.18,1527.9,11.9,0,0
3,2023-08-24,2571.7,13.05,64.62,2.008,100.13,1544.2,11.75,0,0
3,2023-08-25,2579.7,8.05,63.65,2.202,96.25,1540.9,12.0,0,0
3,2023-08-26,2594.7,14.95,,2.087,99.89,1533.3,11.7,0,0
3,2023-08-27,2609.9,15.29,66.4,2.242,98.67,1541.7,11.18,0,0
3,2023-08-28,2625.7,15.76,66.08,2.397,99.05,1524.3,11.59,0,0
3,2023-08-29,2641.1,15.39,67.16,2.319,97.78,1535.6,11.64,0,0
3,2023-08-30,2649.8,8.72,66.37,2.008,97.86,1527.8,11.92,0,0
3,2023-08-31,2660.9,11.1,65.37,2.292,99.1,1544.4,11.08,0,0
3,2023-09-01,2668.7,7.75,63.61,1.872,101.0,1539.2,11.71,0,0
3,2023-09-02,2682.7,14.06,65.7,1.832,99.62,1541.4,11.85,0,0
3,2023-09-03,2697.6,14.88,66.96,2.152,99.88,1531.8,11.5,0,0
3,2023-09-04,2712.1,14.51,65.54,2.281,98.42,1542.2,11.72,0,0
3,2023-09-05,2722.5,10.33,65.96,2.242,98.01,1527.3,11.51,0,0
3,2023-09-06,2736.0,13.59,66.35,2.475,97.83,1528.4,11.48,0,0
3,2023-09-07,2743.0,6.98,64.92,,98.12,1534.8,11.57,0,0
3,2023-09-08,2749.4,6.4,66.56,2.173,96.56,1528.7,11.48,0,0
3,2023-09-09,2762.9,13.53,67.57,2.363,97.89,1541.9,11.9,0,0
3,2023-09-10,2773.2,10.25,65.76,2.133,98.05,1532.4,11.48,0,0
3,2023-09-11,2789.2,15.96,64.8,2.248,98.44,1527.6,11.43,0,0
3,2023-09-12,2796.1,6.97,65.87,2.257,98.74,1526.5,12.23,0,0
3,2023-09-13,2810.7,14.56,63.71,2.044,98.97,1541.8,11.99,0,0
3,2023-09-14,2821.5,10.8,66.27,2.247,98.6,1515.8,11.14,0,0
3,2023-09-15,2835.8,14.27,66.38,2.517,98.03,1528.1,11.47,0,0
3,2023-09-16,2849.9,14.17,67.61,2.36,96.65,1547.4,11.77,0,0
3,2023-09-17,2865.1,15.16,65.74,2.063,98.04,1533.4,11.79,0,0
3,2023-09-18,2874.1,8.98,66.34,2.54,97.64,1541.9,11.25,0,0
3,2023-09-19,2889.6,15.5,65.07,,99.08,1539.6,12.04,0,0
3,2023-09-20,2897.1,7.52,65.58,2.253,99.52,1534.7,11.94,0,0
3,2023-09-21,2903.9,6.82,64.41,2.175,99.55,1522.9,11.84,0,0
3,2023-09-22,2914.2,10.32,65.74,2.292,99.37,1525.6,12.1,0,0
3,2023-09-23,2928.5,14.28,65.63,2.206,98.48,1525.5,11.83,0,0
3,2023-09-24,2939.2,10.73,,2.192,98.09,1540.1,11.83,0,0
3,2023-09-25,2953.5,14.29,65.31,2.169,97.87,1541.6,12.16,0,0
3,2023-09-26,2966.8,13.3,66.02,2.335,97.1,1529.2,12.03,0,0
3,2023-09-27,2974.9,8.09,65.6,2.319,99.6,1535.6,11.44,0,0
3,2023-09-28,2990.4,15.49,65.6,2.167,98.44,1536.3,11.89,0,0
3,2023-09-29,2997.0,6.61,66.01,1.962,97.37,1536.8,11.5,0,0
3,2023-09-30,3012.0,14.98,65.97,2.195,97.79,1530.1,11.85,0,0
3,2023-10-01,3021.0,9.04,66.69,2.082,97.75,1549.3,11.84,0,0
3,2023-10-02,3032.0,11.0,65.81,2.118,98.66,1541.6,11.28,0,0
3,2023-10-03,3042.3,10.22,,2.171,99.68,1536.8,11.66,0,0
3,2023-10-04,3050.0,7.72,65.75,2.03,,1532.1,11.78,0,0
3,2023-10-05,3059.6,9.58,65.22,1.948,96.36,1529.5,11.57,0,0
3,2023-10-06,3067.5,7.93,65.57,2.233,98.42,1539.4,11.79,0,0
3,2023-10-07,3075.5,8.04,67.96,2.193,98.46,1532.4,11.94,0,0
3,2023-10-08,3083.4,7.87,65.02,2.188,98.39,1537.3,11.69,0,0
3,2023-10-09,3094.3,10.89,65.65,2.266,97.98,1521.0,11.76,0,0
3,2023-10-10,3108.3,13.98,65.55,2.09,98.83,1532.0,12.11,0,0
3,2023-10-11,3120.0,11.69,65.69,2.239,98.68,1535.3,11.84,0,0
3,2023-10-12,3134.9,14.93,65.6,2.39,98.59,1543.9,11.76,0,0
3,2023-10-13,3147.3,12.37,66.21,2.151,99.03,1528.8,11.41,0,0
3,2023-10-14,3160.2,12.89,64.22,2.474,98.18,1524.3,11.9,0,0
3,2023-10-15,3172.8,12.68,66.97,2.197,98.13,1539.8,11.8,0,0
3,2023-10-16,3183.3,10.49,66.57,2.061,99.99,1535.7,12.08,0,0
3,2023-10-17,3196.2,12.89,64.69,2.317,99.17,1522.4,11.71,0,0
3,2023-10-18,3202.9,6.7,63.66,2.172,99.44,1522.8,11.15,0,0
3,2023-10-19,3217.5,14.6,64.96,2.347,99.84,1531.0,11.19,0,0
3,2023-10-20,3231.3,13.78,65.69,2.251,99.14,1535.5,11.92,0,0
3,2023-10-21,3239.7,8.45,68.51,2.14,99.54,1547.3,11.53,0,0
3,2023-10-22,3253.4,13.68,66.48,2.417,97.03,1527.6,11.83,0,0
3,2023-10-23,3259.6,6.13,64.13,2.114,98.82,1540.5,11.73,0,0
3,2023-10-24,3267.7,8.17,65.24,1.865,98.43,1520.5,11.65,0,0
3,2023-10-25,3274.4,6.65,65.88,2.321,100.29,1539.1,11.67,0,0
3,2023-10-26,3288.2,13.8,66.19,2.242,99.54,1548.3,11.44,0,0
3,2023-10-27,3301.7,13.56,64.62,2.382,97.98,1537.3,11.69,0,0
3,2023-10-28,3315.9,14.14,65.8,2.057,98.99,1530.9,11.52,0,0
3,2023-10-29,3321.9,6.04,65.21,2.152,,1546.1,11.59,0,0
3,2023-10-30,3332.9,11.01,64.83,2.135,99.07,1539.0,11.6,0,0
3,2023-10-31,3346.0,13.05,66.19,2.329,97.59,1537.4,11.63,0,0
3,2023-11-01,3353.5,7.55,66.71,2.287,98.97,1528.1,11.97,0,0
3,2023-11-02,3366.0,12.5,66.77,2.222,98.38,1539.1,11.66,0,0
3,2023-11-03,3372.9,6.84,66.51,2.223,98.89,1530.7,12.0,0,0
3,2023-11-04,3380.7,7.81,65.44,2.017,97.89,1538.7,12.16,0,0
3,2023-11-05,3391.4,10.76,66.65,2.305,98.03,1536.6,11.95,0,0
3,2023-11-06,3404.0,12.54,66.24,2.308,99.79,1544.9,11.86,0,0
3,2023-11-07,3411.4,7.46,66.07,2.533,97.56,1531.6,11.8,0,0
3,2023-11-08,3419.3,7.85,65.32,2.26,97.63,1535.0,11.96,0,0
3,2023-11-09,3427.3,8.04,65.44,2.284,98.56,1542.6,11.72,0,0
3,2023-11-10,3435.7,8.39,66.01,2.261,97.84,1534.3,11.99,0,0
3,2023-11-11,3444.0,8.27,68.37,2.085,97.73,1536.0,11.88,0,0
3,2023-11-12,3453.9,9.95,66.23,2.377,98.72,1532.9,11.59,0,0
3,2023-11-13,3466.5,12.54,65.32,2.181,97.11,1534.9,11.97,0,0
3,2023-11-14,3476.9,10.38,65.1,2.16,97.6,1541.6,11.72,0,0
3,2023-11-15,3490.6,13.76,65.44,2.169,100.67,1550.9,11.67,0,0
3,2023-11-16,3503.8,13.19,,2.179,99.07,1522.8,11.55,0,0
3,2023-11-17,3511.1,7.27,65.53,2.116,97.87,1526.1,11.75,0,0
3,2023-11-18,3517.6,6.49,66.84,2.222,99.03,1535.1,12.0,0,0
3,2023-11-19,3532.3,14.78,65.56,2.175,99.18,1536.6,11.96,0,0
3,2023-11-20,3539.1,6.8,66.19,2.162,99.61,1534.5,11.8,0,0
3,2023-11-21,3546.6,7.48,66.72,2.263,98.49,1531.8,11.88,0,0
3,2023-11-22,3552.8,6.22,65.36,2.201,99.59,1526.3,12.08,0,0
3,2023-11-23,3565.1,12.28,65.29,2.106,96.57,1531.3,11.65,0,0
3,2023-11-24,3577.0,11.82,67.59,2.075,97.56,1542.7,11.36,0,0
3,2023-11-25,3592.8,15.87,66.92,2.204,98.78,1536.9,12.09,0,0
3,2023-11-26,3607.7,14.87,66.72,2.077,98.94,1541.6,11.54,0,0
3,2023-11-27,3617.8,10.11,66.72,2.067,97.7,1526.6,11.49,0,0
3,2023-11-28,3627.5,9.72,66.39,2.069,98.87,1547.8,11.16,0,0
3,2023-11-29,3636.5,8.97,67.95,2.228,97.99,1531.7,11.87,0,0
3,2023-11-30,3644.0,7.52,65.98,2.368,98.34,1540.0,11.21,0,0
3,2023-12-01,3651.4,7.38,66.51,2.242,99.64,1535.2,11.47,0,0
3,2023-12-02,3658.7,7.32,64.48,2.322,99.52,1531.9,11.87,0,0
3,2023-12-03,3665.9,7.14,65.11,2.179,97.62,1539.7,11.91,0,0
3,2023-12-04,3674.3,8.41,64.73,2.211,97.56,1541.0,11.5,0,0
3,2023-12-05,3683.3,9.07,67.21,2.437,98.2,1557.7,11.66,0,0
3,2023-12-06,3698.9,15.62,63.38,2.314,98.59,1541.3,11.44,0,0
3,2023-12-07,3710.7,11.78,65.53,2.33,97.95,1541.2,11.53,0,0
3,2023-12-08,3726.6,15.88,62.94,2.15,99.65,1545.4,11.78,0,0
3,2023-12-09,3736.3,9.72,65.1,2.189,98.96,1540.5,11.55,0,0
3,2023-12-10,3746.9,10.58,65.44,2.25,99.02,1535.9,11.62,0,0
3,2023-12-11,3756.1,9.25,67.32,2.098,97.35,1538.8,11.26,0,0
3,2023-12-12,3764.0,7.83,66.33,1.835,99.78,1543.0,12.04,0,0
3,2023-12-13,3771.4,7.43,65.1,2.249,95.79,1547.3,11.85,0,0
3,2023-12-14,3786.9,15.45,67.0,,99.45,1524.1,11.94,0,0
3,2023-12-15,3802.7,15.87,65.95,2.198,99.55,1521.1,12.08,0,0
3,2023-12-16,3809.2,6.45,67.19,,97.51,1540.4,11.57,0,0
3,2023-12-17,3816.7,7.5,67.16,2.345,98.54,1516.6,11.83,0,0
3,2023-12-18,3826.9,10.24,68.59,2.193,96.53,1503.2,11.49,0,0
3,2023-12-19,3834.8,7.86,69.97,2.55,95.98,1495.8,13.12,0,0
3,2023-12-20,3844.4,9.64,72.06,2.535,95.58,1517.7,12.25,0,0
3,2023-12-21,3851.7,7.29,73.31,2.7,97.75,1503.7,12.73,0,0
3,2023-12-22,3862.3,10.57,75.99,2.733,95.23,1483.7,12.17,0,0
3,2023-12-23,3871.0,8.72,76.05,2.818,93.92,1477.5,12.96,0,0
3,2023-12-24,3880.5,9.52,74.17,2.962,91.63,1477.4,13.33,0,0
3,2023-12-25,3887.5,6.94,78.36,3.31,92.01,1477.2,12.88,0,0
3,2023-12-26,3897.7,10.28,77.86,3.242,,1461.4,12.71,0,0
3,2023-12-27,3913.6,15.83,79.56,3.254,91.34,1450.9,13.1,0,0
3,2023-12-28,3922.9,9.29,80.93,3.636,89.98,1459.6,12.59,1,0
3,2023-12-29,3937.6,14.76,82.3,3.645,88.04,1443.8,13.37,1,0
3,2023-12-30,3952.1,14.43,82.8,3.374,88.57,1435.9,13.74,1,0
3,2023-12-31,3967.6,15.52,85.6,3.98,86.97,1435.5,13.61,1,0
3,2024-01-01,3981.5,13.9,85.2,3.944,87.29,1407.1,13.65,1,0
3,2024-01-02,3994.1,12.6,88.18,4.152,85.61,1421.4,14.01,1,0
3,2024-01-03,4008.6,14.57,91.28,4.105,85.82,1414.3,14.16,1,0
3,2024-01-04,4015.4,6.76,88.93,4.482,85.87,1393.4,13.6,0,1
3,2024-01-05,4026.0,10.63,65.65,2.132,98.56,1520.7,11.72,0,0
3,2024-01-06,4041.9,15.89,63.41,1.794,98.22,1531.7,12.43,0,0
3,2024-01-07,4055.6,13.7,65.63,2.056,98.82,1537.7,11.3,0,0
3,2024-01-08,4071.2,15.62,66.58,2.265,99.31,1538.5,11.67,0,0
3,2024-01-09,4085.0,13.8,66.65,2.213,97.51,1549.8,12.28,0,0
3,2024-01-10,4099.8,14.75,66.01,2.171,98.87,1537.7,12.03,0,0
3,2024-01-11,4112.8,13.07,66.82,2.041,99.93,1525.0,11.54,0,0
3,2024-01-12,4126.4,13.61,68.48,2.192,99.19,1534.2,11.76,0,0
3,2024-01-13,4137.7,11.23,67.64,2.187,98.67,1525.8,11.7,0,0
3,2024-01-14,4152.9,15.24,65.41,2.186,99.25,1534.8,11.47,0,0
3,2024-01-15,4167.2,14.25,64.48,2.27,99.06,1547.5,11.68,0,0
3,2024-01-16,4181.6,14.44,65.53,2.217,99.37,1539.9,11.61,0,0
3,2024-01-17,4194.3,12.73,64.99,2.152,96.59,1530.4,11.73,0,0
3,2024-01-18,4203.4,9.05,66.38,2.039,97.06,1540.9,11.47,0,0
3,2024-01-19,4209.7,6.36,64.75,2.393,99.62,1530.0,11.31,0,0
3,2024-01-20,4225.1,15.36,65.86,2.487,97.11,1514.1,11.68,0,0
3,2024-01-21,4237.0,11.86,66.77,2.451,99.01,1526.3,12.21,0,0
3,2024-01-22,4245.9,8.98,65.83,2.294,98.26,1539.9,11.72,0,0
3,2024-01-23,4253.4,7.49,64.99,1.938,97.62,1542.4,11.6,0,0
3,2024-01-24,4267.7,14.3,67.11,1.92,98.96,1549.9,11.92,0,0
3,2024-01-25,4282.1,14.37,64.05,2.107,98.81,1538.9,11.65,0,0
3,2024-01-26,4296.2,14.15,65.6,2.181,100.72,1547.0,12.26,0,0
3,2024-01-27,4308.7,12.45,65.89,2.175,97.99,1541.2,11.7,0,0
3,2024-01-28,4318.3,9.66,65.95,2.218,100.05,1543.7,11.91,0,0
3,2024-01-29,4327.4,9.04,66.11,1.98,98.96,1545.0,11.47,0,0
3,2024-01-30,4333.5,6.09,66.54,2.43,97.95,1540.1,11.85,0,0
3,2024-01-31,4347.8,14.34,65.9,2.415,99.41,1544.8,11.78,0,0
3,2024-02-01,4354.7,6.87,65.56,1.993,99.18,1530.6,11.68,0,0
3,2024-02-02,4367.0,12.31,65.53,1.91,,1516.8,11.55,0,0
3,2024-02-03,4378.0,11.04,65.32,2.176,98.88,1541.4,11.51,0,0
3,2024-02-04,4389.3,11.27,66.72,2.379,98.02,1539.2,11.78,0,0
3,2024-02-05,4404.6,15.27,65.29,2.185,97.79,1529.2,11.89,0,0
3,2024-02-06,4410.9,6.32,66.78,2.228,99.37,1526.1,11.66,0,0
3,2024-02-07,4424.6,13.73,65.95,2.123,98.39,1537.2,11.78,0,0
3,2024-02-08,4431.1,6.52,65.41,2.211,98.53,1541.9,11.69,0,0
3,2024-02-09,4437.5,6.38,66.55,2.331,98.89,1540.4,11.73,0,0
3,2024-02-10,4447.8,10.3,65.21,2.251,98.88,1528.0,11.64,0,0
3,2024-02-11,4454.4,6.63,66.57,2.276,97.18,1529.8,11.7,0,0
3,2024-02-12,4468.3,13.89,66.15,1.94,99.9,1541.6,12.51,0,0
3,2024-02-13,4479.6,11.3,65.34,2.51,98.73,1536.8,11.79,0,0
3,2024-02-14,4485.9,6.29,66.46,1.942,98.41,1544.7,11.89,0,0
3,2024-02-15,4492.3,6.41,66.48,2.213,99.04,1533.6,11.83,0,0
3,2024-02-16,4504.5,12.13,67.09,2.167,98.85,1542.1,11.62,0,0
3,2024-02-17,4518.5,14.06,66.9,2.173,99.38,1535.9,12.09,0,0
3,2024-02-18,4528.9,10.38,66.42,2.32,99.15,1530.4,11.61,0,0
3,2024-02-19,4540.4,11.55,64.81,2.083,99.33,1543.6,12.01,0,0
3,2024-02-20,4554.4,14.0,68.38,2.124,99.96,1528.3,11.6,0,0
3,2024-02-21,4566.5,12.11,64.53,2.017,99.5,1536.8,11.41,0,0
3,2024-02-22,4574.8,8.25,66.88,2.358,98.45,1537.6,11.81,0,0
3,2024-02-23,4586.9,12.13,66.36,2.229,97.49,1535.2,11.37,0,0
3,2024-02-24,4599.2,12.28,64.76,2.285,100.28,1544.1,11.86,0,0
3,2024-02-25,4612.5,13.34,65.81,2.311,98.37,1540.8,11.34,0,0
3,2024-02-26,4624.8,12.21,65.85,2.488,98.14,1539.8,11.6,0,0
3,2024-02-27,4640.4,15.69,67.24,2.462,96.88,1536.7,11.27,0,0
3,2024-02-28,4648.4,7.97,65.22,2.238,98.95,1551.1,12.54,0,0
3,2024-02-29,4663.9,15.51,65.67,2.213,98.76,1547.9,11.2,0,0
3,2024-03-01,4675.3,11.38,63.6,2.11,97.1,1543.6,11.7,0,0
3,2024-03-02,4688.0,12.72,67.67,2.301,99.07,1542.2,12.04,0,0
3,2024-03-03,4695.0,6.99,64.86,2.295,98.11,1531.4,12.01,0,0
3,2024-03-04,4704.8,9.81,66.26,2.08,101.3,1535.8,11.95,0,0
3,2024-03-05,4718.5,13.69,65.83,2.297,98.04,1541.3,11.6,0,0
3,2024-03-06,4731.6,13.07,65.83,2.341,98.18,1544.6,12.1,0,0
3,2024-03-07,4738.0,6.4,66.74,2.021,97.74,1543.3,11.97,0,0
3,2024-03-08,4749.5,11.47,67.6,2.218,99.89,1540.8,11.76,0,0
3,2024-03-09,4756.3,6.88,66.18,2.179,98.24,1552.2,11.77,0,0
3,2024-03-10,4772.3,15.96,66.59,2.189,97.89,1535.1,11.61,0,0
3,2024-03-11,4787.3,14.97,66.26,,99.32,1544.3,11.42,0,0
3,2024-03-12,4793.5,6.21,66.95,1.915,97.23,1543.3,12.07,0,0
3,2024-03-13,4808.1,14.59,65.47,2.076,99.24,1539.8,12.09,0,0
3,2024-03-14,4823.3,15.19,67.01,2.055,100.39,1540.0,11.43,0,0
3,2024-03-15,4832.8,9.54,67.04,2.242,99.18,1539.9,11.65,0,0
3,2024-03-16,4846.0,13.2,67.02,2.245,99.25,1530.5,11.65,0,0
3,2024-03-17,4856.4,10.42,65.27,2.236,99.48,1539.4,11.69,0,0
3,2024-03-18,4869.0,12.55,65.76,1.98,100.32,1542.2,11.72,0,0
3,2024-03-19,4878.4,9.4,66.17,2.021,99.82,1538.8,11.98,0,0
3,2024-03-20,4887.6,9.23,64.56,2.097,99.05,1521.5,11.47,0,0
3,2024-03-21,4897.8,10.24,67.53,2.193,99.52,1523.5,11.44,0,0
3,2024-03-22,4905.3,7.46,65.92,2.139,97.73,1529.7,12.07,0,0
3,2024-03-23,4919.6,14.31,,2.236,99.39,1535.3,11.56,0,0
3,2024-03-24,4929.1,9.49,65.36,2.336,97.61,1530.1,11.32,0,0
3,2024-03-25,4939.1,10.0,64.61,2.039,98.25,1541.4,11.55,0,0
3,2024-03-26,4954.0,14.94,65.33,2.045,95.53,1545.7,11.6,0,0
3,2024-03-27,4965.0,10.97,66.15,2.21,99.01,1546.9,12.16,0,0
3,2024-03-28,4976.5,11.44,66.61,2.177,97.97,1538.9,11.97,0,0
3,2024-03-29,4992.0,15.56,66.09,2.301,99.72,1544.9,12.04,0,0
3,2024-03-30,5006.9,14.87,66.28,2.19,99.0,1531.7,11.94,0,0
3,2024-03-31,5014.6,7.69,65.6,2.45,99.74,1535.0,11.98,0,0
3,2024-04-01,5025.3,10.73,66.43,1.951,97.53,1526.9,11.49,0,0
3,2024-04-02,5041.0,15.71,67.42,2.315,99.65,1545.9,11.64,0,0
3,2024-04-03,5050.7,9.72,66.64,2.219,100.72,1551.9,11.4,0,0
3,2024-04-04,5060.5,9.72,66.74,1.979,99.38,1533.4,11.63,0,0
3,2024-04-05,5068.4,7.95,66.23,1.879,99.4,1518.8,11.9,0,0
3,2024-04-06,5075.6,7.14,64.43,2.021,98.78,1528.6,11.74,0,0
3,2024-04-07,5089.0,13.4,64.89,2.371,98.09,1531.0,12.09,0,0
3,2024-04-08,5102.7,13.7,66.39,2.354,99.37,1525.6,11.35,0,0
3,2024-04-09,5118.4,15.69,65.92,2.17,97.11,1528.0,11.85,0,0
3,2024-04-10,5132.1,13.73,66.37,2.135,98.19,1537.8,11.32,0,0
3,2024-04-11,5140.5,8.43,67.61,2.061,96.84,1541.5,11.73,0,0
3,2024-04-12,5146.9,6.4,66.66,2.161,97.91,1519.7,11.92,0,0
3,2024-04-13,5162.8,15.85,67.19,2.118,99.25,1531.9,11.63,0,0
3,2024-04-14,5172.2,9.4,66.03,2.446,99.12,1536.5,11.86,0,0
3,2024-04-15,5181.3,9.12,65.13,2.004,98.66,1527.7,11.41,0,0
3,2024-04-16,5196.4,15.06,65.87,2.248,98.78,1538.1,11.2,0,0
3,2024-04-17,5208.2,11.85,65.13,2.453,96.73,1535.3,11.86,0,0
3,2024-04-18,5216.4,8.15,67.49,2.306,98.24,1532.6,12.22,0,0
3,2024-04-19,5231.2,14.89,66.72,2.021,97.93,1529.3,11.4,0,0
3,2024-04-20,5247.2,15.93,66.45,1.958,97.95,1538.4,12.06,0,0
3,2024-04-21,5254.0,6.87,67.17,2.231,99.21,1530.1,11.71,0,0
3,2024-04-22,5268.7,14.62,63.91,2.212,97.75,1522.3,11.3,0,0
3,2024-04-23,5278.6,9.91,66.52,2.374,98.01,1536.4,11.36,0,0
3,2024-04-24,5289.8,11.24,64.62,2.272,96.53,1526.3,11.7,0,0
3,2024-04-25,5305.0,15.15,65.93,2.117,98.32,1523.0,11.58,0,0
3,2024-04-26,5320.7,15.73,65.62,2.106,97.52,1537.2,11.3,0,0
3,2024-04-27,5329.3,8.62,66.59,1.993,98.69,1534.9,11.19,0,0
3,2024-04-28,5337.4,8.13,66.16,2.209,97.66,1529.3,11.44,0,0
3,2024-04-29,5344.3,6.81,67.28,1.979,98.72,1538.0,11.76,0,0
3,2024-04-30,5355.9,11.62,65.33,2.326,98.47,1539.6,11.7,0,0
3,2024-05-01,5362.0,6.14,66.64,,100.28,1538.1,11.55,0,0
3,2024-05-02,5372.1,10.12,66.09,2.273,99.11,1537.8,11.76,0,0
3,2024-05-03,5378.9,6.73,64.3,1.991,96.77,1523.4,12.01,0,0
3,2024-05-04,5388.9,10.05,65.01,2.167,97.35,1546.5,11.82,0,0
3,2024-05-05,5395.3,6.4,65.78,2.131,98.67,1540.7,11.66,0,0
3,2024-05-06,5409.7,14.35,67.04,2.205,97.68,1528.6,11.98,0,0
3,2024-05-07,5417.8,8.1,66.4,2.269,95.64,1536.1,11.41,0,0
3,2024-05-08,5427.0,9.28,64.77,2.112,99.96,1537.6,11.63,0,0
3,2024-05-09,5441.7,14.7,65.79,2.118,99.33,1535.9,11.64,0,0
3,2024-05-10,5455.2,13.46,67.95,2.291,99.13,1550.5,11.33,0,0
3,2024-05-11,5463.4,8.19,66.04,2.02,98.01,1520.6,11.57,0,0
3,2024-05-12,5470.1,6.72,65.61,2.077,99.04,1524.4,11.07,0,0
3,2024-05-13,5483.3,13.16,66.42,2.19,97.91,1517.8,12.27,0,0
3,2024-05-14,5493.2,9.91,66.7,2.324,98.82,1536.8,11.42,0,0
3,2024-05-15,5506.8,13.66,65.48,2.044,97.69,1540.6,12.17,0,0
3,2024-05-16,5517.3,10.45,,2.458,100.13,1539.1,11.71,0,0
3,2024-05-17,5526.8,9.46,65.6,1.987,97.04,1533.9,11.87,0,0
3,2024-05-18,5537.3,10.51,66.65,2.422,99.84,1539.5,11.55,0,0
3,2024-05-19,5550.8,13.49,66.1,2.369,98.65,1533.8,11.76,0,0
3,2024-05-20,5565.8,15.02,66.41,1.975,98.12,1542.1,11.89,0,0
3,2024-05-21,5572.3,6.5,65.17,,98.78,1545.1,11.9,0,0
3,2024-05-22,5583.5,11.24,65.11,2.297,99.35,1528.8,11.93,0,0
3,2024-05-23,5589.8,6.33,66.88,2.133,99.98,1533.9,11.59,0,0
3,2024-05-24,5600.5,10.68,65.85,2.038,98.93,1535.2,11.55,0,0
3,2024-05-25,5615.4,14.85,66.22,2.461,97.72,1547.6,11.22,0,0
3,2024-05-26,5625.0,9.62,65.63,2.01,98.67,1529.7,11.85,0,0
3,2024-05-27,5640.3,15.32,66.83,2.08,100.43,1545.0,12.02,0,0
3,2024-05-28,5652.6,12.31,65.32,2.098,99.96,1524.5,12.18,0,0
3,2024-05-29,5668.0,15.34,65.8,1.769,99.52,1546.2,11.79,0,0
3,2024-05-30,5681.5,13.57,66.72,2.203,99.41,1543.0,11.47,0,0
3,2024-05-31,5688.6,7.03,67.11,2.053,99.31,1535.0,11.19,0,0
3,2024-06-01,5696.9,8.31,,2.311,,1543.5,12.01,0,0
3,2024-06-02,5706.8,9.94,67.89,2.331,98.16,1532.2,11.16,0,0
3,2024-06-03,5714.5,7.7,66.25,2.224,97.26,1528.8,11.6,0,0
3,2024-06-04,5725.5,10.95,64.89,2.226,98.68,1549.9,11.63,0,0
3,2024-06-05,5736.2,10.71,67.52,2.316,97.12,1525.3,11.8,0,0
3,2024-06-06,5751.8,15.56,67.98,2.289,96.21,1528.4,11.95,0,0
3,2024-06-07,5762.1,10.34,70.02,2.405,95.87,1525.3,12.1,0,0
3,2024-06-08,5775.9,13.86,70.75,2.798,98.4,1516.3,11.45,0,0
3,2024-06-09,5791.4,15.42,72.09,2.813,95.38,1508.1,12.3,0,0
3,2024-06-10,5806.1,14.77,72.32,2.836,94.93,1502.1,11.75,0,0
3,2024-06-11,5814.2,8.09,75.44,2.998,92.67,1498.5,12.76,0,0
3,2024-06-12,5825.2,10.96,74.51,3.001,91.37,1486.0,12.49,0,0
3,2024-06-13,5834.7,9.48,75.77,3.141,91.72,1476.6,12.13,0,0
3,2024-06-14,5844.7,10.0,,3.305,93.3,1459.4,12.65,0,0
3,2024-06-15,5854.3,9.61,80.91,3.007,91.53,1466.3,12.85,0,0
3,2024-06-16,5868.5,14.26,80.17,3.557,91.11,1465.4,13.49,0,0
3,2024-06-17,5879.1,10.52,82.44,3.648,90.58,1441.8,13.32,1,0
3,2024-06-18,5890.3,11.24,84.03,3.509,,1442.1,13.48,1,0
3,2024-06-19,5906.1,15.82,84.99,,89.88,1440.8,13.85,1,0
3,2024-06-20,5912.7,6.6,85.08,3.498,87.18,1442.9,13.59,1,0
3,2024-06-21,5923.6,10.88,85.52,3.987,88.55,1414.9,13.96,1,0
3,2024-06-22,5937.3,13.74,85.62,4.042,86.91,1424.0,14.06,1,0
3,2024-06-23,5944.8,7.51,88.78,4.092,84.0,1408.2,13.59,1,0
3,2024-06-24,5957.0,12.12,91.43,4.244,84.37,1399.1,14.54,0,1
3,2024-06-25,5965.4,8.39,64.81,2.277,96.83,1528.9,11.27,0,0
3,2024-06-26,5980.0,14.67,66.63,1.919,99.78,1531.0,11.97,0,0
3,2024-06-27,5989.3,9.27,64.98,2.339,98.59,1540.2,11.24,0,0
3,2024-06-28,5998.6,9.29,66.04,2.128,96.38,1534.4,11.88,0,0
3,2024-06-29,6010.6,11.98,66.64,2.342,98.99,1541.9,12.26,0,0
3,2024-06-30,6018.4,7.84,65.27,2.286,98.08,1527.2,11.63,0,0
3,2024-07-01,6027.3,8.85,66.1,2.125,97.13,1541.8,11.62,0,0
3,2024-07-02,6037.4,10.17,65.52,2.177,100.29,1539.7,11.88,0,0
3,2024-07-03,6047.0,9.54,66.64,2.186,98.72,1524.1,11.6,0,0
3,2024-07-04,6058.2,11.25,66.17,2.43,98.32,1548.3,12.24,0,0
3,2024-07-05,6070.2,12.0,65.99,2.018,98.21,1538.9,11.76,0,0
3,2024-07-06,6081.9,11.67,67.49,2.124,97.1,1542.3,11.6,0,0
3,2024-07-07,6094.4,12.54,66.59,1.952,97.31,1545.5,11.54,0,0
3,2024-07-08,6103.5,9.08,65.24,2.208,99.9,1543.9,11.42,0,0
3,2024-07-09,6110.8,7.26,65.85,2.096,98.14,1535.2,11.51,0,0
3,2024-07-10,6124.4,13.61,65.86,2.114,98.63,1542.0,11.59,0,0
3,2024-07-11,6138.9,14.51,66.01,2.412,96.57,1521.7,11.55,0,0
3,2024-07-12,6147.4,8.57,68.46,2.066,97.29,1539.4,11.5,0,0
3,2024-07-13,6157.5,10.07,66.3,2.165,99.22,1550.1,12.33,0,0
3,2024-07-14,6168.5,10.99,63.9,2.121,98.99,1530.6,11.39,0,0
3,2024-07-15,6179.8,11.33,65.39,2.13,100.37,1543.5,11.74,0,0
3,2024-07-16,6192.4,12.59,64.0,2.605,99.96,1550.4,11.88,0,0
3,2024-07-17,6198.8,6.42,65.6,1.929,98.38,1541.7,11.89,0,0
3,2024-07-18,6212.1,13.21,63.95,,99.09,1544.4,11.68,0,0
3,2024-07-19,6218.7,6.62,65.06,2.553,98.3,1523.6,11.63,0,0
3,2024-07-20,6229.4,10.68,64.41,2.351,100.67,1528.7,11.83,0,0
3,2024-07-21,6243.6,14.28,66.32,2.196,99.76,1547.6,11.78,0,0
3,2024-07-22,6254.1,10.51,65.93,2.013,98.78,1543.9,11.62,0,0
3,2024-07-23,6261.6,7.49,66.24,2.385,98.81,1540.2,11.23,0,0
3,2024-07-24,6277.5,15.85,65.83,2.33,100.06,1534.1,11.56,0,0
3,2024-07-25,6292.4,14.89,64.54,1.96,99.19,1538.5,11.35,0,0
3,2024-07-26,6306.1,13.71,66.45,2.141,100.17,1550.1,11.5,0,0
3,2024-07-27,6316.2,10.12,67.85,2.008,96.42,1535.4,11.71,0,0
3,2024-07-28,6324.0,7.84,66.34,1.76,99.07,1541.8,11.8,0,0
3,2024-07-29,6339.5,15.41,65.51,2.005,98.1,1541.6,12.23,0,0
3,2024-07-30,6350.8,11.32,64.5,2.205,100.37,1530.9,11.54,0,0
3,2024-07-31,6365.3,14.52,65.02,2.276,100.16,1531.5,11.93,0,0
3,2024-08-01,6374.7,9.42,66.39,2.141,98.65,1548.4,11.79,0,0
3,2024-08-02,6384.1,9.35,67.01,2.395,100.15,1540.8,12.09,0,0
3,2024-08-03,6399.9,15.86,66.19,2.344,100.4,1530.8,11.87,0,0
3,2024-08-04,6411.2,11.22,66.73,2.171,98.69,1533.7,11.39,0,0
3,2024-08-05,6418.6,7.41,,2.151,101.08,1528.3,11.18,0,0
3,2024-08-06,6426.8,8.2,66.44,,98.58,1544.7,11.79,0,0
3,2024-08-07,6437.6,10.82,65.27,2.187,98.4,1534.2,11.54,0,0
3,2024-08-08,6444.0,6.42,66.11,1.975,99.48,1534.3,11.4,0,0
3,2024-08-09,6454.6,10.63,65.08,2.145,98.26,1542.9,11.32,0,0
3,2024-08-10,6464.8,10.19,65.95,2.289,98.7,1522.8,11.75,0,0
3,2024-08-11,6478.6,13.79,66.26,2.387,100.02,1535.9,12.15,0,0
3,2024-08-12,6488.2,9.55,67.61,2.333,98.63,1536.1,11.57,0,0
3,2024-08-13,6504.0,15.83,64.62,2.239,96.92,1533.9,11.87,0,0
3,2024-08-14,6511.8,7.81,66.41,2.408,98.98,1531.8,11.67,0,0
3,2024-08-15,6523.7,11.91,67.41,2.253,97.92,1530.5,11.31,0,0
3,2024-08-16,6530.6,6.9,66.69,2.176,99.48,1538.5,11.92,0,0
3,2024-08-17,6543.9,13.34,,2.411,99.31,1528.1,11.37,0,0
3,2024-08-18,6559.9,15.95,66.52,2.297,100.08,1537.5,11.7,0,0
3,2024-08-19,6574.1,14.19,67.23,2.385,99.52,1531.8,11.59,0,0
3,2024-08-20,6585.6,11.56,64.85,2.011,99.7,1532.3,11.97,0,0
3,2024-08-21,6596.5,10.85,64.55,2.06,97.94,1537.8,11.38,0,0
3,2024-08-22,6610.8,14.35,65.93,2.067,99.42,1532.2,11.81,0,0
3,2024-08-23,6626.2,15.36,63.77,2.217,100.58,1546.3,11.45,0,0
3,2024-08-24,6642.1,15.89,67.16,2.463,97.92,1535.1,11.54,0,0
3,2024-08-25,6652.1,9.97,67.15,2.019,100.41,1544.6,10.61,0,0
3,2024-08-26,6668.0,15.91,65.5,2.325,98.06,1530.1,12.32,0,0
3,2024-08-27,6675.5,7.56,65.56,2.009,97.76,1529.9,11.86,0,0
3,2024-08-28,6684.1,8.54,65.86,2.507,98.91,1522.9,11.47,0,0
3,2024-08-29,6690.9,6.89,65.98,1.95,99.33,1532.3,11.36,0,0
3,2024-08-30,6699.7,8.72,66.06,2.3,99.52,1534.3,11.55,0,0
3,2024-08-31,6713.3,13.68,66.49,2.321,97.65,1536.8,11.91,0,0
3,2024-09-01,6727.9,14.53,65.76,2.282,99.05,1541.8,11.13,0,0
3,2024-09-02,6741.7,13.79,66.88,2.058,97.93,1541.2,11.65,0,0
3,2024-09-03,6754.0,12.31,66.38,2.031,97.12,1545.3,12.23,0,0
3,2024-09-04,6765.1,11.14,65.33,2.38,97.68,1529.1,11.36,0,0
3,2024-09-05,6778.2,13.09,67.27,2.347,97.86,1536.4,11.72,0,0
3,2024-09-06,6788.1,9.91,64.57,2.345,99.13,1528.2,12.36,0,0
3,2024-09-07,6802.5,14.41,65.84,2.363,99.76,1539.5,11.89,0,0
3,2024-09-08,6815.3,12.77,66.9,1.959,97.14,1550.6,11.74,0,0
3,2024-09-09,6828.3,12.98,65.21,1.954,98.96,1526.6,11.85,0,0
3,2024-09-10,6839.6,11.36,66.24,2.089,97.44,1541.7,11.58,0,0
3,2024-09-11,6854.5,14.85,66.48,2.117,99.24,1544.6,12.09,0,0
3,2024-09-12,6863.0,8.52,65.07,2.101,97.99,1529.1,11.58,0,0
3,2024-09-13,6872.8,9.81,65.86,2.231,97.56,1539.7,11.11,0,0
3,2024-09-14,6886.6,13.78,65.78,2.357,99.41,1533.3,11.58,0,0
3,2024-09-15,6897.5,10.93,65.38,2.145,98.03,1535.2,11.41,0,0
3,2024-09-16,6912.4,14.89,68.23,2.067,98.3,1533.1,11.61,0,0
3,2024-09-17,6921.9,9.46,65.17,2.311,96.39,1534.4,11.62,0,0
3,2024-09-18,6931.6,9.69,66.94,2.147,99.56,1545.4,12.06,0,0
3,2024-09-19,6946.5,14.89,65.54,2.205,99.43,1535.6,11.91,0,0
3,2024-09-20,6957.1,10.64,64.85,2.139,98.62,1531.4,11.78,0,0
3,2024-09-21,6968.3,11.16,66.04,2.24,97.08,1536.8,11.7,0,0
3,2024-09-22,6977.6,9.33,66.58,2.037,99.82,1519.2,11.38,0,0
3,2024-09-23,6986.4,8.77,66.85,2.298,97.95,1529.7,11.04,0,0
3,2024-09-24,6998.9,12.56,67.49,2.184,98.16,1546.2,11.73,0,0
3,2024-09-25,7006.1,7.2,68.88,2.075,100.92,1535.0,11.94,0,0
3,2024-09-26,7020.9,14.79,66.18,2.269,97.91,1532.4,11.66,0,0
3,2024-09-27,7034.7,13.79,65.27,2.075,99.35,1537.6,11.54,0,0
3,2024-09-28,7042.6,7.91,66.39,2.081,99.17,1542.1,11.84,0,0
3,2024-09-29,7055.5,12.94,,2.009,99.0,1546.8,11.67,0,0
3,2024-09-30,7067.6,12.03,66.86,1.934,98.89,1532.6,12.2,0,0
3,2024-10-01,7075.4,7.85,64.64,2.269,98.99,1532.8,12.07,0,0
3,2024-10-02,7084.1,8.73,68.3,2.364,98.88,1534.4,11.99,0,0
3,2024-10-03,7094.2,10.09,66.79,2.122,98.56,1544.4,11.92,0,0
3,2024-10-04,7107.2,12.99,64.25,2.07,100.12,1536.7,11.31,0,0
3,2024-10-05,7119.6,12.39,65.22,1.918,97.3,1553.5,11.9,0,0
3,2024-10-06,7130.9,11.32,66.75,1.863,99.63,1534.9,11.81,0,0
3,2024-10-07,7144.6,13.68,67.11,2.298,99.43,1550.3,11.88,0,0
3,2024-10-08,7158.2,13.58,64.66,1.893,99.31,1529.1,11.85,0,0
3,2024-10-09,7170.4,12.18,66.65,2.018,99.73,1525.1,11.83,0,0
3,2024-10-10,7184.3,13.87,63.99,2.232,98.52,1535.4,12.51,0,0
3,2024-10-11,7193.6,9.34,65.84,2.203,96.74,1545.3,11.67,0,0
3,2024-10-12,7208.4,14.81,67.04,2.238,98.54,1532.4,11.98,0,0
3,2024-10-13,7220.6,12.15,65.38,2.19,97.62,1531.3,11.56,0,0
3,2024-10-14,7234.8,14.22,64.43,2.136,97.88,1544.4,11.93,0,0
3,2024-10-15,7246.2,11.46,66.08,2.019,97.37,1541.8,11.98,0,0
3,2024-10-16,7254.4,8.18,65.33,2.094,98.14,1529.9,11.81,0,0
3,2024-10-17,7265.9,11.42,66.56,2.146,98.02,1529.4,12.2,0,0
3,2024-10-18,7275.6,9.71,65.05,1.906,96.23,1542.8,11.43,0,0
3,2024-10-19,7288.5,12.97,65.16,2.071,99.31,1523.1,11.55,0,0
3,2024-10-20,7299.3,10.76,63.91,2.134,100.83,1544.8,11.76,0,0
3,2024-10-21,7313.7,14.36,66.1,2.086,99.22,1541.7,11.96,0,0
3,2024-10-22,7326.4,12.78,65.77,2.138,98.41,1518.0,11.75,0,0
3,2024-10-23,7339.3,12.85,64.74,2.29,98.56,1536.3,12.08,0,0
3,2024-10-24,7347.5,8.17,66.13,2.308,98.19,1520.4,11.5,0,0
3,2024-10-25,7363.3,15.84,66.96,2.416,98.7,1526.6,11.36,0,0
3,2024-10-26,7377.7,14.42,65.72,1.963,98.58,1532.2,11.79,0,0
3,2024-10-27,7391.6,13.89,66.2,2.126,97.77,1526.1,11.67,0,0
3,2024-10-28,7400.9,9.3,66.21,2.373,100.3,1553.9,11.86,0,0
3,2024-10-29,7412.3,11.36,64.73,1.927,97.13,1543.1,11.69,0,0
3,2024-10-30,7419.6,7.37,67.99,2.013,99.33,1547.1,11.6,0,0
3,2024-10-31,7431.0,11.38,65.46,2.097,98.51,1535.1,11.67,0,0
3,2024-11-01,7438.5,7.46,66.59,2.496,100.51,1536.4,11.71,0,0
3,2024-11-02,7450.0,11.53,66.7,2.043,98.95,1548.8,11.61,0,0
3,2024-11-03,7462.5,12.49,65.79,2.352,98.25,1539.7,11.64,0,0
3,2024-11-04,7472.4,9.9,66.54,2.185,98.36,1541.1,11.58,0,0
3,2024-11-05,7483.4,10.99,66.18,2.017,98.65,1528.9,11.95,0,0
3,2024-11-06,7498.1,14.76,64.51,2.609,97.47,1528.9,11.76,0,0
3,2024-11-07,7505.2,7.09,65.6,2.219,97.85,1538.3,12.37,0,0
3,2024-11-08,7519.1,13.92,65.32,2.246,96.83,1539.2,11.75,0,0
3,2024-11-09,7526.8,7.71,65.47,2.27,97.69,1528.2,11.53,0,0
3,2024-11-10,7533.2,6.37,,2.258,98.71,1539.1,12.5,0,0
3,2024-11-11,7541.1,7.86,,2.512,98.91,1526.4,11.82,0,0
3,2024-11-12,7554.7,13.65,67.53,2.457,96.63,1536.3,11.99,0,0
3,2024-11-13,7564.8,10.05,66.91,2.05,98.48,1524.7,11.87,0,0
3,2024-11-14,7579.5,14.73,67.2,2.492,99.18,1546.8,11.88,0,0
3,2024-11-15,7590.7,11.25,65.59,2.084,98.45,1533.7,11.86,0,0
3,2024-11-16,7597.0,6.22,65.3,2.238,97.98,1530.7,11.37,0,0
3,2024-11-17,7610.1,13.17,65.15,1.972,98.2,1527.0,11.81,0,0
3,2024-11-18,7617.2,7.1,66.58,2.345,98.07,1526.3,11.3,0,0
3,2024-11-19,7631.1,13.89,66.16,2.143,97.98,1539.7,11.65,0,0
3,2024-11-20,7638.8,7.68,65.86,2.017,,1544.2,11.48,0,0
3,2024-11-21,7648.3,9.45,67.23,2.368,100.92,1543.4,11.8,0,0
3,2024-11-22,7661.9,13.61,66.34,2.405,97.87,1547.4,11.8,0,0
3,2024-11-23,7677.4,15.54,65.09,2.41,98.29,1550.2,11.84,0,0
3,2024-11-24,7687.1,9.71,65.25,1.961,98.56,1543.9,11.78,0,0
3,2024-11-25,7701.4,14.29,66.61,2.425,97.93,1532.2,11.52,0,0
3,2024-11-26,7709.3,7.91,66.97,2.144,99.71,1537.6,11.62,0,0
3,2024-11-27,7723.4,14.07,66.48,2.497,96.24,1518.1,11.97,0,0
3,2024-11-28,7736.0,12.57,67.83,2.283,98.08,1541.3,12.02,0,0
3,2024-11-29,7743.9,7.93,67.57,2.227,99.43,1537.4,11.35,0,0
3,2024-11-30,7752.9,9.03,66.37,2.191,98.32,1549.0,11.24,0,0
3,2024-12-01,7760.3,7.32,65.09,2.187,97.79,1530.3,11.48,0,0
3,2024-12-02,7770.1,9.83,64.62,2.087,99.05,1540.3,12.01,0,0
3,2024-12-03,7778.1,8.04,65.55,2.029,99.52,1528.2,12.06,0,0
3,2024-12-04,7790.6,12.44,66.69,2.135,98.82,1535.3,11.42,0,0
3,2024-12-05,7806.5,15.95,68.98,2.471,97.14,1516.5,11.91,0,0
3,2024-12-06,7812.6,6.12,68.78,2.185,97.72,1533.9,12.49,0,0
3,2024-12-07,7824.0,11.41,70.75,2.698,96.19,1524.9,12.18,0,0
3,2024-12-08,7835.8,11.74,70.55,2.621,96.66,1506.1,12.6,0,0
3,2024-12-09,7850.9,15.14,72.64,2.82,96.72,1505.4,12.6,0,0
3,2024-12-10,7862.0,11.06,74.05,2.93,91.96,1497.0,12.14,0,0
3,2024-12-11,7873.4,11.44,72.47,3.047,94.0,1485.2,12.48,0,0
3,2024-12-12,7884.1,10.72,75.25,3.014,91.48,1484.5,12.67,0,0
3,2024-12-13,7892.8,8.69,77.83,3.121,94.98,1473.4,12.81,0,0
3,2024-12-14,7899.4,6.56,78.37,3.349,91.4,1478.2,13.17,0,0
3,2024-12-15,7909.5,10.09,78.11,3.162,91.94,1462.1,13.14,0,0
3,2024-12-16,7916.0,6.53,78.1,3.241,90.48,1476.3,12.26,0,0
3,2024-12-17,7927.5,11.5,81.38,3.453,89.04,1449.9,12.86,1,0
3,2024-12-18,7936.6,9.07,82.89,3.669,88.24,1444.9,12.72,1,0
3,2024-12-19,7947.9,11.34,83.29,4.017,90.08,1441.6,13.55,1,0
3,2024-12-20,7955.2,7.34,85.54,3.838,88.77,1437.5,13.69,1,0
3,2024-12-21,7970.6,15.33,87.11,4.234,89.09,1424.8,13.82,1,0
3,2024-12-22,7985.5,14.95,88.5,4.114,86.52,1421.7,13.57,1,0
3,2024-12-23,7993.4,7.9,86.68,4.071,86.08,1412.5,14.18,1,0
3,2024-12-24,8002.9,9.43,88.94,4.413,84.85,1398.2,14.31,0,1
3,2024-12-25,8015.0,12.13,65.63,2.153,98.33,1527.8,11.32,0,0
3,2024-12-26,8021.9,6.96,66.5,2.227,97.57,1541.8,11.26,0,0
3,2024-12-27,8031.5,9.55,66.42,1.989,98.7,1548.3,11.7,0,0
3,2024-12-28,8040.0,8.51,66.4,1.963,97.82,1523.2,12.23,0,0
3,2024-12-29,8055.2,15.16,65.55,2.272,99.05,1524.7,12.21,0,0
3,2024-12-30,8069.7,14.53,65.6,2.355,98.78,1524.6,11.87,0,0
4,2023-01-01,12.2,12.24,65.1,2.157,96.12,1477.3,12.87,0,0
4,2023-01-02,20.6,8.39,62.71,1.968,95.4,1490.9,13.76,0,0
4,2023-01-03,32.7,12.03,63.32,1.731,93.74,1491.3,13.49,0,0
4,2023-01-04,45.1,12.47,63.19,1.953,94.37,1491.6,12.91,0,0
4,2023-01-05,56.4,11.23,64.09,2.227,97.05,1486.1,12.87,0,0
4,2023-01-06,67.6,11.21,62.46,2.156,96.1,1473.2,13.04,0,0
4,2023-01-07,77.3,9.7,62.78,,95.1,1480.4,12.78,0,0
4,2023-01-08,84.5,7.23,61.64,1.997,95.12,1491.1,12.78,0,0
4,2023-01-09,94.4,9.85,64.14,2.028,92.92,1491.0,12.92,0,0
4,2023-01-10,103.8,9.45,61.63,1.916,96.4,1492.6,12.8,0,0
4,2023-01-11,115.7,11.92,63.69,1.925,94.64,1485.6,12.97,0,0
4,2023-01-12,130.3,14.56,64.83,1.911,94.29,1481.6,13.02,0,0
4,2023-01-13,140.0,9.75,65.08,2.083,95.85,1467.4,11.96,0,0
4,2023-01-14,153.1,13.1,62.84,1.85,94.47,1490.0,12.33,0,0
4,2023-01-15,167.3,14.12,,2.225,93.27,1482.3,12.66,0,0
4,2023-01-16,175.4,8.12,63.08,2.008,,1473.0,12.99,0,0
4,2023-01-17,190.4,15.02,64.05,1.843,93.58,1489.2,12.68,0,0
4,2023-01-18,197.1,6.7,63.02,2.163,95.04,1494.4,13.6,0,0
4,2023-01-19,212.1,15.02,62.88,2.234,95.41,1490.0,13.18,0,0
4,2023-01-20,219.8,7.64,64.22,2.48,94.82,1488.5,13.5,0,0
4,2023-01-21,229.1,9.37,63.19,2.214,94.82,1490.5,13.18,0,0
4,2023-01-22,241.2,12.05,63.0,1.877,96.65,1461.2,12.44,0,0
4,2023-01-23,256.2,15.06,62.27,2.04,96.66,1496.8,12.56,0,0
4,2023-01-24,264.8,8.56,64.18,2.388,94.18,1476.7,12.76,0,0
4,2023-01-25,278.4,13.64,63.4,1.892,94.5,1477.4,12.55,0,0
4,2023-01-26,291.5,13.1,63.14,1.818,94.56,1479.3,13.23,0,0
4,2023-01-27,299.1,7.6,61.29,1.95,95.06,1480.2,12.86,0,0
4,2023-01-28,309.9,10.79,64.1,1.856,95.01,1495.1,12.97,0,0
4,2023-01-29,320.7,10.82,62.02,1.918,96.81,1487.4,13.32,0,0
4,2023-01-30,329.8,9.05,63.6,1.91,94.91,1477.6,13.49,0,0
4,2023-01-31,343.6,13.8,62.37,2.116,94.07,1478.9,12.83,0,0
4,2023-02-01,358.8,15.26,62.08,1.814,94.51,1503.0,12.5,0,0
4,2023-02-02,372.0,13.17,64.08,2.028,95.47,1485.9,12.55,0,0
4,2023-02-03,387.7,15.73,63.25,1.894,94.84,1479.6,13.26,0,0
4,2023-02-04,394.2,6.5,63.19,2.091,95.41,1470.1,12.99,0,0
4,2023-02-05,400.6,6.37,65.1,2.108,94.85,1469.7,12.64,0,0
4,2023-02-06,415.6,14.94,65.09,2.143,95.82,1474.1,13.12,0,0
4,2023-02-07,430.5,14.98,62.9,2.143,95.01,1483.8,12.59,0,0
4,2023-02-08,437.6,7.07,61.84,1.916,93.88,1492.0,12.38,0,0
4,2023-02-09,447.2,9.57,64.56,2.008,94.75,1488.0,12.31,0,0
4,2023-02-10,461.5,14.35,61.81,2.229,97.31,1492.5,12.48,0,0
4,2023-02-11,468.8,7.29,63.63,2.075,96.33,1487.6,13.26,0,0
4,2023-02-12,477.5,8.67,62.88,2.142,93.93,1473.3,12.85,0,0
4,2023-02-13,490.3,12.81,63.23,1.826,96.87,1486.5,12.9,0,0
4,2023-02-14,506.1,15.82,64.38,2.152,95.23,1486.8,12.97,0,0
4,2023-02-15,520.1,13.97,62.36,1.726,94.61,1482.1,12.61,0,0
4,2023-02-16,533.9,13.77,62.54,1.779,94.81,1480.6,12.77,0,0
4,2023-02-17,543.3,9.43,63.91,1.874,,1481.9,12.8,0,0
4,2023-02-18,555.9,12.61,64.94,2.073,96.18,1470.7,12.63,0,0
4,2023-02-19,563.0,7.13,65.62,,95.29,1472.4,12.76,0,0
4,2023-02-20,579.0,15.92,61.7,1.887,95.43,1503.4,12.87,0,0
4,2023-02-21,589.8,10.81,62.73,1.72,96.31,1473.1,12.84,0,0
4,2023-02-22,602.2,12.39,62.12,2.152,94.7,1468.9,13.04,0,0
4,2023-02-23,616.9,14.76,64.0,2.097,95.4,1477.3,12.76,0,0
4,2023-02-24,622.9,6.01,63.21,2.073,95.53,1486.7,13.37,0,0
4,2023-02-25,638.7,15.76,64.03,2.298,95.23,1487.6,12.6,0,0
4,2023-02-26,648.3,9.59,62.76,,95.59,1474.9,12.75,0,0
4,2023-02-27,657.7,9.4,63.85,1.86,94.4,1483.8,13.03,0,0
4,2023-02-28,665.1,7.45,62.97,2.208,96.08,1478.7,13.1,0,0
4,2023-03-01,679.7,14.58,63.29,1.948,94.54,1484.6,12.55,0,0
4,2023-03-02,694.4,14.71,62.57,1.993,95.55,1480.7,12.88,0,0
4,2023-03-03,700.6,6.2,64.51,1.928,95.31,1477.5,13.15,0,0
4,2023-03-04,707.2,6.56,61.89,1.884,94.41,1477.9,12.43,0,0
4,2023-03-05,722.4,15.18,63.04,1.945,96.72,1465.5,12.88,0,0
4,2023-03-06,729.6,7.23,64.93,2.237,96.81,1481.3,12.46,0,0
4,2023-03-07,741.8,12.21,64.43,1.849,94.17,1482.5,12.67,0,0
4,2023-03-08,754.0,12.2,62.31,2.169,95.9,1471.8,12.94,0,0
4,2023-03-09,768.7,14.7,62.36,1.731,94.97,1480.4,12.85,0,0
4,2023-03-10,780.4,11.73,63.66,2.249,94.42,1481.0,12.57,0,0
4,2023-03-11,790.8,10.34,63.8,2.265,95.46,1468.2,13.28,0,0
4,2023-03-12,806.5,15.74,64.34,1.855,95.93,1476.9,12.81,0,0
4,2023-03-13,814.8,8.29,61.74,2.021,95.26,1476.7,13.08,0,0
4,2023-03-14,823.4,8.63,64.47,2.105,94.73,1484.5,13.36,0,0
4,2023-03-15,830.3,6.85,62.25,1.918,96.43,1493.0,12.71,0,0
4,2023-03-16,846.0,15.75,64.48,2.291,96.46,1483.5,13.1,0,0
4,2023-03-17,859.1,13.06,61.53,2.012,94.41,1492.4,13.04,0,0
4,2023-03-18,865.2,6.12,62.04,1.931,95.19,1481.3,12.49,0,0
4,2023-03-19,878.2,13.04,64.87,2.021,93.52,1486.0,13.27,0,0
4,2023-03-20,888.3,10.04,64.93,1.898,95.93,1483.6,12.94,0,0
4,2023-03-21,904.0,15.68,63.25,2.012,96.42,1502.4,12.75,0,0
4,2023-03-22,912.7,8.77,62.82,1.941,95.49,1481.9,12.42,0,0
4,2023-03-23,925.8,13.1,63.13,1.892,94.06,1489.3,12.53,0,0
4,2023-03-24,938.1,12.27,63.56,2.128,96.71,1484.7,12.88,0,0
4,2023-03-25,944.2,6.12,63.66,1.755,97.13,1492.1,12.51,0,0
4,2023-03-26,959.1,14.85,62.86,2.273,94.66,1488.1,13.1,0,0
4,2023-03-27,966.5,7.4,61.21,2.043,95.54,1485.8,12.8,0,0
4,2023-03-28,979.1,12.64,62.61,2.286,95.91,1473.9,12.44,0,0
4,2023-03-29,992.9,13.76,61.6,2.153,95.88,1474.6,12.71,0,0
4,2023-03-30,1005.2,12.31,63.92,1.807,95.14,1478.1,12.59,0,0
4,2023-03-31,1012.1,6.97,63.52,2.019,96.89,1480.7,12.54,0,0
4,2023-04-01,1027.9,15.75,63.04,1.739,93.53,1484.0,12.25,0,0
4,2023-04-02,1036.3,8.37,62.9,1.873,93.54,1478.2,12.94,0,0
4,2023-04-03,1048.5,12.28,65.12,1.988,95.08,1467.3,12.62,0,0
4,2023-04-04,1062.5,13.97,64.3,1.903,96.84,1491.3,13.47,0,0
4,2023-04-05,1077.9,15.39,63.36,1.937,96.26,1486.7,13.21,0,0
4,2023-04-06,1090.0,12.04,62.61,1.909,93.6,1483.6,13.4,0,0
4,2023-04-07,1098.5,8.59,64.44,2.343,97.94,1493.1,13.13,0,0
4,2023-04-08,1112.9,14.37,63.26,2.027,95.65,1476.6,12.74,0,0
4,2023-04-09,1120.5,7.63,62.5,2.102,93.94,1482.0,13.01,0,0
4,2023-04-10,1126.8,6.22,62.56,2.001,95.0,1484.4,12.82,0,0
4,2023-04-11,1141.8,15.08,63.81,2.059,96.06,1479.8,13.01,0,0
4,2023-04-12,1153.6,11.75,64.1,1.7,96.35,1476.7,13.18,0,0
4,2023-04-13,1160.3,6.7,63.79,2.259,95.03,1490.1,13.09,0,0
4,2023-04-14,1172.1,11.8,63.81,1.9,95.62,1485.3,12.91,0,0
4,2023-04-15,1179.5,7.45,62.85,2.181,94.97,1488.1,12.93,0,0
4,2023-04-16,1185.9,6.31,62.61,2.186,95.03,1476.5,12.98,0,0
4,2023-04-17,1193.0,7.17,63.3,1.739,95.82,1489.7,13.24,0,0
4,2023-04-18,1206.8,13.75,63.07,2.017,96.54,1478.1,12.76,0,0
4,2023-04-19,1220.3,13.56,62.15,2.069,93.96,1485.1,12.83,0,0
4,2023-04-20,1232.4,12.04,63.12,2.025,94.86,1498.9,12.76,0,0
4,2023-04-21,1240.5,8.09,63.84,2.009,94.49,1489.9,12.95,0,0
4,2023-04-22,1253.9,13.39,62.76,1.943,94.09,1485.8,13.1,0,0
4,2023-04-23,1263.9,10.08,64.74,1.902,94.04,1493.9,13.0,0,0
4,2023-04-24,1275.0,11.11,61.9,2.167,95.12,1478.5,12.89,0,0
4,2023-04-25,1290.0,14.98,62.33,2.068,94.02,1487.0,13.23,0,0
4,2023-04-26,1300.6,10.58,62.58,2.036,93.99,1476.4,12.67,0,0
4,2023-04-27,1312.9,12.26,63.97,1.769,94.92,1480.2,12.46,0,0
4,2023-04-28,1328.5,15.62,63.36,1.97,94.12,1495.8,13.01,0,0
4,2023-04-29,1339.0,10.51,62.26,2.0,95.6,1485.3,12.9,0,0
4,2023-04-30,1350.6,11.61,61.28,2.135,94.62,1494.3,12.86,0,0
4,2023-05-01,1362.4,11.84,61.96,1.747,93.9,1482.3,12.51,0,0
4,2023-05-02,1370.9,8.41,61.4,1.844,97.42,1492.8,12.97,0,0
4,2023-05-03,1384.2,13.37,64.02,2.278,92.96,1483.5,13.45,0,0
4,2023-05-04,1397.5,13.27,62.09,1.889,95.95,1484.1,12.51,0,0
4,2023-05-05,1405.6,8.14,63.83,1.731,95.44,1483.3,12.86,0,0
4,2023-05-06,1411.8,6.13,63.69,1.904,94.61,1486.0,12.93,0,0
4,2023-05-07,1427.7,15.99,64.34,1.89,94.19,1481.0,12.78,0,0
4,2023-05-08,1439.6,11.82,62.44,2.106,96.82,1472.0,12.96,0,0
4,2023-05-09,1447.4,7.81,63.55,2.105,97.22,1482.8,12.78,0,0
4,2023-05-10,1456.2,8.84,63.27,1.863,94.8,1484.1,12.96,0,0
4,2023-05-11,1468.4,12.18,63.27,1.952,94.66,1496.2,12.83,0,0
4,2023-05-12,1475.8,7.38,63.13,2.089,96.22,1465.0,12.75,0,0
4,2023-05-13,1482.1,6.37,63.99,2.094,94.85,1496.0,12.89,0,0
4,2023-05-14,1496.1,13.98,63.88,1.853,95.68,1491.5,13.05,0,0
4,2023-05-15,1509.3,13.16,63.15,1.87,95.65,1488.6,12.44,0,0
4,2023-05-16,1518.4,9.1,62.69,2.326,95.13,1484.3,13.12,0,0
4,2023-05-17,1525.0,6.58,62.58,1.97,95.26,1474.9,12.69,0,0
4,2023-05-18,1535.8,10.86,63.19,2.233,95.47,1498.7,13.1,0,0
4,2023-05-19,1544.6,8.76,63.37,2.043,94.01,1493.0,12.71,0,0
4,2023-05-20,1554.6,9.98,63.06,2.173,94.42,1485.1,13.12,0,0
4,2023-05-21,1563.3,8.74,61.86,2.102,95.32,1485.4,12.9,0,0
4,2023-05-22,1571.1,7.75,62.85,2.034,94.64,1482.2,12.63,0,0
4,2023-05-23,1580.9,9.87,62.62,2.033,97.87,1487.8,12.78,0,0
4,2023-05-24,1596.6,15.65,63.17,1.823,95.23,1482.7,13.27,0,0
4,2023-05-25,1605.2,8.66,65.69,1.984,93.36,1485.5,12.93,0,0
4,2023-05-26,1614.6,9.36,63.58,1.93,92.28,1486.6,12.77,0,0
4,2023-05-27,1623.9,9.29,64.41,1.96,95.92,1502.5,13.25,0,0
4,2023-05-28,1634.7,10.8,62.47,1.953,95.24,1475.8,13.17,0,0
4,2023-05-29,1649.1,14.44,63.17,2.033,96.54,1484.4,12.66,0,0
4,2023-05-30,1659.1,10.02,64.38,2.104,94.45,1492.9,12.85,0,0
4,2023-05-31,1673.2,14.06,,1.988,94.98,1489.7,12.38,0,0
4,2023-06-01,1680.4,7.15,62.92,,95.38,1488.5,13.17,0,0
4,2023-06-02,1695.3,14.95,63.77,1.946,94.94,1507.2,12.91,0,0
4,2023-06-03,1703.2,7.85,63.08,2.022,94.86,1491.8,13.11,0,0
4,2023-06-04,1709.6,6.39,62.58,2.387,95.82,1478.1,12.33,0,0
4,2023-06-05,1717.1,7.58,62.64,1.828,94.26,1477.2,12.83,0,0
4,2023-06-06,1725.0,7.91,63.47,1.945,95.63,1482.8,12.96,0,0
4,2023-06-07,1736.1,11.09,61.58,1.737,96.92,1479.6,12.28,0,0
4,2023-06-08,1746.6,10.5,63.27,2.043,96.75,1483.7,13.11,0,0
4,2023-06-09,1759.8,13.16,63.88,2.011,93.29,1485.8,12.81,0,0
4,2023-06-10,1766.3,6.51,62.79,2.028,94.61,1485.3,12.38,0,0
4,2023-06-11,1777.3,10.98,61.59,1.872,95.39,1463.4,12.76,0,0
4,2023-06-12,1786.6,9.32,62.64,,96.37,1477.0,13.05,0,0
4,2023-06-13,1798.9,12.31,63.03,2.017,95.31,1488.8,12.64,0,0
4,2023-06-14,1805.3,6.44,62.07,1.798,96.38,1496.2,12.9,0,0
4,2023-06-15,1811.7,6.35,63.18,2.141,94.43,1479.8,12.78,0,0
4,2023-06-16,1822.0,10.27,64.43,1.957,94.89,1473.7,12.56,0,0
4,2023-06-17,1836.1,14.11,66.57,2.299,94.39,1470.0,13.59,0,0
4,2023-06-18,1848.8,12.71,66.32,2.413,94.81,1478.3,13.9,0,0
4,2023-06-19,1855.0,6.17,67.7,2.56,93.88,1458.7,14.25,0,0
4,2023-06-20,1862.7,7.78,68.15,2.551,93.13,1434.1,14.15,0,0
4,2023-06-21,1871.0,8.27,69.34,2.942,92.75,1460.2,14.54,0,0
4,2023-06-22,1881.2,10.23,71.63,2.924,90.16,1445.2,14.16,0,0
4,2023-06-23,1893.1,11.87,71.8,3.283,90.67,1423.1,14.96,0,0
4,2023-06-24,1901.3,8.16,73.97,3.305,89.3,1423.2,15.04,0,0
4,2023-06-25,1911.1,9.83,74.21,3.568,89.12,1414.7,15.36,0,0
4,2023-06-26,1922.9,11.84,74.22,3.461,89.07,1413.2,15.3,0,0
4,2023-06-27,1932.8,9.83,75.78,4.026,86.45,1420.6,16.22,0,0
4,2023-06-28,1940.2,7.43,80.0,4.21,88.04,1387.5,15.63,1,0
4,2023-06-29,1951.1,10.92,78.6,4.12,86.86,1393.5,16.46,1,0
4,2023-06-30,1960.4,9.24,78.19,4.779,86.06,1391.0,16.35,1,0
4,2023-07-01,1975.0,14.64,79.78,4.63,86.68,1383.3,17.51,1,0
4,2023-07-02,1988.8,13.76,81.32,4.634,85.66,1371.3,17.33,1,0
4,2023-07-03,1996.7,7.9,82.25,4.756,85.86,1381.0,17.36,1,0
4,2023-07-04,2004.2,7.53,83.15,4.869,84.34,1364.0,17.31,1,0
4,2023-07-05,2013.7,9.48,86.82,5.054,84.28,1356.8,18.13,0,1
4,2023-07-06,2023.8,10.12,63.81,1.992,97.55,1485.8,11.93,0,0
4,2023-07-07,2039.1,15.32,62.95,2.002,95.72,1480.8,13.03,0,0
4,2023-07-08,2048.1,9.02,62.56,1.798,94.25,1478.6,13.06,0,0
4,2023-07-09,2062.8,14.68,62.99,2.212,96.34,1475.7,13.05,0,0
4,2023-07-10,2073.8,11.05,64.93,2.127,96.64,1500.6,13.16,0,0
4,2023-07-11,2088.7,14.86,62.29,,95.69,1489.4,12.74,0,0
4,2023-07-12,2101.7,13.02,61.57,2.064,94.31,1480.0,13.08,0,0
4,2023-07-13,2114.8,13.08,63.82,2.166,96.13,1493.2,12.71,0,0
4,2023-07-14,2126.0,11.19,64.16,1.821,94.52,1487.3,12.66,0,0
4,2023-07-15,2140.4,14.4,64.6,2.099,96.45,1483.4,12.6,0,0
4,2023-07-16,2148.9,8.54,62.8,1.74,94.85,1474.8,12.83,0,0
4,2023-07-17,2164.0,15.07,62.81,1.863,94.82,1476.5,13.24,0,0
4,2023-07-18,2176.4,12.37,65.16,2.385,95.62,1490.8,13.43,0,0
4,2023-07-19,2186.8,10.39,63.75,1.956,96.51,1489.1,12.83,0,0
4,2023-07-20,2202.6,15.82,63.07,2.006,97.46,1472.1,12.72,0,0
4,2023-07-21,2217.2,14.62,63.65,2.114,95.12,1479.8,13.31,0,0
4,2023-07-22,2230.9,13.72,62.71,2.003,94.69,1488.5,13.04,0,0
4,2023-07-23,2239.7,8.74,63.45,1.855,94.28,1492.0,12.92,0,0
4,2023-07-24,2255.4,15.74,63.44,1.859,93.61,1487.2,12.58,0,0
4,2023-07-25,2268.8,13.43,63.98,2.129,94.09,1479.4,13.34,0,0
4,2023-07-26,2280.9,12.05,62.17,2.053,95.33,1485.0,12.94,0,0
4,2023-07-27,2296.1,15.22,63.51,2.134,96.15,1481.4,12.91,0,0
4,2023-07-28,2303.7,7.62,61.98,2.097,94.19,1486.1,13.07,0,0
4,2023-07-29,2311.1,7.39,65.03,2.018,95.88,1494.9,12.92,0,0
4,2023-07-30,2322.8,11.64,62.73,2.011,94.23,1476.8,13.35,0,0
4,2023-07-31,2329.3,6.57,61.5,2.023,94.36,1485.3,13.21,0,0
4,2023-08-01,2342.0,12.64,65.93,1.954,94.03,1482.3,12.74,0,0
4,2023-08-02,2350.4,8.41,62.63,,96.43,1481.0,12.94,0,0
4,2023-08-03,2357.6,7.19,63.25,2.084,96.7,1482.0,12.73,0,0
4,2023-08-04,2367.7,10.09,61.45,2.225,94.37,1493.6,13.48,0,0
4,2023-08-05,2378.3,10.66,63.1,1.757,94.29,1487.7,12.69,0,0
4,2023-08-06,2386.0,7.7,64.82,2.367,95.72,1479.2,12.87,0,0
4,2023-08-07,2392.4,6.42,63.86,2.113,96.82,1488.3,13.02,0,0
4,2023-08-08,2402.6,10.14,61.45,2.074,96.71,1478.6,13.06,0,0
4,2023-08-09,2416.2,13.6,62.39,1.857,94.71,1468.8,13.11,0,0
4,2023-08-10,2430.9,14.74,64.07,1.902,94.91,1464.6,13.15,0,0
4,2023-08-11,2437.9,6.98,63.79,2.1,93.86,1487.1,13.12,0,0
4,2023-08-12,2449.1,11.25,62.66,2.046,94.7,1480.8,12.78,0,0
4,2023-08-13,2457.8,8.63,63.55,1.815,95.19,1491.1,12.75,0,0
4,2023-08-14,2467.5,9.75,,1.879,93.75,1486.2,12.92,0,0
4,2023-08-15,2482.9,15.33,61.84,1.898,94.55,1485.2,12.74,0,0
4,2023-08-16,2492.4,9.52,60.66,1.885,95.32,1479.5,12.71,0,0
4,2023-08-17,2502.0,9.65,64.08,2.049,93.58,1487.2,12.78,0,0
4,2023-08-18,2510.1,8.09,63.05,1.855,95.56,1495.5,13.54,0,0
4,2023-08-19,2525.7,15.6,63.15,2.126,96.12,1466.9,13.37,0,0
4,2023-08-20,2536.3,10.56,60.08,1.786,95.67,1481.9,12.84,0,0
4,2023-08-21,2548.0,11.7,63.1,2.155,94.6,1493.8,12.29,0,0
4,2023-08-22,2558.5,10.53,63.7,2.468,96.27,1473.9,12.73,0,0
4,2023-08-23,2567.0,8.53,61.06,2.125,96.48,1484.1,13.17,0,0
4,2023-08-24,2581.2,14.1,63.19,1.927,95.41,1477.6,12.44,0,0
4,2023-08-25,2587.4,6.28,63.08,1.934,95.24,1480.9,13.09,0,0
4,2023-08-26,2600.3,12.9,62.68,1.84,94.48,1468.9,13.07,0,0
4,2023-08-27,2612.3,11.94,64.46,2.17,94.69,1491.0,12.92,0,0
4,2023-08-28,2619.7,7.44,64.22,2.033,96.17,1484.3,12.9,0,0
4,2023-08-29,2627.4,7.66,66.47,1.737,96.95,1471.5,12.64,0,0
4,2023-08-30,2640.0,12.59,61.94,1.791,94.68,1486.4,13.12,0,0
4,2023-08-31,2649.1,9.12,63.58,1.745,94.92,1484.7,13.0,0,0
4,2023-09-01,2657.8,8.66,64.65,2.123,94.45,1477.6,12.77,0,0
4,2023-09-02,2664.3,6.59,62.46,1.858,94.66,1498.8,12.67,0,0
4,2023-09-03,2678.0,13.66,64.84,2.134,93.84,1487.2,12.55,0,0
4,2023-09-04,2692.8,14.83,63.52,1.925,95.52,1493.4,13.02,0,0
4,2023-09-05,2707.0,14.2,61.4,2.128,93.83,1481.8,12.85,0,0
4,2023-09-06,2717.7,10.66,61.86,1.97,94.55,1470.1,12.85,0,0
4,2023-09-07,2729.0,11.34,62.57,2.151,95.03,1464.5,12.44,0,0
4,2023-09-08,2737.5,8.42,63.06,1.89,93.78,1475.0,12.58,0,0
4,2023-09-09,2745.2,7.73,64.39,1.898,94.32,1493.9,12.55,0,0
4,2023-09-10,2759.4,14.23,63.06,1.94,93.97,1479.0,13.14,0,0
4,2023-09-11,2773.4,13.98,64.35,2.134,96.2,1491.4,12.96,0,0
4,2023-09-12,2787.2,13.77,63.26,1.846,96.52,1473.7,12.83,0,0
4,2023-09-13,2797.8,10.63,63.16,1.922,94.31,1477.8,13.24,0,0
4,2023-09-14,2812.5,14.65,62.86,1.971,97.86,1478.9,13.2,0,0
4,2023-09-15,2827.7,15.26,64.13,2.069,94.16,1484.9,13.24,0,0
4,2023-09-16,2837.0,9.28,63.28,1.949,94.67,1472.3,12.84,0,0
4,2023-09-17,2845.2,8.25,62.42,2.095,95.59,1476.7,12.49,0,0
4,2023-09-18,2855.9,10.64,63.48,1.897,95.68,1481.2,13.42,0,0
4,2023-09-19,2863.7,7.79,62.69,2.157,94.78,1472.3,13.07,0,0
4,2023-09-20,2878.5,14.84,62.64,2.122,96.19,1469.0,13.07,0,0
4,2023-09-21,2887.9,9.38,64.33,1.923,96.29,1483.3,13.11,0,0
4,2023-09-22,2899.7,11.76,62.99,2.117,95.09,1472.5,13.74,0,0
4,2023-09-23,2911.6,11.95,65.28,1.845,94.95,1492.8,12.88,0,0
4,2023-09-24,2922.8,11.15,63.89,2.033,94.49,1493.0,13.34,0,0
4,2023-09-25,2930.3,7.57,62.38,1.89,94.06,1478.4,12.65,0,0
4,2023-09-26,2946.2,15.91,62.32,2.056,94.3,1487.9,13.16,0,0
4,2023-09-27,2954.0,7.73,61.91,1.983,95.64,1483.6,13.45,0,0
4,2023-09-28,2967.5,13.52,63.76,1.895,95.1,1491.6,12.9,0,0
4,2023-09-29,2981.4,13.91,62.29,1.773,94.85,1479.4,12.33,0,0
4,2023-09-30,2988.8,7.45,60.88,1.976,94.52,1487.2,13.08,0,0
4,2023-10-01,3004.2,15.33,61.5,2.188,94.55,1485.6,12.85,0,0
4,2023-10-02,3015.1,10.88,62.05,2.051,95.05,1485.2,13.16,0,0
4,2023-10-03,3027.3,12.29,63.49,1.774,94.97,1478.1,12.77,0,0
4,2023-10-04,3039.8,12.42,63.07,1.974,95.09,1492.6,13.63,0,0
4,2023-10-05,3050.8,11.05,64.09,2.187,94.65,1479.8,12.94,0,0
4,2023-10-06,3058.2,7.42,62.24,1.962,94.42,1479.8,13.15,0,0
4,2023-10-07,3071.8,13.52,62.83,1.863,95.1,1477.3,12.61,0,0
4,2023-10-08,3083.6,11.82,64.9,2.271,95.75,1477.8,12.56,0,0
4,2023-10-09,3090.8,7.19,62.81,1.847,94.59,1481.2,12.52,0,0
4,2023-10-10,3103.8,13.0,63.37,1.975,92.71,1486.7,12.52,0,0
4,2023-10-11,3116.8,13.03,62.49,1.916,93.73,1489.3,13.11,0,0
4,2023-10-12,3128.3,11.48,62.92,2.107,96.17,1484.1,12.73,0,0
4,2023-10-13,3135.2,6.91,63.63,2.081,96.09,1494.4,12.53,0,0
4,2023-10-14,3144.7,9.53,63.81,1.874,95.74,1484.0,12.7,0,0
4,2023-10-15,3151.2,6.51,63.27,,95.61,1468.7,13.12,0,0
4,2023-10-16,3162.0,10.78,62.89,2.03,96.11,1473.8,13.11,0,0
4,2023-10-17,3177.1,15.06,63.28,2.041,94.75,1488.7,13.21,0,0
4,2023-10-18,3183.1,6.02,62.41,1.974,,1480.5,12.83,0,0
4,2023-10-19,3191.7,8.67,62.93,1.963,94.32,1479.9,13.51,0,0
4,2023-10-20,3205.7,14.0,63.48,1.824,94.92,1475.4,13.24,0,0
4,2023-10-21,3211.8,6.1,,2.286,,1479.9,12.56,0,0
4,2023-10-22,3217.9,6.1,62.24,2.104,94.27,1480.0,13.15,0,0
4,2023-10-23,3230.0,12.11,62.97,2.01,93.93,1487.0,12.92,0,0
4,2023-10-24,3243.9,13.89,62.15,,94.9,1481.1,12.86,0,0
4,2023-10-25,3257.7,13.77,62.71,1.978,94.7,1493.3,12.91,0,0
4,2023-10-26,3271.5,13.8,64.15,1.887,95.36,1477.8,12.71,0,0
4,2023-10-27,3281.1,9.61,62.61,2.061,95.89,1484.7,13.21,0,0
4,2023-10-28,3295.9,14.83,63.05,2.03,94.72,1469.8,12.74,0,0
4,2023-10-29,3302.1,6.13,61.91,2.261,97.2,1488.3,12.74,0,0
4,2023-10-30,3311.2,9.12,62.59,1.898,96.33,1471.7,13.14,0,0
4,2023-10-31,3320.6,9.37,61.6,1.864,94.33,1487.6,13.56,0,0
4,2023-11-01,3328.2,7.66,63.43,2.324,95.02,1468.4,12.76,0,0
4,2023-11-02,3337.6,9.36,63.52,2.186,95.62,1474.8,12.54,0,0
4,2023-11-03,3349.4,11.86,63.49,2.104,94.27,1489.8,13.25,0,0
4,2023-11-04,3360.6,11.2,63.55,1.906,93.03,1495.6,12.97,0,0
4,2023-11-05,3369.8,9.19,63.49,2.071,97.03,1461.3,13.06,0,0
4,2023-11-06,3383.3,13.49,61.62,1.815,93.99,1474.4,12.92,0,0
4,2023-11-07,3396.5,13.15,62.36,1.932,95.95,1497.7,13.09,0,0
4,2023-11-08,3405.3,8.81,60.91,1.834,,1484.2,13.02,0,0
4,2023-11-09,3414.5,9.23,62.69,1.896,94.28,1474.8,12.75,0,0
4,2023-11-10,3423.4,8.88,62.28,1.83,97.06,1494.9,13.12,0,0
4,2023-11-11,3430.7,7.29,63.11,2.113,95.16,1487.8,13.06,0,0
4,2023-11-12,3444.2,13.53,65.61,2.277,95.23,1484.0,12.8,0,0
4,2023-11-13,3450.7,6.46,63.93,2.155,93.56,1467.7,12.86,0,0
4,2023-11-14,3458.2,7.51,,2.121,92.98,1499.8,12.67,0,0
4,2023-11-15,3465.2,7.05,63.97,1.958,94.85,1485.2,13.05,0,0
4,2023-11-16,3479.5,14.25,,2.038,96.39,1480.6,13.05,0,0
4,2023-11-17,3485.9,6.44,63.14,1.848,93.23,1494.8,12.9,0,0
4,2023-11-18,3498.6,12.65,64.01,1.814,95.24,1475.7,12.57,0,0
4,2023-11-19,3505.0,6.44,63.4,1.791,95.18,1474.3,12.3,0,0
4,2023-11-20,3518.9,13.86,,1.826,96.34,1475.3,12.84,0,0
4,2023-11-21,3534.0,15.13,64.58,2.112,96.11,1480.0,12.98,0,0
4,2023-11-22,3544.9,10.87,63.59,2.128,95.24,1483.3,13.1,0,0
4,2023-11-23,3558.9,14.05,61.73,1.873,95.0,1488.2,13.25,0,0
4,2023-11-24,3572.0,13.06,62.97,2.053,94.38,1473.1,12.8,0,0
4,2023-11-25,3585.9,13.96,63.2,2.18,93.95,1485.5,12.44,0,0
4,2023-11-26,3599.6,13.67,62.75,1.986,94.47,1478.3,12.76,0,0
4,2023-11-27,3607.7,8.05,62.77,1.897,,1482.2,13.57,0,0
4,2023-11-28,3618.7,11.0,62.73,1.946,94.99,1492.7,13.4,0,0
4,2023-11-29,3634.3,15.6,61.37,2.223,95.06,1487.0,13.04,0,0
4,2023-11-30,3643.7,9.44,61.19,1.998,94.82,1487.7,12.78,0,0
4,2023-12-01,3659.4,15.7,62.5,2.329,95.21,1478.1,12.88,0,0
4,2023-12-02,3671.2,11.83,62.75,1.909,94.64,1498.5,13.42,0,0
4,2023-12-03,3681.8,10.62,,1.933,95.94,1488.5,12.97,0,0
4,2023-12-04,3694.4,12.58,62.13,1.798,95.32,1479.7,12.8,0,0
4,2023-12-05,3708.6,14.16,62.9,2.17,94.61,1492.2,13.31,0,0
4,2023-12-06,3718.5,9.94,64.18,2.023,93.93,1487.6,12.33,0,0
4,2023-12-07,3724.9,6.33,64.12,1.874,95.01,1473.0,12.61,0,0
4,2023-12-08,3737.9,13.09,64.15,1.955,96.24,1484.7,12.67,0,0
4,2023-12-09,3753.5,15.56,62.14,2.081,95.69,1475.3,13.21,0,0
4,2023-12-10,3765.8,12.25,62.93,1.885,95.85,1466.8,12.74,0,0
4,2023-12-11,3773.6,7.88,64.39,2.06,95.82,1479.6,12.38,0,0
4,2023-12-12,3782.1,8.48,61.39,2.144,96.31,1492.1,12.7,0,0
4,2023-12-13,3797.2,15.1,62.69,1.944,95.96,1494.9,12.77,0,0
4,2023-12-14,3803.4,6.14,63.37,1.729,95.24,1479.0,12.89,0,0
4,2023-12-15,3814.8,11.49,61.45,1.968,94.69,1480.8,12.95,0,0
4,2023-12-16,3822.4,7.59,63.58,1.933,95.97,1494.2,13.2,0,0
4,2023-12-17,3831.3,8.83,64.7,1.822,92.68,1488.4,12.82,0,0
4,2023-12-18,3840.3,9.07,64.37,2.097,96.36,1487.0,12.74,0,0
4,2023-12-19,3848.5,8.19,62.97,2.103,95.79,1484.2,12.92,0,0
4,2023-12-20,3862.4,13.92,63.96,2.041,96.73,1488.9,12.98,0,0
4,2023-12-21,3871.8,9.32,61.43,1.944,93.98,1482.8,12.73,0,0
4,2023-12-22,3881.2,9.45,63.43,2.029,96.26,1495.3,12.4,0,0
4,2023-12-23,3891.8,10.53,63.96,2.068,95.23,1475.9,13.01,0,0
4,2023-12-24,3906.8,15.02,65.22,2.425,93.42,1469.6,13.65,0,0
4,2023-12-25,3919.7,12.88,66.59,2.413,93.36,1448.0,13.63,0,0
4,2023-12-26,3926.3,6.62,67.98,2.598,,1466.7,14.27,0,0
4,2023-12-27,3932.7,6.39,67.25,2.767,92.07,1444.4,14.3,0,0
4,2023-12-28,3944.3,11.66,68.83,3.439,90.55,1426.9,14.24,0,0
4,2023-12-29,3959.2,14.87,70.67,2.953,92.55,1438.2,15.08,0,0
4,2023-12-30,3968.4,9.23,70.26,3.192,89.89,1430.8,14.63,0,0
4,2023-12-31,3976.9,8.48,73.28,3.179,89.26,1430.9,14.64,0,0
4,2024-01-01,3990.4,13.48,75.09,3.614,90.97,1426.3,15.49,0,0
4,2024-01-02,4002.4,12.02,76.76,3.992,87.84,1408.3,15.4,0,0
4,2024-01-03,4014.1,11.65,76.57,3.855,88.41,1430.4,15.86,0,0
4,2024-01-04,4021.6,7.49,79.47,3.949,87.18,1400.9,15.81,1,0
4,2024-01-05,4029.3,7.76,78.66,4.193,89.28,1382.8,16.38,1,0
4,2024-01-06,4038.1,8.82,78.55,4.514,88.26,1402.7,16.77,1,0
4,2024-01-07,4046.2,8.07,80.86,4.723,85.76,1389.7,17.06,1,0
4,2024-01-08,4061.9,15.71,81.82,4.516,85.05,1380.9,16.78,1,0
4,2024-01-09,4068.1,6.19,83.65,4.928,86.29,1368.0,16.96,1,0
4,2024-01-10,4080.4,12.26,84.52,4.971,85.42,1365.6,17.73,1,0
4,2024-01-11,4091.5,11.18,85.56,5.359,84.1,1341.7,17.75,0,1
4,2024-01-12,4100.8,9.23,64.12,2.353,94.65,1480.9,12.74,0,0
4,2024-01-13,4115.6,14.88,62.72,2.282,94.86,1502.7,12.88,0,0
4,2024-01-14,4128.3,12.7,63.69,,96.0,1475.4,12.86,0,0
4,2024-01-15,4144.3,15.98,63.43,1.882,96.67,1484.5,13.02,0,0
4,2024-01-16,4152.0,7.69,63.26,2.263,96.92,1469.6,13.06,0,0
4,2024-01-17,4158.9,6.88,63.08,,94.36,1478.9,13.21,0,0
4,2024-01-18,4166.3,7.39,61.88,1.893,95.15,1473.0,12.83,0,0
4,2024-01-19,4175.0,8.69,62.9,1.804,96.44,1486.5,13.21,0,0
4,2024-01-20,4185.2,10.17,62.96,2.03,94.23,1484.8,13.09,0,0
4,2024-01-21,4199.8,14.63,62.43,1.947,94.41,1472.7,13.17,0,0
4,2024-01-22,4208.6,8.84,61.79,2.067,95.89,1483.8,12.58,0,0
4,2024-01-23,4223.8,15.15,62.59,2.037,94.63,1484.1,12.88,0,0
4,2024-01-24,4234.4,10.63,62.68,1.826,93.62,1484.5,13.48,0,0
4,2024-01-25,4246.9,12.47,61.81,1.886,94.27,1489.9,12.5,0,0
4,2024-01-26,4255.5,8.64,61.81,2.15,96.09,1495.6,13.45,0,0
4,2024-01-27,4263.1,7.56,61.06,2.164,95.34,1478.2,13.43,0,0
4,2024-01-28,4277.8,14.69,63.45,1.953,93.53,1480.6,13.13,0,0
4,2024-01-29,4284.9,7.1,64.13,2.035,94.49,1481.7,12.51,0,0
4,2024-01-30,4298.6,13.74,63.17,1.853,96.92,1472.7,12.85,0,0
4,2024-01-31,4310.4,11.81,62.75,2.001,95.03,1475.0,13.15,0,0
4,2024-02-01,4325.0,14.61,61.76,2.174,94.85,1487.6,12.51,0,0
4,2024-02-02,4338.2,13.18,60.95,2.259,95.1,1498.5,13.11,0,0
4,2024-02-03,4347.0,8.82,63.12,1.99,95.3,1474.8,12.94,0,0
4,2024-02-04,4358.8,11.74,63.77,1.962,94.7,1501.4,12.74,0,0
4,2024-02-05,4364.9,6.13,62.32,1.793,96.44,1478.5,12.57,0,0
4,2024-02-06,4375.6,10.75,64.21,1.919,94.62,1492.8,13.35,0,0
4,2024-02-07,4382.5,6.86,62.46,1.998,96.09,1486.5,13.14,0,0
4,2024-02-08,4392.8,10.29,64.24,1.983,96.92,1484.6,12.86,0,0
4,2024-02-09,4399.9,7.1,62.37,1.924,95.47,1479.7,12.92,0,0
4,2024-02-10,4415.4,15.55,60.49,2.187,94.05,1483.2,12.83,0,0
4,2024-02-11,4426.7,11.23,63.78,2.071,95.28,1477.4,12.37,0,0
4,2024-02-12,4441.8,15.13,62.23,1.984,94.53,1490.6,13.3,0,0
4,2024-02-13,4448.0,6.22,61.61,2.111,95.99,1492.0,12.98,0,0
4,2024-02-14,4460.4,12.38,63.63,2.005,95.3,1477.9,13.2,0,0
4,2024-02-15,4469.5,9.07,62.26,2.242,94.98,1470.0,12.77,0,0
4,2024-02-16,4479.8,10.32,61.74,1.889,94.09,1480.5,12.94,0,0
4,2024-02-17,4494.5,14.73,64.46,2.058,93.23,1499.0,13.01,0,0
4,2024-02-18,4510.3,15.8,62.95,1.69,94.28,1484.9,13.22,0,0
4,2024-02-19,4518.8,8.46,61.72,1.95,95.75,1492.3,13.45,0,0
4,2024-02-20,4534.3,15.48,62.69,2.031,96.28,1475.7,12.81,0,0
4,2024-02-21,4547.2,12.89,65.28,1.961,94.79,1479.2,12.81,0,0
4,2024-02-22,4562.7,15.51,63.26,1.843,94.15,1480.6,12.84,0,0
4,2024-02-23,4574.3,11.62,,1.905,95.29,1473.7,12.73,0,0
4,2024-02-24,4589.9,15.61,63.65,1.858,95.78,1484.4,13.7,0,0
4,2024-02-25,4604.8,14.92,62.7,1.991,95.87,1476.5,12.41,0,0
4,2024-02-26,4612.1,7.29,62.64,2.126,95.29,1490.7,13.72,0,0
4,2024-02-27,4621.2,9.11,62.49,1.957,97.17,1483.8,13.1,0,0
4,2024-02-28,4629.7,8.43,64.0,2.28,96.36,1494.9,12.89,0,0
4,2024-02-29,4641.4,11.72,63.34,2.043,93.87,1469.7,12.66,0,0
4,2024-03-01,4655.4,14.03,64.57,1.701,93.63,1478.8,12.9,0,0
4,2024-03-02,4669.0,13.59,63.46,2.059,93.97,1479.8,12.74,0,0
4,2024-03-03,4682.3,13.27,64.68,2.001,96.26,1486.8,13.32,0,0
4,2024-03-04,4692.0,9.75,63.8,2.215,93.39,1479.7,13.1,0,0
4,2024-03-05,4699.4,7.4,62.89,2.006,95.55,1496.9,13.41,0,0
4,2024-03-06,4707.5,8.11,63.01,1.971,94.93,1481.6,12.82,0,0
4,2024-03-07,4720.9,13.42,64.98,2.32,93.85,1475.8,12.95,0,0
4,2024-03-08,4728.4,7.48,64.45,1.693,95.34,1481.8,12.88,0,0
4,2024-03-09,4736.6,8.23,64.7,1.957,94.92,1480.5,12.8,0,0
4,2024-03-10,4746.9,10.25,62.14,2.049,95.9,1490.5,12.6,0,0
4,2024-03-11,4753.6,6.72,61.28,1.949,93.47,1479.8,13.13,0,0
4,2024-03-12,4761.7,8.13,62.31,1.694,94.2,1470.9,13.01,0,0
4,2024-03-13,4769.2,7.5,63.32,2.069,94.22,1484.5,12.9,0,0
4,2024-03-14,4784.7,15.51,62.5,1.94,95.76,1477.9,13.06,0,0
4,2024-03-15,4792.7,7.92,63.18,1.988,94.86,1473.8,12.79,0,0
4,2024-03-16,4807.3,14.62,62.7,2.198,96.28,1483.3,12.92,0,0
4,2024-03-17,4814.4,7.15,61.39,2.054,94.7,1482.0,13.17,0,0
4,2024-03-18,4829.1,14.7,63.58,1.916,95.32,1481.3,13.21,0,0
4,2024-03-19,4841.1,11.99,63.18,2.068,96.58,1485.2,13.37,0,0
4,2024-03-20,4855.6,14.5,64.48,1.945,93.32,1478.4,12.58,0,0
4,2024-03-21,4870.3,14.67,63.31,1.963,95.12,1484.0,12.62,0,0
4,2024-03-22,4882.3,11.96,63.93,2.122,95.06,1478.4,12.56,0,0
4,2024-03-23,4897.4,15.18,62.33,1.912,94.31,1489.7,12.72,0,0
4,2024-03-24,4909.3,11.85,63.5,2.093,94.93,1482.9,12.81,0,0
4,2024-03-25,4922.4,13.13,63.96,1.974,95.41,1497.1,13.04,0,0
4,2024-03-26,4932.6,10.16,63.71,1.932,94.35,1479.1,13.26,0,0
4,2024-03-27,4947.7,15.14,62.92,1.933,95.15,1485.9,12.79,0,0
4,2024-03-28,4962.0,14.24,63.5,1.917,94.08,1492.1,13.08,0,0
4,2024-03-29,4969.6,7.67,63.77,2.022,94.89,1487.4,13.29,0,0
4,2024-03-30,4981.4,11.76,64.35,1.967,96.02,1484.2,12.77,0,0
4,2024-03-31,4996.4,14.97,62.59,2.214,96.07,1485.8,12.83,0,0
4,2024-04-01,5010.3,13.93,62.03,1.876,96.27,1487.1,12.93,0,0
4,2024-04-02,5025.9,15.63,62.32,2.09,94.99,1485.5,12.41,0,0
4,2024-04-03,5034.2,8.31,63.3,2.18,94.77,1483.0,13.06,0,0
4,2024-04-04,5043.9,9.67,63.15,2.268,95.83,1489.0,12.55,0,0
4,2024-04-05,5055.0,11.07,63.78,1.887,96.26,1482.4,13.15,0,0
4,2024-04-06,5063.3,8.33,63.98,2.162,95.18,1475.2,12.78,0,0
4,2024-04-07,5073.2,9.94,61.27,2.04,96.61,1499.5,12.76,0,0
4,2024-04-08,5084.6,11.38,62.67,2.167,,1490.1,12.62,0,0
4,2024-04-09,5092.5,7.91,63.36,1.912,94.52,1475.8,13.07,0,0
4,2024-04-10,5101.1,8.57,64.27,1.991,94.65,1481.1,13.07,0,0
4,2024-04-11,5108.3,7.25,63.1,1.954,95.06,1478.5,12.77,0,0
4,2024-04-12,5121.5,13.13,64.52,1.941,93.53,1479.1,13.45,0,0
4,2024-04-13,5131.1,9.62,63.7,2.015,94.54,1490.0,12.92,0,0
4,2024-04-14,5139.3,8.2,63.53,2.383,96.24,1480.4,12.91,0,0
4,2024-04-15,5150.4,11.07,63.04,,96.44,1498.4,12.93,0,0
4,2024-04-16,5157.0,6.68,63.13,1.956,95.38,1468.9,12.71,0,0
4,2024-04-17,5172.3,15.23,63.48,1.965,95.55,1482.8,12.61,0,0
4,2024-04-18,5181.2,8.94,62.95,2.093,94.79,1472.4,12.8,0,0
4,2024-04-19,5196.1,14.86,64.26,1.981,94.46,1485.7,13.1,0,0
4,2024-04-20,5207.1,10.98,64.03,1.981,95.67,1486.7,12.36,0,0
4,2024-04-21,5221.6,14.5,64.35,1.842,94.66,1490.3,12.46,0,0
4,2024-04-22,5230.0,8.47,62.11,2.002,96.79,1473.3,12.73,0,0
4,2024-04-23,5237.8,7.75,62.08,1.63,95.5,1486.5,12.37,0,0
4,2024-04-24,5252.3,14.49,,1.743,95.54,1476.1,12.49,0,0
4,2024-04-25,5260.4,8.13,63.07,1.956,94.04,1483.8,13.15,0,0
4,2024-04-26,5273.9,13.46,63.41,2.108,92.78,1479.5,12.78,0,0
4,2024-04-27,5283.3,9.45,62.03,2.25,95.54,1473.0,12.66,0,0
4,2024-04-28,5296.8,13.48,61.69,2.069,94.6,1488.9,12.95,0,0
4,2024-04-29,5311.9,15.08,63.38,2.089,96.08,1481.0,12.94,0,0
4,2024-04-30,5327.7,15.82,62.39,2.026,94.18,1489.9,13.26,0,0
4,2024-05-01,5337.3,9.6,63.86,2.134,94.56,1490.5,12.38,0,0
4,2024-05-02,5347.0,9.68,62.53,2.041,96.22,1493.6,12.63,0,0
4,2024-05-03,5362.8,15.81,62.26,2.065,95.53,1479.0,12.73,0,0
4,2024-05-04,5377.4,14.62,60.88,1.774,94.09,1475.6,13.03,0,0
4,2024-05-05,5383.9,6.45,64.4,2.048,95.13,1492.7,13.78,0,0
4,2024-05-06,5395.6,11.73,63.85,2.012,97.0,1483.9,13.09,0,0
4,2024-05-07,5403.4,7.81,61.65,1.946,95.24,1493.9,12.83,0,0
4,2024-05-08,5419.3,15.94,61.15,1.957,94.95,1473.6,12.55,0,0
4,2024-05-09,5426.7,7.39,62.55,1.809,95.99,1488.6,12.51,0,0
4,2024-05-10,5438.3,11.59,64.1,2.09,95.45,1483.4,13.18,0,0
4,2024-05-11,5451.0,12.65,62.62,2.044,96.54,1482.7,12.67,0,0
4,2024-05-12,5466.3,15.37,62.94,2.019,95.85,1480.5,12.8,0,0
4,2024-05-13,5480.8,14.47,64.14,2.043,96.0,1474.2,13.41,0,0
4,2024-05-14,5489.3,8.46,62.16,1.822,96.59,1488.4,12.4,0,0
4,2024-05-15,5501.0,11.73,62.47,2.273,94.8,1479.9,12.99,0,0
4,2024-05-16,5516.5,15.54,63.37,2.15,94.5,1484.8,12.64,0,0
4,2024-05-17,5529.9,13.36,62.87,2.102,93.75,1498.5,13.4,0,0
4,2024-05-18,5542.8,12.88,62.27,2.231,94.88,1478.8,12.63,0,0
4,2024-05-19,5556.3,13.55,63.86,2.04,93.79,1480.7,13.11,0,0
4,2024-05-20,5565.6,9.23,63.67,1.966,95.46,1481.8,12.37,0,0
4,2024-05-21,5578.8,13.29,63.98,2.05,94.48,1479.9,13.38,0,0
4,2024-05-22,5587.2,8.33,63.0,2.238,96.06,1480.2,13.19,0,0
4,2024-05-23,5597.5,10.28,61.39,1.875,95.87,1488.7,12.74,0,0
4,2024-05-24,5612.4,14.9,63.16,2.236,94.71,1493.7,13.03,0,0
4,2024-05-25,5618.5,6.19,61.98,1.806,96.07,1484.1,13.2,0,0
4,2024-05-26,5628.7,10.14,61.12,2.089,95.25,1489.0,12.96,0,0
4,2024-05-27,5637.4,8.67,62.88,2.16,93.32,1481.7,12.79,0,0
4,2024-05-28,5645.3,7.99,63.25,2.105,94.11,1481.5,12.88,0,0
4,2024-05-29,5659.7,14.39,64.75,2.166,94.37,1479.9,12.94,0,0
4,2024-05-30,5672.7,12.96,61.94,1.99,95.11,1477.0,12.93,0,0
4,2024-05-31,5679.8,7.13,63.83,1.818,94.67,1493.0,13.04,0,0
4,2024-06-01,5690.8,10.94,61.55,2.166,94.57,1479.1,12.6,0,0
4,2024-06-02,5701.4,10.67,64.42,2.286,95.68,1488.0,12.72,0,0
4,2024-06-03,5708.9,7.43,62.45,1.984,95.88,1476.4,12.79,0,0
4,2024-06-04,5722.9,14.0,62.82,2.111,94.48,1483.4,13.05,0,0
4,2024-06-05,5732.5,9.67,62.83,1.885,94.25,1483.1,12.45,0,0
4,2024-06-06,5746.1,13.62,63.91,1.873,96.36,1476.4,12.96,0,0
4,2024-06-07,5754.1,7.92,61.7,2.025,97.82,1480.3,13.14,0,0
4,2024-06-08,5763.2,9.15,62.97,1.9,94.15,1474.5,12.93,0,0
4,2024-06-09,5770.2,6.95,63.62,2.18,95.45,1477.0,13.18,0,0
4,2024-06-10,5777.6,7.43,67.57,2.777,93.89,1456.6,13.31,0,0
4,2024-06-11,5792.4,14.83,65.4,2.373,94.18,1464.0,13.67,0,0
4,2024-06-12,5799.5,7.09,65.01,2.687,92.01,1463.5,13.77,0,0
4,2024-06-13,5806.5,6.96,70.4,2.528,91.18,1452.0,14.1,0,0
4,2024-06-14,5821.9,15.4,70.3,3.027,90.78,1440.3,14.26,0,0
4,2024-06-15,5834.3,12.46,70.14,3.0,90.81,1434.5,14.59,0,0
4,2024-06-16,5841.3,7.01,72.0,3.306,90.6,1443.1,14.8,0,0
4,2024-06-17,5857.1,15.72,72.34,3.459,91.25,1428.5,14.78,0,0
4,2024-06-18,5864.5,7.47,72.3,3.597,88.94,1427.8,14.93,0,0
4,2024-06-19,5878.2,13.66,75.2,3.59,88.6,1422.4,15.66,0,0
4,2024-06-20,5884.5,6.35,76.3,3.847,90.79,1405.1,16.06,0,0
4,2024-06-21,5896.8,12.25,77.93,4.081,88.23,1394.5,16.6,1,0
4,2024-06-22,5908.3,11.47,77.72,4.166,87.93,1401.4,16.71,1,0
4,2024-06-23,5916.3,8.08,79.03,4.57,87.86,1383.2,16.9,1,0
4,2024-06-24,5928.8,12.43,80.54,4.522,86.06,1379.2,16.94,1,0
4,2024-06-25,5940.9,12.17,81.05,4.524,86.03,1378.5,17.16,1,0
4,2024-06-26,5954.9,13.98,84.28,4.894,85.2,1369.5,17.13,1,0
4,2024-06-27,5969.7,14.76,85.1,4.619,84.9,1346.8,17.34,1,0
4,2024-06-28,5980.8,11.1,84.84,5.437,85.3,1349.2,17.92,0,1
4,2024-06-29,5991.7,10.9,63.68,1.751,95.77,1491.1,12.66,0,0
4,2024-06-30,6003.9,12.22,61.91,2.143,92.81,1482.4,12.88,0,0
4,2024-07-01,6017.2,13.29,62.69,2.12,96.09,1488.9,12.16,0,0
4,2024-07-02,6026.8,9.56,64.61,1.839,94.75,1476.6,13.05,0,0
4,2024-07-03,6037.8,11.05,63.8,2.093,95.49,1474.2,12.6,0,0
4,2024-07-04,6049.7,11.85,,1.905,94.69,1488.9,12.48,0,0
4,2024-07-05,6065.5,15.88,62.79,1.984,95.04,1493.4,13.13,0,0
4,2024-07-06,6077.4,11.88,63.11,2.079,96.41,1476.1,13.2,0,0
4,2024-07-07,6085.7,8.24,61.68,2.001,95.43,1491.2,12.89,0,0
4,2024-07-08,6097.5,11.88,62.83,1.859,96.36,1475.3,12.7,0,0
4,2024-07-09,6111.7,14.19,63.53,2.07,95.04,1470.0,13.13,0,0
4,2024-07-10,6126.3,14.57,63.12,1.977,94.94,1487.8,12.68,0,0
4,2024-07-11,6140.3,14.0,63.12,1.992,95.11,1475.4,12.86,0,0
4,2024-07-12,6155.2,14.88,62.5,2.001,93.83,1473.4,13.31,0,0
4,2024-07-13,6164.5,9.35,62.24,1.807,92.4,1473.6,13.02,0,0
4,2024-07-14,6175.6,11.08,62.15,1.84,94.32,1480.3,12.9,0,0
4,2024-07-15,6189.4,13.8,62.9,1.92,96.12,1469.5,12.83,0,0
4,2024-07-16,6198.1,8.64,,2.07,96.52,1487.8,12.92,0,0
4,2024-07-17,6207.8,9.72,62.29,1.869,93.09,1486.9,12.99,0,0
4,2024-07-18,6222.1,14.31,63.19,2.187,96.38,1486.9,12.57,0,0
4,2024-07-19,6235.8,13.7,63.17,2.039,94.5,1492.7,13.27,0,0
4,2024-07-20,6251.5,15.71,64.08,2.063,93.67,1490.8,12.77,0,0
4,2024-07-21,6267.5,15.96,63.16,1.959,96.16,1475.8,12.85,0,0
4,2024-07-22,6275.9,8.41,61.66,1.769,94.59,1488.5,13.15,0,0
4,2024-07-23,6290.9,15.0,65.28,2.088,97.71,1492.0,12.87,0,0
4,2024-07-24,6297.8,6.95,64.12,1.9,94.42,1489.6,13.17,0,0
4,2024-07-25,6310.9,13.1,63.63,1.785,94.82,1490.2,12.9,0,0
4,2024-07-26,6319.1,8.2,62.57,1.883,94.12,1481.9,12.94,0,0
4,2024-07-27,6328.1,9.0,62.83,1.997,95.25,1477.9,12.98,0,0
4,2024-07-28,6343.6,15.46,61.73,1.652,95.89,1481.2,13.02,0,0
4,2024-07-29,6352.2,8.63,62.82,1.958,93.37,1477.5,13.08,0,0
4,2024-07-30,6364.9,12.73,63.33,2.16,95.75,1491.1,13.23,0,0
4,2024-07-31,6372.7,7.78,63.12,2.013,94.69,1484.6,13.21,0,0
4,2024-08-01,6379.7,6.93,64.9,2.189,94.23,1489.7,12.67,0,0
4,2024-08-02,6389.1,9.39,63.82,1.948,93.69,1471.5,13.35,0,0
4,2024-08-03,6401.3,12.24,64.12,2.182,96.07,1479.5,12.4,0,0
4,2024-08-04,6409.8,8.48,63.69,1.807,95.38,1474.9,12.72,0,0
4,2024-08-05,6418.8,9.0,63.31,2.099,94.51,1470.1,12.87,0,0
4,2024-08-06,6431.9,13.09,63.61,1.992,95.88,1485.5,12.56,0,0
4,2024-08-07,6438.9,7.03,61.17,2.212,95.63,1474.6,12.99,0,0
4,2024-08-08,6449.4,10.47,62.89,1.947,95.96,1480.1,13.13,0,0
4,2024-08-09,6464.8,15.42,61.75,1.851,96.74,1475.3,12.7,0,0
4,2024-08-10,6474.7,9.97,61.97,2.085,95.31,1479.8,13.05,0,0
4,2024-08-11,6485.1,10.34,64.34,2.256,97.03,1487.8,13.16,0,0
4,2024-08-12,6498.5,13.38,62.07,2.044,96.52,1475.4,12.33,0,0
4,2024-08-13,6512.3,13.79,61.83,2.002,95.88,1479.4,12.96,0,0
4,2024-08-14,6526.0,13.7,63.54,1.826,93.4,1487.3,13.02,0,0
4,2024-08-15,6541.9,15.98,63.08,2.151,95.21,1488.5,12.64,0,0
4,2024-08-16,6548.6,6.71,63.6,2.001,95.34,1479.9,12.55,0,0
4,2024-08-17,6564.5,15.82,64.91,2.114,95.31,1485.4,12.7,0,0
4,2024-08-18,6580.0,15.5,63.72,2.038,94.99,1489.6,12.85,0,0
4,2024-08-19,6594.5,14.52,61.6,2.315,95.74,1474.6,12.69,0,0
4,2024-08-20,6605.0,10.54,64.08,1.925,95.87,1477.4,13.08,0,0
4,2024-08-21,6619.7,14.71,62.93,1.931,93.42,1480.1,13.04,0,0
4,2024-08-22,6628.0,8.21,63.32,2.161,96.45,1486.7,13.02,0,0
4,2024-08-23,6641.9,13.92,61.5,2.164,93.62,1484.6,13.29,0,0
4,2024-08-24,6649.7,7.85,63.65,2.169,94.69,1483.6,13.1,0,0
4,2024-08-25,6663.9,14.15,61.85,2.007,94.21,1474.9,13.0,0,0
4,2024-08-26,6676.0,12.15,63.68,2.04,94.37,1490.0,12.54,0,0
4,2024-08-27,6683.0,6.98,62.43,1.807,96.18,1479.1,13.26,0,0
4,2024-08-28,6698.0,14.95,63.87,1.985,95.22,1480.9,13.29,0,0
4,2024-08-29,6709.7,11.78,61.86,2.05,95.78,1484.6,12.81,0,0
4,2024-08-30,6722.3,12.56,61.59,2.05,95.73,1498.9,12.67,0,0
4,2024-08-31,6731.1,8.84,62.61,1.895,93.18,1477.9,13.14,0,0
4,2024-09-01,6745.8,14.72,63.42,1.844,94.54,1477.5,12.36,0,0
4,2024-09-02,6757.3,11.45,62.01,2.165,95.84,1480.1,13.03,0,0
4,2024-09-03,6767.5,10.21,63.35,2.142,95.75,1492.4,13.36,0,0
4,2024-09-04,6778.9,11.34,64.02,1.974,93.34,1484.3,12.8,0,0
4,2024-09-05,6791.9,13.03,61.83,2.164,96.13,1486.1,12.98,0,0
4,2024-09-06,6804.8,12.95,63.36,2.15,95.71,1489.5,12.94,0,0
4,2024-09-07,6814.4,9.58,63.69,1.757,94.13,1492.1,13.22,0,0
4,2024-09-08,6824.3,9.85,62.96,,95.5,1477.7,12.94,0,0
4,2024-09-09,6835.9,11.62,63.07,2.209,94.87,1487.3,12.81,0,0
4,2024-09-10,6851.1,15.24,61.74,1.77,95.59,1492.3,12.45,0,0
4,2024-09-11,6864.6,13.45,63.59,1.791,93.3,1484.7,12.94,0,0
4,2024-09-12,6874.5,9.9,63.21,2.103,94.74,1476.5,12.89,0,0
4,2024-09-13,6883.9,9.37,63.3,2.203,96.28,1475.0,12.3,0,0
4,2024-09-14,6895.1,11.24,65.21,1.967,95.63,1486.7,12.61,0,0
4,2024-09-15,6909.8,14.7,62.94,1.938,95.89,1473.9,12.73,0,0
4,2024-09-16,6915.9,6.09,63.47,1.754,94.86,1476.6,12.73,0,0
4,2024-09-17,6929.0,13.1,64.44,1.964,95.66,1479.2,12.9,0,0
4,2024-09-18,6937.9,8.95,63.1,1.788,94.93,1485.3,12.88,0,0
4,2024-09-19,6946.0,8.08,62.43,1.955,94.17,1487.7,12.89,0,0
4,2024-09-20,6952.1,6.12,63.55,2.205,94.84,1477.4,13.59,0,0
4,2024-09-21,6967.1,14.97,62.47,1.815,96.55,1472.7,12.78,0,0
4,2024-09-22,6982.2,15.12,64.35,1.971,96.23,1489.6,12.65,0,0
4,2024-09-23,6988.8,6.61,63.66,2.138,,1488.5,13.38,0,0
4,2024-09-24,7000.1,11.22,62.29,1.892,94.68,1486.8,13.35,0,0
4,2024-09-25,7007.6,7.53,61.9,2.07,94.17,1486.1,12.59,0,0
4,2024-09-26,7021.2,13.59,63.31,2.13,95.28,1479.9,13.27,0,0
4,2024-09-27,7033.8,12.65,63.41,2.02,96.09,1481.7,12.36,0,0
4,2024-09-28,7042.8,8.97,61.91,2.024,97.13,1483.7,13.77,0,0
4,2024-09-29,7050.0,7.17,63.94,1.844,93.67,1476.3,13.45,0,0
4,2024-09-30,7064.3,14.31,63.82,1.949,95.95,1486.1,13.07,0,0
4,2024-10-01,7077.0,12.74,63.49,2.033,95.09,1484.0,13.17,0,0
4,2024-10-02,7083.1,6.07,63.91,1.723,94.73,1482.0,13.04,0,0
4,2024-10-03,7095.4,12.28,62.16,1.672,94.16,1490.4,12.71,0,0
4,2024-10-04,7109.5,14.1,62.22,1.986,96.88,1482.3,13.27,0,0
4,2024-10-05,7121.4,11.91,62.89,2.066,93.47,1488.4,13.32,0,0
4,2024-10-06,7131.6,10.25,62.52,2.022,94.61,1473.6,12.69,0,0
4,2024-10-07,7143.5,11.84,63.65,1.766,95.46,1489.8,12.9,0,0
4,2024-10-08,7155.7,12.2,63.96,2.174,95.55,1487.9,12.54,0,0
4,2024-10-09,7168.1,12.4,62.45,2.024,96.34,1500.4,12.9,0,0
4,2024-10-10,7183.7,15.67,62.28,2.154,94.22,1495.9,12.83,0,0
4,2024-10-11,7191.5,7.79,64.01,1.913,95.72,1490.6,13.29,0,0
4,2024-10-12,7203.8,12.23,62.17,2.048,95.03,1478.8,13.39,0,0
4,2024-10-13,7211.6,7.88,62.86,2.087,95.14,1476.0,12.59,0,0
4,2024-10-14,7219.7,8.1,62.14,2.159,94.64,1477.3,13.14,0,0
4,2024-10-15,7232.4,12.69,62.56,2.147,95.26,1487.2,13.17,0,0
4,2024-10-16,7247.6,15.16,61.64,1.889,94.95,1493.4,12.39,0,0
4,2024-10-17,7255.2,7.59,64.43,1.991,94.74,1473.4,13.2,0,0
4,2024-10-18,7270.8,15.62,64.16,1.93,94.57,1476.3,12.47,0,0
4,2024-10-19,7280.0,9.19,62.34,2.03,95.47,1483.3,12.76,0,0
4,2024-10-20,7289.9,9.91,63.61,1.793,93.76,1474.0,12.64,0,0
4,2024-10-21,7297.4,7.54,61.71,1.77,94.9,1479.7,12.44,0,0
4,2024-10-22,7309.6,12.16,63.77,2.367,94.33,1493.0,13.24,0,0
4,2024-10-23,7321.6,11.96,62.27,2.299,94.97,1488.8,12.63,0,0
4,2024-10-24,7332.0,10.42,64.37,2.184,94.99,1489.7,12.79,0,0
4,2024-10-25,7342.7,10.76,63.66,2.081,95.96,1475.2,12.91,0,0
4,2024-10-26,7355.0,12.23,62.78,2.125,95.75,1469.1,13.13,0,0
4,2024-10-27,7366.8,11.83,62.74,2.125,95.39,1479.6,12.62,0,0
4,2024-10-28,7376.6,9.74,63.29,2.257,95.27,1464.5,13.06,0,0
4,2024-10-29,7391.4,14.84,62.23,1.935,94.9,1486.7,12.84,0,0
4,2024-10-30,7404.1,12.68,64.28,1.895,94.89,1489.1,12.61,0,0
4,2024-10-31,7412.1,8.05,,2.006,93.35,1476.8,13.22,0,0
4,2024-11-01,7421.3,9.2,64.11,2.098,95.83,1487.7,13.53,0,0
4,2024-11-02,7435.2,13.88,60.7,1.97,95.36,1487.7,12.97,0,0
4,2024-11-03,7442.3,7.05,,1.926,96.3,1474.1,12.73,0,0
4,2024-11-04,7455.8,13.5,63.4,2.224,94.54,1479.9,12.69,0,0
4,2024-11-05,7465.3,9.59,63.15,1.883,96.36,1479.3,13.15,0,0
4,2024-11-06,7476.9,11.52,63.17,2.229,94.9,1490.5,12.91,0,0
4,2024-11-07,7485.7,8.81,62.83,2.153,94.52,1488.9,12.59,0,0
4,2024-11-08,7501.5,15.86,65.41,2.295,96.64,1487.7,12.4,0,0
4,2024-11-09,7516.6,15.06,63.39,2.336,95.46,1478.6,13.02,0,0
4,2024-11-10,7531.9,15.28,63.27,2.064,96.77,1494.0,12.53,0,0
4,2024-11-11,7539.7,7.85,64.09,2.32,95.27,1484.5,12.79,0,0
4,2024-11-12,7554.1,14.42,62.59,2.084,95.9,1487.0,13.4,0,0
4,2024-11-13,7565.5,11.35,61.86,2.068,96.12,1496.9,12.66,0,0
4,2024-11-14,7578.6,13.08,64.06,2.038,94.81,1488.4,13.23,0,0
4,2024-11-15,7586.7,8.18,62.82,1.944,95.44,1482.1,12.6,0,0
4,2024-11-16,7599.9,13.12,64.51,2.123,95.25,1479.1,13.17,0,0
4,2024-11-17,7615.0,15.14,64.45,2.181,95.93,1469.2,13.08,0,0
4,2024-11-18,7623.7,8.67,60.83,1.799,94.03,1470.5,13.06,0,0
4,2024-11-19,7632.0,8.33,63.22,2.393,95.7,1489.9,12.73,0,0
4,2024-11-20,7639.1,7.04,64.23,2.252,,1467.3,13.1,0,0
4,2024-11-21,7647.7,8.67,61.39,1.921,94.41,1491.2,13.02,0,0
4,2024-11-22,7659.1,11.36,63.52,2.093,94.21,1489.5,13.48,0,0
4,2024-11-23,7673.4,14.33,63.81,2.002,93.44,1476.2,12.73,0,0
4,2024-11-24,7682.2,8.79,63.1,2.059,97.17,1484.5,13.3,0,0
4,2024-11-25,7694.4,12.21,63.1,1.988,94.36,1487.7,12.64,0,0
4,2024-11-26,7705.2,10.8,64.35,2.087,96.51,1483.8,12.84,0,0
4,2024-11-27,7714.1,8.89,61.66,1.848,94.89,1492.9,12.72,0,0
4,2024-11-28,7725.2,11.1,63.98,2.337,96.19,1471.9,12.76,0,0
4,2024-11-29,7732.9,7.68,63.61,1.86,95.68,1487.1,12.86,0,0
4,2024-11-30,7745.3,12.4,64.45,2.092,97.2,1478.2,13.34,0,0
4,2024-12-01,7752.4,7.16,62.2,1.907,96.54,1469.2,13.05,0,0
4,2024-12-02,7765.7,13.31,64.63,1.985,95.31,1473.8,13.28,0,0
4,2024-12-03,7773.5,7.78,61.76,2.078,95.41,1478.9,12.91,0,0
4,2024-12-04,7789.5,15.98,62.82,2.023,95.77,1483.3,13.3,0,0
4,2024-12-05,7803.7,14.24,61.99,2.028,97.78,1475.9,12.98,0,0
4,2024-12-06,7813.2,9.44,63.87,1.953,95.16,1479.0,12.67,0,0
4,2024-12-07,7823.4,10.26,62.39,1.905,93.8,1479.9,13.23,0,0
4,2024-12-08,7832.0,8.59,64.28,2.108,95.34,1476.0,13.36,0,0
4,2024-12-09,7845.7,13.67,61.46,1.881,94.46,1478.5,13.1,0,0
4,2024-12-10,7855.5,9.81,62.7,1.911,95.31,1487.7,13.16,0,0
4,2024-12-11,7869.1,13.55,64.94,1.913,96.25,1496.3,13.29,0,0
4,2024-12-12,7875.2,6.18,62.39,1.959,95.6,1484.7,12.83,0,0
4,2024-12-13,7882.6,7.36,64.21,1.796,94.5,1484.1,12.7,0,0
4,2024-12-14,7892.2,9.65,63.85,,94.89,1482.4,13.02,0,0
4,2024-12-15,7899.3,7.09,61.84,2.09,94.03,1479.9,13.43,0,0
4,2024-12-16,7911.3,12.01,63.36,2.092,96.37,1487.7,13.0,0,0
4,2024-12-17,7917.9,6.51,64.68,2.055,95.92,1490.9,13.1,0,0
4,2024-12-18,7932.5,14.6,62.74,2.215,94.01,1473.8,12.93,0,0
4,2024-12-19,7946.1,13.61,62.46,1.876,97.62,1491.4,13.0,0,0
4,2024-12-20,7954.2,8.16,63.48,1.75,94.88,1496.1,12.75,0,0
4,2024-12-21,7965.1,10.84,62.94,2.126,95.39,1475.0,13.07,0,0
4,2024-12-22,7975.6,10.52,61.65,1.747,94.76,1490.4,13.17,0,0
4,2024-12-23,7988.8,13.25,62.93,1.988,95.52,1496.2,12.46,0,0
4,2024-12-24,7998.8,10.02,62.66,2.05,95.19,1488.8,12.46,0,0
4,2024-12-25,8005.2,6.33,63.02,2.318,93.7,1481.7,12.38,0,0
4,2024-12-26,8013.9,8.74,60.75,1.927,96.27,1489.3,13.35,0,0
4,2024-12-27,8024.6,10.66,63.51,1.938,94.27,1476.6,12.63,0,0
4,2024-12-28,8040.3,15.74,61.52,2.108,96.01,1480.6,13.02,0,0
4,2024-12-29,8055.1,14.81,63.9,2.099,94.86,1477.2,13.45,0,0
4,2024-12-30,8062.9,7.81,64.22,1.957,95.16,1472.3,13.01,0,0
5,2023-01-01,12.7,12.71,67.74,2.741,104.12,1477.2,13.87,0,0
5,2023-01-02,21.8,9.1,68.88,2.328,101.16,1491.6,13.5,0,0
5,2023-01-03,31.9,10.04,69.33,2.822,103.21,1495.4,13.86,0,0
5,2023-01-04,44.0,12.18,70.84,2.6,102.11,1480.1,14.24,0,0
5,2023-01-05,52.4,8.34,71.27,2.668,101.1,1487.2,14.33,0,0
5,2023-01-06,65.9,13.54,69.32,2.536,103.24,1490.6,13.5,0,0
5,2023-01-07,74.2,8.25,68.06,2.364,103.27,1492.4,13.55,0,0
5,2023-01-08,86.1,11.92,68.15,2.834,102.72,1488.3,13.42,0,0
5,2023-01-09,99.0,12.97,70.22,2.849,104.78,1481.2,13.88,0,0
5,2023-01-10,113.6,14.6,70.16,2.596,101.94,1490.1,13.89,0,0
5,2023-01-11,127.0,13.34,68.85,2.748,103.58,1477.4,14.1,0,0
5,2023-01-12,141.0,13.99,68.28,2.59,103.04,1488.7,13.94,0,0
5,2023-01-13,156.1,15.13,70.45,2.692,103.69,1487.0,14.08,0,0
5,2023-01-14,168.1,11.98,68.22,2.763,102.21,1489.5,13.39,0,0
5,2023-01-15,182.5,14.46,,2.732,101.33,1486.1,14.33,0,0
5,2023-01-16,190.9,8.32,69.93,2.85,102.03,1478.5,14.2,0,0
5,2023-01-17,205.0,14.15,67.45,2.727,102.65,1487.6,13.65,0,0
5,2023-01-18,213.2,8.22,70.41,2.653,103.4,1498.0,13.57,0,0
5,2023-01-19,228.6,15.35,71.83,2.534,102.73,1500.7,14.03,0,0
5,2023-01-20,237.9,9.3,69.57,2.577,102.93,1510.1,13.34,0,0
5,2023-01-21,245.6,7.72,69.42,2.77,104.44,1504.1,13.59,0,0
5,2023-01-22,253.1,7.48,69.5,2.423,102.69,1481.0,13.5,0,0
5,2023-01-23,260.9,7.87,69.68,2.815,102.18,1487.3,13.78,0,0
5,2023-01-24,271.4,10.48,68.72,2.607,103.15,1490.4,13.68,0,0
5,2023-01-25,282.6,11.22,68.33,2.526,101.0,1489.9,13.57,0,0
5,2023-01-26,297.8,15.14,69.1,2.484,101.0,1491.1,13.54,0,0
5,2023-01-27,307.6,9.81,69.61,2.75,102.58,1509.8,13.62,0,0
5,2023-01-28,315.8,8.17,68.45,2.646,101.78,1481.9,13.45,0,0
5,2023-01-29,329.2,13.44,68.11,2.887,102.11,1484.9,13.97,0,0
5,2023-01-30,336.5,7.35,69.01,2.459,103.65,1503.7,14.15,0,0
5,2023-01-31,351.5,14.92,68.12,2.562,103.24,1485.6,13.93,0,0
5,2023-02-01,361.6,10.09,70.12,2.635,102.64,1493.7,14.22,0,0
5,2023-02-02,373.7,12.14,66.01,2.536,102.8,1498.8,13.56,0,0
5,2023-02-03,381.6,7.86,68.28,2.65,102.29,1494.5,13.58,0,0
5,2023-02-04,389.0,7.46,70.87,2.697,103.56,1492.1,13.94,0,0
5,2023-02-05,403.0,13.99,69.23,2.721,103.51,1498.1,13.98,0,0
5,2023-02-06,413.3,10.3,69.64,2.875,103.71,1483.4,13.81,0,0
5,2023-02-07,429.2,15.87,69.32,2.453,103.66,1486.6,13.8,0,0
5,2023-02-08,440.4,11.24,68.83,2.699,102.77,1494.9,13.49,0,0
5,2023-02-09,454.9,14.46,70.55,2.552,102.02,1474.0,13.01,0,0
5,2023-02-10,470.7,15.8,68.88,2.713,102.55,1501.9,13.98,0,0
5,2023-02-11,479.5,8.81,68.62,2.713,102.83,1493.0,14.1,0,0
5,2023-02-12,493.5,14.01,70.11,2.501,102.04,1491.8,13.68,0,0
5,2023-02-13,499.7,6.22,67.52,2.514,104.34,1477.5,13.64,0,0
5,2023-02-14,512.5,12.8,69.17,2.725,104.35,1480.3,13.61,0,0
5,2023-02-15,526.0,13.45,68.93,2.652,,1487.4,13.7,0,0
5,2023-02-16,536.7,10.77,69.15,2.616,103.75,1497.0,14.11,0,0
5,2023-02-17,544.4,7.62,68.96,2.747,103.27,1474.0,13.53,0,0
5,2023-02-18,556.5,12.17,69.83,2.758,102.22,1496.9,14.0,0,0
5,2023-02-19,571.5,14.98,70.55,2.569,103.13,1487.7,13.66,0,0
5,2023-02-20,586.8,15.31,69.91,2.521,101.94,1488.8,13.21,0,0
5,2023-02-21,600.3,13.46,69.12,2.459,101.83,1492.6,13.71,0,0
5,2023-02-22,608.9,8.64,70.08,2.654,103.19,1492.7,14.3,0,0
5,2023-02-23,623.6,14.7,70.2,2.435,103.2,1484.9,13.6,0,0
5,2023-02-24,638.5,14.89,69.81,2.664,105.41,1495.6,13.74,0,0
5,2023-02-25,648.2,9.67,70.5,2.831,102.56,1472.0,13.81,0,0
5,2023-02-26,656.0,7.83,67.11,2.596,102.19,1487.0,13.87,0,0
5,2023-02-27,670.7,14.75,69.48,2.568,103.64,1491.8,14.27,0,0
5,2023-02-28,685.6,14.85,69.76,2.948,102.69,1487.8,13.57,0,0
5,2023-03-01,692.6,7.01,67.97,2.875,102.07,1476.0,13.81,0,0
5,2023-03-02,708.3,15.67,69.67,2.534,102.13,1496.6,14.04,0,0
5,2023-03-03,719.6,11.33,70.37,2.67,102.53,1480.6,13.59,0,0
5,2023-03-04,735.5,15.94,69.23,2.698,103.77,1490.0,13.83,0,0
5,2023-03-05,746.0,10.45,70.11,2.679,103.15,1491.8,14.1,0,0
5,2023-03-06,757.3,11.33,70.48,2.921,101.88,1490.7,13.65,0,0
5,2023-03-07,766.0,8.66,70.8,2.662,104.55,1499.9,13.76,0,0
5,2023-03-08,781.0,14.99,70.62,2.684,101.81,1490.1,13.46,0,0
5,2023-03-09,791.4,10.44,70.82,2.752,101.98,1494.0,14.09,0,0
5,2023-03-10,805.6,14.15,68.95,2.827,103.88,1490.1,13.86,0,0
5,2023-03-11,812.4,6.8,69.06,2.789,104.21,1495.5,13.68,0,0
5,2023-03-12,826.2,13.88,66.98,2.729,103.07,1501.7,13.72,0,0
5,2023-03-13,837.1,10.9,68.39,2.415,101.42,1491.7,13.81,0,0
5,2023-03-14,843.2,6.05,70.67,2.575,102.81,1496.8,13.91,0,0
5,2023-03-15,851.5,8.26,68.85,2.772,101.35,1502.2,13.61,0,0
5,2023-03-16,859.4,7.94,69.85,2.686,105.2,1501.4,13.64,0,0
5,2023-03-17,872.9,13.52,69.69,2.773,103.0,1487.5,13.73,0,0
5,2023-03-18,883.7,10.77,70.69,2.932,103.52,1498.9,13.85,0,0
5,2023-03-19,891.3,7.6,67.43,2.472,102.34,1492.6,14.29,0,0
5,2023-03-20,899.9,8.57,69.81,2.819,104.52,1499.5,13.57,0,0
5,2023-03-21,910.9,11.04,69.79,2.599,102.21,1495.1,13.31,0,0
5,2023-03-22,917.1,6.2,68.6,2.789,101.86,1492.8,14.23,0,0
5,2023-03-23,927.3,10.24,70.41,2.642,103.02,1494.0,13.55,0,0
5,2023-03-24,940.1,12.78,68.05,2.968,103.59,1492.6,14.25,0,0
5,2023-03-25,951.3,11.18,70.52,2.668,104.84,1492.9,14.18,0,0
5,2023-03-26,963.3,11.98,67.3,2.553,104.33,1489.3,13.97,0,0
5,2023-03-27,972.5,9.27,68.55,2.712,103.91,1488.6,14.17,0,0
5,2023-03-28,980.4,7.83,69.31,2.697,102.03,1504.7,13.26,0,0
5,2023-03-29,994.5,14.1,69.67,2.819,102.01,1494.4,13.4,0,0
5,2023-03-30,1009.5,15.06,,2.716,101.84,1486.0,13.89,0,0
5,2023-03-31,1020.6,11.11,70.5,3.02,102.56,1488.4,13.69,0,0
5,2023-04-01,1029.7,9.05,70.21,2.632,100.8,1499.0,13.57,0,0
5,2023-04-02,1040.8,11.11,71.36,2.634,104.08,1484.7,14.05,0,0
5,2023-04-03,1055.6,14.79,70.16,2.558,101.69,1478.7,13.89,0,0
5,2023-04-04,1068.5,12.91,68.72,2.662,101.57,1479.3,14.12,0,0
5,2023-04-05,1083.1,14.59,68.38,2.683,102.31,1476.7,13.7,0,0
5,2023-04-06,1092.4,9.28,69.03,2.691,101.37,1480.2,13.8,0,0
5,2023-04-07,1105.5,13.12,71.63,2.659,103.36,1481.1,14.27,0,0
5,2023-04-08,1118.0,12.53,69.5,2.557,101.75,1501.7,13.42,0,0
5,2023-04-09,1129.7,11.72,69.54,2.516,103.22,1490.2,13.78,0,0
5,2023-04-10,1141.0,11.28,70.83,2.592,103.64,1487.7,13.55,0,0
5,2023-04-11,1152.5,11.51,68.29,2.82,102.16,1479.0,14.32,0,0
5,2023-04-12,1167.0,14.5,69.99,2.852,102.0,1489.4,14.53,0,0
5,2023-04-13,1182.2,15.16,69.97,2.637,101.91,1476.7,13.87,0,0
5,2023-04-14,1189.3,7.13,70.41,2.507,101.63,1487.6,13.96,0,0
5,2023-04-15,1201.0,11.69,70.31,2.637,102.29,1507.1,13.78,0,0
5,2023-04-16,1216.2,15.18,,2.962,102.78,1495.9,13.77,0,0
5,2023-04-17,1223.5,7.35,68.07,2.799,101.33,1488.9,13.83,0,0
5,2023-04-18,1233.7,10.13,68.89,2.731,102.07,1496.2,13.4,0,0
5,2023-04-19,1240.5,6.89,70.3,2.793,102.87,1486.4,14.01,0,0
5,2023-04-20,1247.7,7.13,71.31,2.88,102.75,1484.2,13.51,0,0
5,2023-04-21,1262.7,15.04,68.23,2.476,100.05,1504.2,13.7,0,0
5,2023-04-22,1273.2,10.46,68.16,2.59,103.35,1481.4,13.82,0,0
5,2023-04-23,1286.1,12.89,67.88,2.569,103.95,1487.7,13.58,0,0
5,2023-04-24,1293.5,7.39,68.69,,102.14,1493.0,13.99,0,0
5,2023-04-25,1299.7,6.22,70.4,2.673,100.98,1483.1,13.67,0,0
5,2023-04-26,1314.6,14.9,70.77,2.762,101.95,1495.8,14.13,0,0
5,2023-04-27,1326.3,11.75,67.37,2.573,101.92,1488.1,13.55,0,0
5,2023-04-28,1332.5,6.2,68.25,,103.91,1495.9,13.76,0,0
5,2023-04-29,1348.5,15.92,68.06,2.638,101.62,1495.3,13.49,0,0
5,2023-04-30,1359.4,10.92,68.59,,102.36,1488.6,14.1,0,0
5,2023-05-01,1370.1,10.76,69.23,2.828,104.39,1504.3,13.72,0,0
5,2023-05-02,1382.3,12.21,69.06,2.816,102.88,1485.2,13.64,0,0
5,2023-05-03,1388.4,6.08,69.97,2.703,102.91,1501.4,13.75,0,0
5,2023-05-04,1400.1,11.69,67.53,,102.61,1500.0,13.78,0,0
5,2023-05-05,1412.4,12.29,68.93,2.91,103.69,1504.7,13.93,0,0
5,2023-05-06,1421.4,8.97,70.82,2.726,103.12,1492.0,13.97,0,0
5,2023-05-07,1434.7,13.27,70.86,2.539,104.57,1484.3,13.76,0,0
5,2023-05-08,1444.4,9.77,71.12,2.736,104.68,1507.2,13.8,0,0
5,2023-05-09,1457.6,13.18,69.85,2.643,103.03,1487.9,12.88,0,0
5,2023-05-10,1465.0,7.44,68.8,2.296,102.68,1484.1,13.67,0,0
5,2023-05-11,1480.2,15.14,69.63,2.718,102.88,1489.1,14.24,0,0
5,2023-05-12,1495.0,14.79,71.98,2.666,102.15,1482.7,13.94,0,0
5,2023-05-13,1502.5,7.51,68.92,2.822,102.85,1494.8,13.49,0,0
5,2023-05-14,1517.9,15.38,71.29,2.536,101.27,1485.7,13.69,0,0
5,2023-05-15,1529.4,11.58,67.02,2.423,102.0,1488.3,13.63,0,0
5,2023-05-16,1542.5,13.02,70.02,2.674,103.5,1498.3,14.13,0,0
5,2023-05-17,1556.9,14.4,70.1,2.706,103.25,1495.6,14.1,0,0
5,2023-05-18,1563.7,6.84,69.83,2.663,102.59,1490.7,13.57,0,0
5,2023-05-19,1571.4,7.69,69.89,2.652,103.13,1491.9,13.81,0,0
5,2023-05-20,1580.3,8.9,69.98,2.488,104.22,1490.7,13.47,0,0
5,2023-05-21,1591.1,10.77,70.02,2.628,102.33,1487.1,13.62,0,0
5,2023-05-22,1600.5,9.46,69.12,2.596,101.28,1490.6,13.63,0,0
5,2023-05-23,1611.6,11.06,69.18,2.81,103.34,1494.5,13.6,0,0
5,2023-05-24,1619.4,7.86,68.09,2.706,103.25,1489.6,13.92,0,0
5,2023-05-25,1632.3,12.82,70.19,2.607,103.47,1493.9,14.21,0,0
5,2023-05-26,1638.8,6.56,70.76,2.907,101.52,1483.9,13.79,0,0
5,2023-05-27,1648.4,9.61,71.2,2.608,101.21,1485.7,13.49,0,0
5,2023-05-28,1656.2,7.79,68.63,2.732,102.98,1484.7,13.87,0,0
5,2023-05-29,1669.5,13.3,67.73,2.624,102.91,1486.0,13.87,0,0
5,2023-05-30,1684.4,14.84,69.83,2.893,102.36,1500.9,13.75,0,0
5,2023-05-31,1691.2,6.79,68.3,2.662,104.16,1496.4,14.37,0,0
5,2023-06-01,1705.0,13.85,70.02,2.666,102.7,1482.0,13.88,0,0
5,2023-06-02,1720.0,14.96,67.25,2.628,103.95,1494.1,13.98,0,0
5,2023-06-03,1735.7,15.74,70.54,2.678,103.59,1487.4,13.14,0,0
5,2023-06-04,1747.5,11.79,69.61,2.829,101.62,1485.1,13.52,0,0
5,2023-06-05,1756.8,9.27,67.53,2.776,101.83,1478.7,13.96,0,0
5,2023-06-06,1766.0,9.22,70.86,2.808,100.81,1493.8,14.06,0,0
5,2023-06-07,1775.8,9.79,71.75,3.214,101.9,1470.7,14.02,0,0
5,2023-06-08,1787.9,12.13,73.28,3.244,100.94,1476.7,14.43,0,0
5,2023-06-09,1798.8,10.9,74.67,3.202,101.57,1465.0,14.74,0,0
5,2023-06-10,1811.3,12.54,72.55,3.216,100.19,1474.3,14.48,0,0
5,2023-06-11,1817.7,6.39,75.6,3.516,97.67,1460.9,14.6,0,0
5,2023-06-12,1824.8,7.06,77.08,3.795,97.88,1458.0,14.87,0,0
5,2023-06-13,1840.6,15.77,77.98,3.977,95.61,1453.8,15.26,0,0
5,2023-06-14,1856.5,15.95,79.03,4.247,97.39,1452.5,15.1,0,0
5,2023-06-15,1870.0,13.47,81.54,4.033,99.27,1445.7,15.69,0,0
5,2023-06-16,1878.5,8.56,79.85,4.287,95.98,1440.7,15.45,0,0
5,2023-06-17,1894.1,15.53,82.39,4.331,95.43,1432.5,15.59,0,0
5,2023-06-18,1902.2,8.14,83.58,4.461,94.59,1419.5,16.63,1,0
5,2023-06-19,1915.5,13.31,84.78,4.723,94.33,1418.7,15.71,1,0
5,2023-06-20,1922.7,7.15,85.02,5.027,93.2,1428.9,16.48,1,0
5,2023-06-21,1935.2,12.49,89.24,5.243,,1416.2,15.87,1,0
5,2023-06-22,1948.8,13.6,89.18,5.139,91.33,1408.8,16.77,1,0
5,2023-06-23,1963.4,14.6,91.51,5.315,90.75,1398.4,17.54,1,0
5,2023-06-24,1976.7,13.34,91.05,5.325,89.57,1391.4,17.21,1,0
5,2023-06-25,1991.9,15.23,92.27,5.779,90.2,1395.0,17.46,0,1
5,2023-06-26,2003.1,11.21,69.45,2.539,101.61,1497.7,13.78,0,0
5,2023-06-27,2015.9,12.77,71.02,2.898,104.17,1486.1,14.09,0,0
5,2023-06-28,2025.6,9.7,70.02,2.71,102.28,1493.8,13.88,0,0
5,2023-06-29,2031.7,6.1,69.26,2.623,100.75,1485.7,14.42,0,0
5,2023-06-30,2045.3,13.57,71.3,2.553,101.58,1495.7,13.48,0,0
5,2023-07-01,2060.0,14.7,68.15,2.424,102.85,1487.8,14.16,0,0
5,2023-07-02,2067.7,7.74,68.72,2.443,103.37,1480.7,13.94,0,0
5,2023-07-03,2074.0,6.29,72.26,2.555,103.07,1488.4,13.53,0,0
5,2023-07-04,2081.7,7.65,70.12,2.544,101.89,1505.2,13.73,0,0
5,2023-07-05,2096.6,14.95,66.82,2.499,102.14,1504.9,13.33,0,0
5,2023-07-06,2105.6,8.96,70.47,2.705,102.03,1494.5,12.83,0,0
5,2023-07-07,2113.9,8.34,68.43,2.726,103.28,1489.5,13.45,0,0
5,2023-07-08,2120.0,6.15,68.88,2.58,102.83,1493.0,13.69,0,0
5,2023-07-09,2129.0,8.97,72.0,2.939,102.27,1493.1,13.83,0,0
5,2023-07-10,2142.2,13.16,71.11,2.387,102.05,1490.3,13.42,0,0
5,2023-07-11,2157.8,15.59,71.45,2.657,102.19,1494.1,13.71,0,0
5,2023-07-12,2166.9,9.13,68.85,2.616,102.72,1492.2,13.88,0,0
5,2023-07-13,2175.3,8.41,69.16,2.566,104.06,1488.0,13.64,0,0
5,2023-07-14,2190.2,14.88,69.67,2.544,102.9,1481.0,13.48,0,0
5,2023-07-15,2204.7,14.53,70.32,2.648,102.38,1486.9,13.59,0,0
5,2023-07-16,2214.0,9.28,69.11,2.615,102.3,1497.0,14.21,0,0
5,2023-07-17,2220.7,6.69,71.33,2.59,104.42,1490.3,13.29,0,0
5,2023-07-18,2236.6,15.92,69.94,2.454,103.54,1493.0,14.15,0,0
5,2023-07-19,2249.4,12.81,70.94,2.406,103.69,1488.3,14.22,0,0
5,2023-07-20,2264.7,15.27,68.67,2.605,103.46,1482.1,13.7,0,0
5,2023-07-21,2274.1,9.42,69.03,2.588,102.66,1488.7,13.95,0,0
5,2023-07-22,2286.6,12.48,69.7,2.619,103.91,1482.4,13.57,0,0
5,2023-07-23,2299.3,12.74,68.99,2.632,101.25,1481.9,13.89,0,0
5,2023-07-24,2314.0,14.73,70.5,2.57,104.27,1500.2,14.48,0,0
5,2023-07-25,2330.0,15.93,70.52,2.617,103.46,1487.2,14.19,0,0
5,2023-07-26,2337.1,7.09,69.21,2.521,103.2,1484.6,13.66,0,0
5,2023-07-27,2349.4,12.31,70.11,2.877,101.96,1503.5,13.41,0,0
5,2023-07-28,2358.7,9.36,71.49,2.529,,1497.1,13.72,0,0
5,2023-07-29,2372.8,14.12,70.5,2.593,103.86,1487.6,13.89,0,0
5,2023-07-30,2386.4,13.54,70.1,2.54,102.01,1494.0,14.03,0,0
5,2023-07-31,2401.3,14.93,70.75,2.538,102.04,1488.7,13.78,0,0
5,2023-08-01,2410.8,9.44,71.13,2.652,101.68,1485.0,14.34,0,0
5,2023-08-02,2418.6,7.85,70.97,2.633,103.26,1494.4,13.82,0,0
5,2023-08-03,2424.8,6.22,69.38,2.58,102.62,1488.0,13.67,0,0
5,2023-08-04,2433.4,8.56,70.36,,104.84,1491.2,13.97,0,0
5,2023-08-05,2443.0,9.67,69.15,2.541,101.18,1498.7,14.02,0,0
5,2023-08-06,2458.5,15.46,69.4,2.709,101.84,1497.9,13.58,0,0
5,2023-08-07,2469.4,10.91,69.93,2.957,102.73,1486.2,13.53,0,0
5,2023-08-08,2481.0,11.56,68.0,2.517,103.38,1494.5,13.32,0,0
5,2023-08-09,2495.8,14.8,69.82,2.708,103.33,1481.5,13.72,0,0
5,2023-08-10,2510.6,14.85,68.76,2.655,102.8,1494.2,14.17,0,0
5,2023-08-11,2521.9,11.28,68.27,2.749,103.07,1491.8,14.01,0,0
5,2023-08-12,2529.0,7.14,70.25,2.753,102.83,1493.6,14.15,0,0
5,2023-08-13,2537.8,8.71,69.19,2.679,103.76,1488.2,13.61,0,0
5,2023-08-14,2548.3,10.57,69.67,,102.16,1507.2,13.76,0,0
5,2023-08-15,2561.8,13.51,69.22,2.584,102.27,1483.4,13.24,0,0
5,2023-08-16,2575.0,13.12,68.84,2.534,103.4,1498.3,14.11,0,0
5,2023-08-17,2587.4,12.43,69.57,2.634,104.29,1482.3,14.21,0,0
5,2023-08-18,2602.2,14.8,68.09,2.456,102.08,1494.6,13.49,0,0
5,2023-08-19,2616.2,14.03,69.36,2.56,102.96,1495.2,14.3,0,0
5,2023-08-20,2632.0,15.82,71.43,2.815,102.34,1491.0,13.74,0,0
5,2023-08-21,2646.9,14.89,68.25,2.663,103.27,1486.6,13.48,0,0
5,2023-08-22,2654.9,7.96,70.88,2.783,101.07,1491.7,13.71,0,0
5,2023-08-23,2661.5,6.58,71.54,2.869,102.37,1492.7,14.0,0,0
5,2023-08-24,2671.6,10.15,68.67,2.622,102.14,1504.9,13.79,0,0
5,2023-08-25,2683.8,12.18,69.78,2.68,102.37,1483.6,13.64,0,0
5,2023-08-26,2696.2,12.43,68.15,2.603,100.18,1486.1,13.99,0,0
5,2023-08-27,2704.9,8.68,68.0,2.527,104.74,1492.8,14.01,0,0
5,2023-08-28,2719.5,14.6,69.62,2.506,100.22,1488.5,13.76,0,0
5,2023-08-29,2728.8,9.29,69.86,2.775,103.19,1489.8,13.7,0,0
5,2023-08-30,2744.0,15.19,68.89,2.68,101.42,1499.1,13.64,0,0
5,2023-08-31,2754.7,10.72,68.32,2.926,101.47,1468.0,13.95,0,0
5,2023-09-01,2760.8,6.1,68.67,2.794,102.85,1485.8,13.33,0,0
5,2023-09-02,2768.4,7.62,70.34,2.539,103.41,1476.6,13.58,0,0
5,2023-09-03,2775.4,7.02,70.35,2.775,101.64,1481.0,13.76,0,0
5,2023-09-04,2781.9,6.44,70.1,2.603,101.61,1509.8,13.57,0,0
5,2023-09-05,2795.0,13.14,69.07,2.831,101.42,1495.4,13.88,0,0
5,2023-09-06,2802.9,7.92,68.38,2.576,102.93,1498.2,13.86,0,0
5,2023-09-07,2817.3,14.39,70.77,2.491,101.67,1489.9,14.55,0,0
5,2023-09-08,2826.0,8.64,71.09,2.529,104.0,1496.6,13.58,0,0
5,2023-09-09,2832.3,6.32,68.93,2.537,101.56,1476.4,13.81,0,0
5,2023-09-10,2846.5,14.21,69.29,2.523,103.26,1498.9,13.52,0,0
5,2023-09-11,2857.2,10.66,67.99,2.563,104.26,1484.0,14.39,0,0
5,2023-09-12,2869.1,12.0,69.99,2.777,102.78,1486.3,14.32,0,0
5,2023-09-13,2878.5,9.36,,2.918,100.92,1494.6,13.34,0,0
5,2023-09-14,2885.0,6.46,70.4,2.449,103.11,1493.1,13.76,0,0
5,2023-09-15,2894.7,9.7,71.66,2.838,102.47,1491.2,13.82,0,0
5,2023-09-16,2905.9,11.18,69.06,2.577,102.67,1479.7,13.71,0,0
5,2023-09-17,2912.0,6.12,68.15,2.701,104.3,1491.4,13.66,0,0
5,2023-09-18,2923.7,11.74,70.96,2.401,102.77,1498.3,14.04,0,0
5,2023-09-19,2938.6,14.93,69.62,2.727,103.23,1486.3,14.34,0,0
5,2023-09-20,2946.8,8.18,68.56,2.348,102.05,1501.1,14.05,0,0
5,2023-09-21,2962.1,15.27,71.33,2.696,102.43,1483.6,14.07,0,0
5,2023-09-22,2969.1,6.98,68.85,2.687,103.84,1490.6,13.7,0,0
5,2023-09-23,2983.3,14.25,68.33,2.677,102.85,1502.9,14.11,0,0
5,2023-09-24,2997.7,14.4,70.05,2.538,103.0,1485.1,14.11,0,0
5,2023-09-25,3006.3,8.58,68.15,2.731,103.72,1499.0,13.67,0,0
5,2023-09-26,3021.9,15.58,70.48,2.707,104.34,1506.4,13.74,0,0
5,2023-09-27,3032.0,10.17,68.3,2.617,101.56,1491.9,13.34,0,0
5,2023-09-28,3039.5,7.41,69.7,2.749,102.22,1486.4,13.4,0,0
5,2023-09-29,3051.4,11.92,69.77,2.634,104.17,1484.4,13.68,0,0
5,2023-09-30,3067.3,15.97,69.72,2.728,104.71,1501.0,13.49,0,0
5,2023-10-01,3082.3,14.99,,2.63,102.45,1500.8,14.05,0,0
5,2023-10-02,3091.1,8.79,69.26,2.681,102.99,1502.2,13.76,0,0
5,2023-10-03,3102.9,11.77,70.83,2.735,103.07,1490.3,13.97,0,0
5,2023-10-04,3110.0,7.15,69.25,2.589,102.95,1498.9,13.44,0,0
5,2023-10-05,3120.7,10.62,68.3,2.464,102.96,1490.2,14.2,0,0
5,2023-10-06,3131.9,11.23,69.01,2.69,104.08,1483.5,13.96,0,0
5,2023-10-07,3141.0,9.15,68.19,2.827,100.91,1499.6,13.93,0,0
5,2023-10-08,3151.9,10.84,67.27,2.694,102.06,1503.6,14.09,0,0
5,2023-10-09,3167.1,15.2,69.28,2.696,103.35,1482.4,13.9,0,0
5,2023-10-10,3178.1,11.0,69.55,2.642,102.22,1482.3,13.5,0,0
5,2023-10-11,3192.4,14.31,70.15,2.76,103.0,1490.9,14.0,0,0
5,2023-10-12,3201.6,9.17,69.92,,103.8,1498.2,13.57,0,0
5,2023-10-13,3217.3,15.71,70.07,2.581,104.31,1481.5,13.87,0,0
5,2023-10-14,3224.2,6.93,69.41,2.814,102.99,1492.4,13.58,0,0
5,2023-10-15,3236.1,11.86,71.58,2.569,104.2,1485.8,14.31,0,0
5,2023-10-16,3250.0,13.9,68.61,2.782,102.86,1496.2,14.01,0,0
5,2023-10-17,3264.1,14.14,69.14,2.815,102.41,1484.2,14.11,0,0
5,2023-10-18,3272.1,7.98,71.11,2.734,101.17,1496.7,13.58,0,0
5,2023-10-19,3282.1,10.02,69.06,2.461,101.71,1489.3,13.9,0,0
5,2023-10-20,3294.4,12.24,69.34,2.653,102.72,1483.1,13.87,0,0
5,2023-10-21,3303.5,9.16,69.86,2.618,,1491.1,13.84,0,0
5,2023-10-22,3316.1,12.58,,2.574,102.94,1475.1,13.23,0,0
5,2023-10-23,3325.9,9.79,,2.67,104.55,1486.1,14.4,0,0
5,2023-10-24,3335.4,9.51,68.57,2.764,103.47,1493.3,13.8,0,0
5,2023-10-25,3342.5,7.08,69.04,2.58,103.52,1476.4,13.96,0,0
5,2023-10-26,3348.9,6.39,69.99,2.623,104.54,1470.0,13.41,0,0
5,2023-10-27,3363.2,14.35,69.16,2.613,102.36,1471.9,14.25,0,0
5,2023-10-28,3374.1,10.9,68.99,2.823,102.21,1501.2,14.22,0,0
5,2023-10-29,3385.7,11.63,68.52,2.61,103.94,1490.0,14.06,0,0
5,2023-10-30,3395.5,9.72,70.65,2.464,103.2,1486.3,13.89,0,0
5,2023-10-31,3402.8,7.37,69.33,2.413,102.67,1498.1,14.51,0,0
5,2023-11-01,3413.3,10.5,69.34,2.703,102.65,1487.3,14.1,0,0
5,2023-11-02,3421.6,8.29,70.13,2.535,102.54,1492.7,13.4,0,0
5,2023-11-03,3436.0,14.38,68.09,2.749,102.61,1490.8,13.88,0,0
5,2023-11-04,3451.9,15.87,69.49,2.449,102.71,1486.8,13.98,0,0
5,2023-11-05,3466.8,14.89,70.96,2.568,102.42,1492.9,13.84,0,0
5,2023-11-06,3478.0,11.28,69.39,2.449,103.27,1496.8,13.98,0,0
5,2023-11-07,3490.3,12.28,69.67,2.714,103.46,1489.1,14.24,0,0
5,2023-11-08,3505.8,15.48,69.65,2.746,102.15,1486.9,13.75,0,0
5,2023-11-09,3517.2,11.39,70.51,2.699,103.62,1487.8,13.69,0,0
5,2023-11-10,3529.6,12.39,69.65,2.486,101.44,1472.2,13.48,0,0
5,2023-11-11,3541.9,12.29,71.92,2.537,103.22,1492.8,13.25,0,0
5,2023-11-12,3554.9,13.08,69.68,2.684,103.27,1480.9,13.71,0,0
5,2023-11-13,3567.3,12.4,69.02,2.396,102.63,1495.6,13.61,0,0
5,2023-11-14,3580.1,12.71,70.96,2.613,102.77,1489.8,13.75,0,0
5,2023-11-15,3593.3,13.26,69.24,2.876,102.48,1491.4,13.63,0,0
5,2023-11-16,3607.4,14.09,68.85,2.622,102.21,1496.2,13.49,0,0
5,2023-11-17,3617.4,10.03,68.26,2.425,102.71,1483.2,13.64,0,0
5,2023-11-18,3630.9,13.46,69.93,2.558,102.17,1493.5,13.96,0,0
5,2023-11-19,3637.9,7.0,69.0,2.554,103.85,1492.7,13.65,0,0
5,2023-11-20,3652.7,14.76,68.68,2.97,100.61,1489.1,13.75,0,0
5,2023-11-21,3661.6,8.9,68.89,2.899,102.58,1483.1,14.44,0,0
5,2023-11-22,3671.6,10.03,69.09,2.758,100.81,1495.3,14.13,0,0
5,2023-11-23,3685.6,14.04,70.29,2.597,101.65,1496.2,13.88,0,0
5,2023-11-24,3698.0,12.37,69.94,2.829,102.14,1491.5,13.89,0,0
5,2023-11-25,3707.1,9.09,69.31,2.479,104.05,1482.0,13.6,0,0
5,2023-11-26,3715.3,8.25,70.01,2.81,103.87,1486.4,13.68,0,0
5,2023-11-27,3730.9,15.58,70.45,2.943,102.16,1485.6,13.89,0,0
5,2023-11-28,3737.8,6.88,,2.936,101.53,1487.1,14.17,0,0
5,2023-11-29,3743.8,6.04,72.09,3.284,101.88,1464.4,14.28,0,0
5,2023-11-30,3756.6,12.73,73.21,,101.35,1468.1,14.12,0,0
5,2023-12-01,3768.7,12.14,75.12,3.233,99.02,1464.9,14.8,0,0
5,2023-12-02,3782.1,13.38,76.22,3.725,99.64,1462.9,14.61,0,0
5,2023-12-03,3795.4,13.32,78.18,3.72,97.39,1448.7,15.52,0,0
5,2023-12-04,3810.0,14.63,78.77,3.978,97.33,1452.8,15.48,0,0
5,2023-12-05,3825.3,15.22,78.89,4.316,97.69,1447.6,14.77,0,0
5,2023-12-06,3839.0,13.75,79.2,4.089,,1437.3,15.36,0,0
5,2023-12-07,3847.3,8.32,82.47,4.331,95.5,1440.2,16.08,0,0
5,2023-12-08,3858.0,10.63,83.02,4.743,93.57,1432.3,15.96,0,0
5,2023-12-09,3870.4,12.42,84.76,4.762,95.05,1436.1,15.95,1,0
5,2023-12-10,3881.8,11.39,85.35,4.712,93.1,1420.5,15.39,1,0
5,2023-12-11,3889.4,7.59,87.8,4.829,92.53,1423.8,16.18,1,0
5,2023-12-12,3901.3,11.89,86.88,5.048,94.09,1412.1,16.47,1,0
5,2023-12-13,3916.1,14.87,88.24,5.171,91.42,1409.3,15.95,1,0
5,2023-12-14,3926.3,10.19,90.09,5.472,92.24,1412.0,16.92,1,0
5,2023-12-15,3939.0,12.69,91.27,5.603,91.96,1407.0,16.69,1,0
5,2023-12-16,3951.2,12.16,91.84,5.788,91.15,1397.3,17.15,0,1
5,2023-12-17,3960.9,9.77,67.86,2.523,102.47,1488.4,13.85,0,0
5,2023-12-18,3972.6,11.65,67.68,2.638,102.29,1478.9,13.73,0,0
5,2023-12-19,3980.7,8.1,69.07,2.34,101.8,1501.8,14.05,0,0
5,2023-12-20,3992.1,11.46,69.47,2.67,100.95,1496.1,13.89,0,0
5,2023-12-21,4006.1,13.99,67.58,2.825,103.49,1495.8,14.62,0,0
5,2023-12-22,4019.7,13.59,69.42,2.435,103.39,1477.8,14.34,0,0
5,2023-12-23,4029.3,9.58,70.1,2.721,103.19,1485.8,13.5,0,0
5,2023-12-24,4036.4,7.12,69.39,2.557,99.88,1487.9,14.16,0,0
5,2023-12-25,4050.4,14.0,69.75,2.769,102.54,1475.1,13.59,0,0
5,2023-12-26,4059.1,8.65,70.04,2.672,,1497.7,13.46,0,0
5,2023-12-27,4065.6,6.53,67.85,2.709,104.0,1502.2,13.37,0,0
5,2023-12-28,4076.1,10.45,70.11,2.658,103.01,1507.1,13.7,0,0
5,2023-12-29,4089.5,13.39,68.72,2.848,102.91,1482.2,14.11,0,0
5,2023-12-30,4103.5,14.08,,2.701,102.04,1491.5,13.86,0,0
5,2023-12-31,4119.4,15.82,68.79,2.543,103.09,1501.2,13.96,0,0
5,2024-01-01,4127.3,7.89,70.53,2.663,102.48,1488.5,12.84,0,0
5,2024-01-02,4136.2,8.94,68.28,2.593,101.98,1486.0,13.74,0,0
5,2024-01-03,4148.3,12.09,70.83,2.673,101.56,1475.6,13.49,0,0
5,2024-01-04,4162.4,14.11,71.84,2.586,101.77,1499.6,13.33,0,0
5,2024-01-05,4170.7,8.34,67.9,2.547,103.04,1490.4,13.45,0,0
5,2024-01-06,4180.8,10.1,68.87,2.679,101.33,1484.7,13.83,0,0
5,2024-01-07,4190.9,10.08,70.07,2.657,102.42,1492.8,14.01,0,0
5,2024-01-08,4204.7,13.73,68.46,2.808,104.02,1491.8,13.54,0,0
5,2024-01-09,4213.1,8.41,69.18,,101.28,1491.9,13.99,0,0
5,2024-01-10,4228.7,15.69,69.63,2.352,103.16,1488.8,14.05,0,0
5,2024-01-11,4239.9,11.1,68.74,2.594,103.26,1503.5,13.91,0,0
5,2024-01-12,4248.7,8.82,69.53,2.405,102.42,1489.5,13.55,0,0
5,2024-01-13,4257.5,8.84,70.4,2.711,103.34,1503.5,13.66,0,0
5,2024-01-14,4263.7,6.18,69.37,2.398,102.53,1495.1,13.91,0,0
5,2024-01-15,4276.6,12.92,68.41,2.5,103.51,1493.4,13.59,0,0
5,2024-01-16,4290.4,13.76,70.62,2.594,101.65,1489.7,14.0,0,0
5,2024-01-17,4296.7,6.32,70.84,2.88,104.6,1498.4,13.48,0,0
5,2024-01-18,4308.6,11.86,69.82,2.488,104.15,1491.5,13.92,0,0
5,2024-01-19,4322.4,13.82,68.47,2.651,100.48,1483.1,14.08,0,0
5,2024-01-20,4332.1,9.76,68.58,2.736,103.89,1482.8,13.87,0,0
5,2024-01-21,4342.5,10.33,67.08,2.871,102.14,1494.0,13.51,0,0
5,2024-01-22,4352.1,9.62,68.86,2.765,104.15,1483.3,13.32,0,0
5,2024-01-23,4361.2,9.16,70.52,2.813,103.72,1490.1,13.48,0,0
5,2024-01-24,4372.2,10.91,68.77,2.778,101.63,1499.0,13.95,0,0
5,2024-01-25,4379.8,7.66,68.5,2.467,103.29,1493.0,13.75,0,0
5,2024-01-26,4390.2,10.41,70.48,2.703,102.01,1484.8,13.63,0,0
5,2024-01-27,4405.6,15.42,70.6,2.776,103.25,1501.9,13.93,0,0
5,2024-01-28,4411.9,6.27,68.92,2.505,102.76,1495.0,13.21,0,0
5,2024-01-29,4419.6,7.65,69.96,2.562,101.98,1498.7,13.73,0,0
5,2024-01-30,4433.3,13.78,68.59,2.528,101.38,1472.4,13.48,0,0
5,2024-01-31,4440.7,7.32,69.11,2.765,102.94,1493.2,13.4,0,0
5,2024-02-01,4449.4,8.71,67.63,2.638,103.18,1497.3,13.65,0,0
5,2024-02-02,4459.9,10.55,69.81,2.601,102.56,1504.2,14.55,0,0
5,2024-02-03,4475.4,15.43,69.35,2.456,,1478.9,14.0,0,0
5,2024-02-04,4483.2,7.84,68.78,2.639,102.23,1500.2,13.47,0,0
5,2024-02-05,4498.4,15.23,69.36,2.564,101.62,1503.7,14.17,0,0
5,2024-02-06,4511.6,13.19,69.24,2.685,103.45,1474.4,13.42,0,0
5,2024-02-07,4524.3,12.71,68.63,2.477,100.55,1494.4,14.26,0,0
5,2024-02-08,4537.6,13.24,69.85,2.675,103.67,1495.5,13.54,0,0
5,2024-02-09,4543.9,6.31,69.15,2.583,102.64,1488.0,13.84,0,0
5,2024-02-10,4550.9,6.99,69.32,2.461,103.24,1486.6,14.43,0,0
5,2024-02-11,4560.2,9.35,67.99,2.45,103.33,1495.9,13.7,0,0
5,2024-02-12,4566.9,6.74,69.33,2.472,102.83,1485.7,14.36,0,0
5,2024-02-13,4582.8,15.88,69.27,2.618,102.32,1488.8,13.79,0,0
5,2024-02-14,4594.6,11.8,68.63,2.667,103.82,1497.1,13.78,0,0
5,2024-02-15,4605.5,10.87,69.98,2.689,101.0,1504.6,13.54,0,0
5,2024-02-16,4619.4,13.86,67.35,2.695,104.02,1494.9,14.23,0,0
5,2024-02-17,4635.1,15.77,68.97,2.535,101.59,1491.6,13.66,0,0
5,2024-02-18,4650.7,15.55,69.76,2.807,102.39,1486.4,14.38,0,0
5,2024-02-19,4664.6,13.93,71.55,2.582,104.15,1482.5,13.62,0,0
5,2024-02-20,4674.4,9.77,68.09,2.716,104.94,1499.4,13.67,0,0
5,2024-02-21,4681.0,6.66,69.54,2.624,102.9,1489.3,14.11,0,0
5,2024-02-22,4688.0,6.98,70.0,2.705,101.36,1499.8,13.78,0,0
5,2024-02-23,4694.0,6.01,69.52,2.617,103.57,1487.9,13.9,0,0
5,2024-02-24,4700.0,6.02,68.22,,102.68,1485.4,13.42,0,0
5,2024-02-25,4715.4,15.36,68.97,2.648,101.65,1493.9,13.84,0,0
5,2024-02-26,4730.7,15.27,67.01,2.771,102.93,1490.0,13.92,0,0
5,2024-02-27,4743.4,12.68,69.46,2.526,101.4,1480.9,14.33,0,0
5,2024-02-28,4756.6,13.27,68.04,2.383,102.91,1505.1,13.67,0,0
5,2024-02-29,4767.8,11.13,69.91,2.503,101.79,1485.6,13.91,0,0
5,2024-03-01,4776.1,8.38,68.8,2.809,100.75,1498.0,14.17,0,0
5,2024-03-02,4791.3,15.14,68.71,2.625,101.05,1497.3,13.82,0,0
5,2024-03-03,4800.1,8.78,69.62,2.662,102.11,1480.5,14.13,0,0
5,2024-03-04,4813.5,13.4,69.71,2.491,103.22,1482.6,14.56,0,0
5,2024-03-05,4821.9,8.45,70.32,2.659,103.97,1488.2,13.82,0,0
5,2024-03-06,4836.6,14.7,69.19,2.495,104.14,1483.6,14.21,0,0
5,2024-03-07,4849.1,12.51,69.35,2.517,101.2,1504.4,13.96,0,0
5,2024-03-08,4861.5,12.43,68.07,2.588,102.49,1489.0,14.07,0,0
5,2024-03-09,4868.5,6.97,70.9,2.715,102.1,1497.7,14.02,0,0
5,2024-03-10,4878.7,10.19,68.52,2.731,102.61,1494.7,14.13,0,0
5,2024-03-11,4890.0,11.25,70.18,2.736,104.12,1492.7,14.11,0,0
5,2024-03-12,4898.9,8.94,70.19,2.41,102.88,1490.9,13.79,0,0
5,2024-03-13,4913.7,14.81,69.85,2.648,103.58,1500.5,13.64,0,0
5,2024-03-14,4928.1,14.38,69.22,2.619,104.93,1484.0,13.94,0,0
5,2024-03-15,4939.0,10.94,69.09,2.419,101.15,1504.4,13.37,0,0
5,2024-03-16,4948.4,9.4,69.39,2.651,102.24,1480.3,13.99,0,0
5,2024-03-17,4962.4,14.02,67.55,2.611,103.29,1496.8,14.03,0,0
5,2024-03-18,4970.4,7.97,69.43,2.725,102.98,1479.3,13.75,0,0
5,2024-03-19,4977.1,6.72,70.94,2.661,103.76,1488.0,13.82,0,0
5,2024-03-20,4983.6,6.46,69.23,2.566,102.33,1491.3,14.08,0,0
5,2024-03-21,4990.0,6.39,69.42,2.788,102.92,1486.7,14.03,0,0
5,2024-03-22,5000.9,10.89,68.43,2.315,101.96,1489.1,14.09,0,0
5,2024-03-23,5009.4,8.55,69.64,2.639,103.78,1479.5,14.04,0,0
5,2024-03-24,5022.3,12.9,68.67,2.384,102.76,1482.7,13.84,0,0
5,2024-03-25,5034.9,12.54,70.3,2.512,104.12,1494.6,13.8,0,0
5,2024-03-26,5046.3,11.42,70.59,2.727,104.13,1490.8,13.94,0,0
5,2024-03-27,5055.8,9.53,70.81,2.458,101.43,1485.0,14.24,0,0
5,2024-03-28,5070.3,14.5,68.01,2.435,104.28,1501.2,13.89,0,0
5,2024-03-29,5083.4,13.1,70.18,3.006,103.65,1480.8,14.2,0,0
5,2024-03-30,5092.1,8.72,70.1,2.445,102.56,1487.7,13.2,0,0
5,2024-03-31,5103.1,11.02,69.04,2.896,103.56,1486.5,13.91,0,0
5,2024-04-01,5110.7,7.56,70.65,2.623,102.21,1495.5,13.83,0,0
5,2024-04-02,5120.0,9.29,69.87,2.57,104.08,1491.0,13.31,0,0
5,2024-04-03,5136.0,15.97,70.83,2.734,102.81,1489.7,13.35,0,0
5,2024-04-04,5144.2,8.24,68.19,2.849,103.6,1475.8,13.95,0,0
5,2024-04-05,5157.2,12.98,68.74,2.477,102.08,1497.5,13.84,0,0
5,2024-04-06,5165.6,8.38,69.55,2.572,103.0,1488.8,14.05,0,0
5,2024-04-07,5180.9,15.38,70.63,2.776,103.6,1491.5,13.03,0,0
5,2024-04-08,5190.0,9.1,69.91,2.692,103.02,1484.6,14.13,0,0
5,2024-04-09,5199.5,9.47,68.5,2.814,103.28,1483.3,14.13,0,0
5,2024-04-10,5211.5,11.94,71.23,2.726,101.95,1502.6,13.39,0,0
5,2024-04-11,5223.3,11.88,69.16,2.92,103.02,1476.4,14.23,0,0
5,2024-04-12,5235.1,11.79,68.54,2.675,101.96,1482.1,14.35,0,0
5,2024-04-13,5246.9,11.73,68.68,2.682,102.7,1502.4,13.41,0,0
5,2024-04-14,5256.0,9.12,,2.697,102.22,1495.7,13.84,0,0
5,2024-04-15,5266.3,10.34,67.21,2.627,102.51,1488.0,13.87,0,0
5,2024-04-16,5278.3,11.93,69.34,2.776,100.96,1500.5,13.27,0,0
5,2024-04-17,5291.0,12.71,67.9,2.684,102.74,1494.1,13.71,0,0
5,2024-04-18,5299.5,8.53,69.77,2.767,102.61,1492.4,14.23,0,0
5,2024-04-19,5312.5,13.01,70.44,2.79,101.2,1492.4,13.55,0,0
5,2024-04-20,5327.8,15.23,69.83,2.713,103.06,1494.3,14.36,0,0
5,2024-04-21,5341.3,13.58,69.5,2.724,103.54,1494.6,13.92,0,0
5,2024-04-22,5348.2,6.84,67.91,2.497,103.03,1508.1,13.57,0,0
5,2024-04-23,5358.9,10.69,70.3,2.566,103.5,1489.0,13.82,0,0
5,2024-04-24,5369.2,10.35,71.4,2.775,102.19,1489.3,13.37,0,0
5,2024-04-25,5378.6,9.37,70.86,2.862,102.5,1480.7,13.94,0,0
5,2024-04-26,5389.5,10.91,68.12,2.358,,1490.2,13.75,0,0
5,2024-04-27,5399.9,10.4,69.37,2.563,102.86,1505.5,13.68,0,0
5,2024-04-28,5406.0,6.06,69.17,2.652,100.36,1498.4,13.37,0,0
5,2024-04-29,5414.3,8.37,69.05,2.517,101.79,1486.2,13.78,0,0
5,2024-04-30,5422.5,8.14,69.48,2.525,103.72,1490.8,13.87,0,0
5,2024-05-01,5431.9,9.49,71.62,2.72,101.93,1480.2,13.4,0,0
5,2024-05-02,5439.7,7.74,69.56,2.886,102.47,1482.8,14.13,0,0
5,2024-05-03,5446.4,6.68,69.01,2.344,102.66,1491.8,13.89,0,0
5,2024-05-04,5454.3,7.97,69.75,2.623,101.37,1486.6,13.55,0,0
5,2024-05-05,5468.9,14.54,68.14,2.718,104.29,1482.2,13.78,0,0
5,2024-05-06,5482.9,13.97,68.74,2.766,102.68,1494.5,14.06,0,0
5,2024-05-07,5493.3,10.42,70.44,2.697,101.86,1489.9,14.22,0,0
5,2024-05-08,5508.0,14.78,69.64,2.913,103.36,1478.0,14.28,0,0
5,2024-05-09,5516.4,8.33,71.55,2.653,102.42,1474.0,14.35,0,0
5,2024-05-10,5528.2,11.84,69.72,2.845,102.77,1486.0,13.41,0,0
5,2024-05-11,5535.6,7.43,68.21,2.552,,1477.9,13.6,0,0
5,2024-05-12,5550.0,14.33,67.87,2.657,102.17,1475.6,13.39,0,0
5,2024-05-13,5557.3,7.31,70.45,2.467,103.86,1499.6,14.14,0,0
5,2024-05-14,5563.6,6.32,68.41,2.784,102.37,1489.8,13.76,0,0
5,2024-05-15,5572.3,8.73,68.32,2.631,102.78,1488.4,14.19,0,0
5,2024-05-16,5587.3,15.01,68.94,2.702,103.02,1489.1,13.38,0,0
5,2024-05-17,5594.6,7.29,70.45,2.602,102.37,1481.5,13.6,0,0
5,2024-05-18,5604.0,9.31,69.09,2.737,101.7,1493.9,13.57,0,0
5,2024-05-19,5613.1,9.16,68.61,2.708,103.17,1489.5,14.18,0,0
5,2024-05-20,5627.1,14.02,70.67,2.499,103.84,1484.5,14.02,0,0
5,2024-05-21,5637.3,10.22,70.49,2.508,103.34,1485.7,13.2,0,0
5,2024-05-22,5649.5,12.12,71.12,2.645,103.31,1480.8,13.67,0,0
5,2024-05-23,5659.5,10.04,70.8,2.748,102.26,1487.3,14.1,0,0
5,2024-05-24,5671.0,11.51,70.51,2.928,103.4,1488.7,14.14,0,0
5,2024-05-25,5677.6,6.62,68.7,2.694,103.07,1487.1,13.93,0,0
5,2024-05-26,5687.4,9.74,70.11,2.8,103.58,1491.0,13.86,0,0
5,2024-05-27,5701.9,14.55,70.67,2.407,102.81,1489.9,13.53,0,0
5,2024-05-28,5714.8,12.91,71.31,2.951,103.31,1492.4,14.13,0,0
5,2024-05-29,5730.7,15.82,69.62,2.74,102.23,1498.1,13.45,0,0
5,2024-05-30,5744.5,13.88,70.06,2.796,102.79,1490.8,13.49,0,0
5,2024-05-31,5755.1,10.52,70.77,2.934,100.21,1489.2,14.2,0,0
5,2024-06-01,5767.8,12.76,73.74,2.947,100.51,1470.3,14.16,0,0
5,2024-06-02,5781.6,13.76,73.2,3.145,99.52,1468.5,14.68,0,0
5,2024-06-03,5790.3,8.7,75.07,3.71,103.1,1473.3,14.77,0,0
5,2024-06-04,5796.9,6.6,75.19,3.43,99.62,1469.0,15.3,0,0
5,2024-06-05,5806.9,10.06,77.01,3.582,97.26,1453.7,15.07,0,0
5,2024-06-06,5814.4,7.45,78.71,3.782,96.35,1459.5,15.43,0,0
5,2024-06-07,5823.2,8.77,79.65,3.863,95.35,1442.5,15.02,0,0
5,2024-06-08,5838.6,15.47,81.22,4.2,95.33,1449.4,15.65,0,0
5,2024-06-09,5853.1,14.47,80.21,4.516,95.0,1440.9,15.51,0,0
5,2024-06-10,5865.0,11.92,82.57,4.416,94.25,1425.5,15.61,0,0
5,2024-06-11,5875.0,10.01,83.32,4.456,94.14,1428.6,15.65,1,0
5,2024-06-12,5883.7,8.64,83.91,4.861,94.81,1445.1,16.55,1,0
5,2024-06-13,5895.4,11.71,85.25,4.964,93.16,1424.7,16.24,1,0
5,2024-06-14,5906.7,11.33,86.2,5.277,93.44,1437.0,16.17,1,0
5,2024-06-15,5920.5,13.81,88.55,5.214,91.04,1402.6,16.77,1,0
5,2024-06-16,5935.8,15.28,89.7,5.398,91.1,1415.6,16.6,1,0
5,2024-06-17,5945.1,9.29,91.28,5.569,89.92,1384.8,16.66,1,0
5,2024-06-18,5953.2,8.06,91.84,5.76,90.68,1400.6,17.93,0,1
5,2024-06-19,5963.2,10.03,69.61,2.59,102.53,1495.6,13.45,0,0
5,2024-06-20,5973.6,10.38,69.53,2.565,104.49,1497.3,14.37,0,0
5,2024-06-21,5980.0,6.4,70.13,2.371,102.04,1484.2,13.57,0,0
5,2024-06-22,5994.6,14.62,67.35,2.564,101.67,1498.9,14.0,0,0
5,2024-06-23,6010.5,15.96,69.39,2.756,103.01,1486.3,13.78,0,0
5,2024-06-24,6025.8,15.23,69.77,2.776,102.54,1489.3,14.03,0,0
5,2024-06-25,6040.4,14.61,71.24,2.578,103.22,1487.1,13.39,0,0
5,2024-06-26,6056.3,15.93,68.34,2.844,102.65,1481.5,13.36,0,0
5,2024-06-27,6071.4,15.08,68.31,2.644,102.57,1503.1,14.04,0,0
5,2024-06-28,6084.3,12.88,67.18,2.448,102.05,1491.0,13.27,0,0
5,2024-06-29,6091.9,7.67,68.06,2.401,102.44,1499.3,13.46,0,0
5,2024-06-30,6099.5,7.56,69.3,2.831,101.18,1498.9,13.78,0,0
5,2024-07-01,6106.0,6.49,68.73,2.593,103.91,1482.8,13.42,0,0
5,2024-07-02,6116.1,10.12,68.71,2.467,103.98,1500.3,13.46,0,0
5,2024-07-03,6130.2,14.09,,2.31,103.65,1494.6,13.69,0,0
5,2024-07-04,6141.1,10.9,70.04,2.589,102.26,1482.2,13.15,0,0
5,2024-07-05,6150.8,9.66,69.47,2.709,102.09,1494.2,13.39,0,0
5,2024-07-06,6157.8,7.09,69.48,2.544,103.21,1482.4,14.21,0,0
5,2024-07-07,6164.4,6.52,69.86,2.491,101.76,1503.4,14.1,0,0
5,2024-07-08,6174.4,9.99,67.62,2.566,103.85,1497.1,14.49,0,0
5,2024-07-09,6181.4,7.0,69.58,2.835,100.33,1490.0,13.99,0,0
5,2024-07-10,6188.4,7.04,69.38,2.44,102.26,1500.7,14.2,0,0
5,2024-07-11,6198.3,9.95,69.45,2.552,101.65,1477.9,13.68,0,0
5,2024-07-12,6209.4,11.03,68.87,2.83,103.96,1484.6,13.75,0,0
5,2024-07-13,6217.2,7.87,69.25,2.723,103.79,1488.6,13.93,0,0
5,2024-07-14,6230.1,12.85,69.86,2.676,103.28,1508.5,13.24,0,0
5,2024-07-15,6240.3,10.19,71.06,2.551,104.63,1482.0,13.97,0,0
5,2024-07-16,6247.2,6.92,67.76,2.653,102.72,1476.9,13.62,0,0
5,2024-07-17,6259.6,12.37,70.02,2.568,103.35,1479.0,13.67,0,0
5,2024-07-18,6269.1,9.57,70.67,2.52,101.12,1497.8,14.11,0,0
5,2024-07-19,6275.7,6.52,68.18,2.487,102.39,1485.8,13.34,0,0
5,2024-07-20,6291.1,15.48,69.27,2.766,102.82,1489.3,13.83,0,0
5,2024-07-21,6302.8,11.71,69.73,2.64,101.8,1496.7,13.94,0,0
5,2024-07-22,6313.6,10.78,71.46,2.696,102.97,1489.3,13.65,0,0
5,2024-07-23,6328.2,14.59,71.63,2.671,100.75,1492.2,13.82,0,0
5,2024-07-24,6343.6,15.37,68.18,2.715,103.21,1494.9,13.83,0,0
5,2024-07-25,6351.8,8.2,69.15,2.61,102.28,1487.1,14.08,0,0
5,2024-07-26,6365.9,14.1,69.65,2.576,101.93,1489.2,13.75,0,0
5,2024-07-27,6380.2,14.31,70.01,2.526,103.46,1492.5,13.43,0,0
5,2024-07-28,6386.7,6.54,69.65,2.437,104.18,1497.5,13.64,0,0
5,2024-07-29,6399.9,13.12,68.5,2.48,103.61,1484.2,13.7,0,0
5,2024-07-30,6406.5,6.63,68.46,2.594,101.9,1466.4,13.57,0,0
5,2024-07-31,6418.4,11.95,67.91,2.408,103.38,1496.0,13.87,0,0
5,2024-08-01,6431.1,12.69,67.43,2.441,102.46,1498.0,13.85,0,0
5,2024-08-02,6440.8,9.67,67.89,2.805,103.84,1492.2,13.84,0,0
5,2024-08-03,6455.6,14.81,70.61,2.682,102.94,1492.7,13.54,0,0
5,2024-08-04,6469.6,14.01,70.16,2.581,101.24,1486.1,13.85,0,0
5,2024-08-05,6484.9,15.26,70.01,2.989,102.47,1494.6,14.2,0,0
5,2024-08-06,6494.0,9.15,69.23,2.401,101.89,1497.4,13.9,0,0
5,2024-08-07,6500.2,6.22,69.41,2.795,101.94,1491.0,14.13,0,0
5,2024-08-08,6514.4,14.11,69.18,2.632,102.39,1510.5,13.84,0,0
5,2024-08-09,6522.6,8.23,67.87,2.766,102.99,1478.1,13.62,0,0
5,2024-08-10,6533.3,10.67,70.1,2.665,103.62,1491.9,14.07,0,0
5,2024-08-11,6547.4,14.17,70.31,2.368,102.19,1481.2,13.39,0,0
5,2024-08-12,6555.6,8.16,68.3,2.663,103.93,1497.6,13.64,0,0
5,2024-08-13,6564.7,9.12,68.3,2.699,101.01,1477.9,13.77,0,0
5,2024-08-14,6575.1,10.39,69.8,2.32,101.88,1479.9,14.0,0,0
5,2024-08-15,6583.8,8.72,69.8,,104.76,1485.5,14.19,0,0
5,2024-08-16,6594.4,10.61,70.19,2.695,101.57,1492.7,14.06,0,0
5,2024-08-17,6600.5,6.1,70.87,,103.97,1485.8,14.03,0,0
5,2024-08-18,6608.6,8.12,68.4,2.474,102.69,1485.9,14.07,0,0
5,2024-08-19,6623.0,14.33,69.37,2.752,102.64,1489.1,14.11,0,0
5,2024-08-20,6633.1,10.13,68.45,2.812,103.65,1488.6,13.47,0,0
5,2024-08-21,6645.5,12.36,68.52,2.687,103.51,1502.5,14.47,0,0
5,2024-08-22,6653.8,8.32,69.02,2.647,104.05,1496.1,14.14,0,0
5,2024-08-23,6666.3,12.5,70.89,2.515,102.47,1488.0,13.75,0,0
5,2024-08-24,6682.3,16.0,70.56,2.616,102.86,1507.3,13.92,0,0
5,2024-08-25,6694.2,11.95,69.38,2.572,102.46,1494.5,13.41,0,0
5,2024-08-26,6706.5,12.28,67.3,2.734,101.6,1482.8,13.73,0,0
5,2024-08-27,6713.6,7.12,69.85,2.521,102.88,1492.6,13.71,0,0
5,2024-08-28,6723.7,10.03,69.82,2.733,102.55,1494.9,13.68,0,0
5,2024-08-29,6738.3,14.61,68.52,2.523,100.84,1485.1,14.05,0,0
5,2024-08-30,6752.6,14.34,70.28,2.609,103.82,1482.2,13.84,0,0
5,2024-08-31,6763.9,11.22,68.5,2.741,102.86,1491.3,13.45,0,0
5,2024-09-01,6778.9,15.03,70.28,2.543,102.01,1487.7,13.46,0,0
5,2024-09-02,6786.3,7.43,69.69,2.746,103.05,1502.4,13.22,0,0
5,2024-09-03,6798.9,12.58,67.99,2.732,102.19,1496.5,14.07,0,0
5,2024-09-04,6807.4,8.49,69.09,2.608,102.92,1485.4,13.74,0,0
5,2024-09-05,6819.8,12.46,69.6,2.823,104.1,1494.0,14.03,0,0
5,2024-09-06,6826.7,6.87,69.75,2.66,103.11,1500.7,14.75,0,0
5,2024-09-07,6842.2,15.44,70.49,2.814,102.23,1479.4,13.54,0,0
5,2024-09-08,6856.0,13.86,70.61,2.918,101.68,1482.4,13.91,0,0
5,2024-09-09,6864.0,8.01,69.21,2.612,102.0,1490.5,14.24,0,0
5,2024-09-10,6876.4,12.37,70.01,2.745,103.53,1490.9,13.66,0,0
5,2024-09-11,6890.0,13.59,71.06,2.553,102.66,1490.2,13.71,0,0
5,2024-09-12,6898.1,8.09,68.43,2.494,103.27,1488.1,13.97,0,0
5,2024-09-13,6905.0,6.93,68.84,2.619,102.43,1488.0,14.57,0,0
5,2024-09-14,6914.5,9.52,67.8,2.444,101.78,1493.6,14.0,0,0
5,2024-09-15,6921.9,7.36,68.82,2.508,103.31,1499.6,13.56,0,0
5,2024-09-16,6933.6,11.66,69.66,2.737,101.91,1486.7,13.59,0,0
5,2024-09-17,6943.8,10.24,67.34,2.572,102.31,1510.1,13.66,0,0
5,2024-09-18,6954.4,10.62,69.89,2.755,101.49,1506.3,13.26,0,0
5,2024-09-19,6965.8,11.43,68.98,2.694,101.78,1501.2,13.76,0,0
5,2024-09-20,6981.7,15.82,69.39,,103.61,1495.6,13.81,0,0
5,2024-09-21,6995.6,13.93,68.28,2.727,103.76,1506.6,13.82,0,0
5,2024-09-22,7007.9,12.29,69.35,2.816,103.81,1488.2,13.37,0,0
5,2024-09-23,7017.5,9.64,71.13,2.709,103.81,1483.9,13.91,0,0
5,2024-09-24,7023.8,6.27,69.05,2.695,102.36,1486.4,13.51,0,0
5,2024-09-25,7031.0,7.17,67.24,2.823,103.38,1482.5,13.74,0,0
5,2024-09-26,7044.3,13.31,70.67,2.749,103.77,1491.5,13.59,0,0
5,2024-09-27,7054.0,9.69,70.0,2.68,101.84,1493.0,14.15,0,0
5,2024-09-28,7063.3,9.34,69.55,2.68,102.91,1492.2,13.6,0,0
5,2024-09-29,7078.2,14.89,70.02,2.729,102.59,1490.5,14.21,0,0
5,2024-09-30,7089.0,10.85,69.54,2.548,100.84,1491.6,13.85,0,0
5,2024-10-01,7104.0,15.0,71.1,2.542,103.04,1504.5,13.93,0,0
5,2024-10-02,7118.9,14.87,70.2,2.862,102.0,1495.5,13.83,0,0
5,2024-10-03,7125.7,6.8,69.0,2.928,103.77,1498.0,13.55,0,0
5,2024-10-04,7141.2,15.45,70.94,2.509,101.95,1492.1,13.93,0,0
5,2024-10-05,7147.9,6.77,71.27,2.548,103.04,1477.6,13.68,0,0
5,2024-10-06,7163.6,15.64,70.36,2.82,102.83,1476.1,13.9,0,0
5,2024-10-07,7174.1,10.53,69.86,2.729,100.99,1507.2,13.99,0,0
5,2024-10-08,7187.7,13.61,68.6,2.75,102.39,1486.3,14.38,0,0
5,2024-10-09,7200.8,13.06,70.14,2.783,103.07,1485.6,13.95,0,0
5,2024-10-10,7211.9,11.18,69.84,2.613,103.74,1492.5,14.1,0,0
5,2024-10-11,7224.1,12.19,69.43,2.698,102.73,1495.0,14.01,0,0
5,2024-10-12,7239.6,15.5,70.15,2.687,103.62,1496.0,13.74,0,0
5,2024-10-13,7254.9,15.27,69.54,2.52,103.25,1504.8,14.01,0,0
5,2024-10-14,7267.5,12.54,70.0,2.696,103.29,1502.6,13.77,0,0
5,2024-10-15,7280.0,12.58,70.49,2.834,103.33,1484.1,13.68,0,0
5,2024-10-16,7288.5,8.47,68.12,2.599,102.44,1498.3,13.48,0,0
5,2024-10-17,7302.8,14.29,68.43,2.672,101.73,1487.5,14.0,0,0
5,2024-10-18,7315.1,12.33,68.54,2.68,104.28,1489.5,13.64,0,0
5,2024-10-19,7329.4,14.26,71.39,2.606,103.48,1481.8,14.0,0,0
5,2024-10-20,7342.0,12.58,70.09,2.75,102.65,1477.0,13.81,0,0
5,2024-10-21,7350.9,8.99,70.18,2.547,103.33,1490.3,13.72,0,0
5,2024-10-22,7358.8,7.89,70.58,2.849,103.11,1482.9,13.55,0,0
5,2024-10-23,7365.6,6.77,68.41,2.743,101.86,1498.0,14.2,0,0
5,2024-10-24,7377.5,11.86,67.41,2.508,102.38,1488.3,13.69,0,0
5,2024-10-25,7386.3,8.84,69.39,2.903,104.04,1493.0,14.28,0,0
5,2024-10-26,7398.6,12.31,70.35,2.674,102.71,1501.5,13.56,0,0
5,2024-10-27,7405.2,6.59,69.26,2.54,103.09,1478.7,14.26,0,0
5,2024-10-28,7415.0,9.76,68.08,2.814,103.97,1484.8,13.83,0,0
5,2024-10-29,7423.6,8.61,68.55,2.723,102.71,1492.0,14.07,0,0
5,2024-10-30,7433.3,9.7,68.27,2.383,101.78,1493.1,13.42,0,0
5,2024-10-31,7439.8,6.54,68.84,2.57,102.83,1499.4,13.42,0,0
5,2024-11-01,7453.1,13.24,68.29,2.691,102.16,1497.5,13.89,0,0
5,2024-11-02,7460.2,7.17,69.6,2.325,101.32,1491.3,13.5,0,0
5,2024-11-03,7466.4,6.14,68.91,2.661,103.52,1493.0,14.21,0,0
5,2024-11-04,7481.8,15.46,70.09,2.672,102.46,1493.2,13.92,0,0
5,2024-11-05,7489.8,7.93,68.48,2.471,99.73,1478.8,13.62,0,0
5,2024-11-06,7504.0,14.28,69.71,2.689,102.97,1489.3,13.53,0,0
5,2024-11-07,7519.7,15.64,69.42,2.65,102.98,1492.6,13.72,0,0
5,2024-11-08,7531.0,11.34,69.85,2.47,104.67,1494.2,13.64,0,0
5,2024-11-09,7542.3,11.26,69.99,2.787,102.71,1483.2,13.96,0,0
5,2024-11-10,7552.0,9.67,70.1,2.774,103.78,1480.4,13.79,0,0
5,2024-11-11,7562.2,10.26,70.28,2.605,103.36,1488.7,14.16,0,0
5,2024-11-12,7573.0,10.82,70.0,2.619,102.12,1506.3,14.0,0,0
5,2024-11-13,7580.6,7.52,69.75,2.758,103.06,1484.0,13.55,0,0
5,2024-11-14,7590.2,9.65,68.79,2.619,102.55,1500.0,13.68,0,0
5,2024-11-15,7604.4,14.16,70.3,2.359,102.03,1503.2,13.55,0,0
5,2024-11-16,7612.2,7.82,68.76,2.722,102.2,1490.9,13.55,0,0
5,2024-11-17,7625.5,13.3,69.16,2.527,102.06,1485.1,13.27,0,0
5,2024-11-18,7638.0,12.52,68.59,2.59,102.7,1494.7,14.09,0,0
5,2024-11-19,7644.6,6.57,68.57,2.867,102.71,1492.1,14.2,0,0
5,2024-11-20,7650.8,6.22,69.14,2.629,102.16,1483.7,13.51,0,0
5,2024-11-21,7660.3,9.53,69.22,2.649,102.51,1485.3,13.48,0,0
5,2024-11-22,7673.2,12.92,68.64,2.725,100.84,1494.2,13.98,0,0
5,2024-11-23,7682.6,9.3,69.47,2.724,,1498.0,13.56,0,0
5,2024-11-24,7695.2,12.68,69.61,2.511,102.42,1488.0,14.19,0,0
5,2024-11-25,7707.9,12.65,68.91,,104.39,1490.0,13.59,0,0
5,2024-11-26,7721.9,14.07,71.74,2.654,103.35,1495.9,13.17,0,0
5,2024-11-27,7728.9,6.99,69.79,2.689,101.74,1489.2,13.77,0,0
5,2024-11-28,7740.7,11.77,69.57,2.692,104.33,1488.2,13.63,0,0
5,2024-11-29,7747.3,6.62,68.78,3.037,102.71,1484.5,13.85,0,0
5,2024-11-30,7755.1,7.76,69.59,2.472,101.58,1484.4,13.7,0,0
5,2024-12-01,7764.4,9.26,69.69,2.796,102.64,1511.9,13.98,0,0
5,2024-12-02,7777.4,13.07,69.45,2.826,103.7,1489.0,13.94,0,0
5,2024-12-03,7793.2,15.74,70.87,2.723,101.58,1501.5,13.91,0,0
5,2024-12-04,7802.6,9.43,67.75,2.551,101.68,1504.0,13.87,0,0
5,2024-12-05,7813.8,11.21,69.07,2.898,104.52,1489.1,13.81,0,0
5,2024-12-06,7822.4,8.59,70.17,2.32,103.01,1493.5,13.39,0,0
5,2024-12-07,7835.1,12.75,68.56,2.546,102.24,1491.4,13.93,0,0
5,2024-12-08,7844.8,9.67,67.91,2.824,102.61,1477.7,14.03,0,0
5,2024-12-09,7855.6,10.82,68.93,2.593,103.0,1478.2,13.91,0,0
5,2024-12-10,7867.3,11.68,70.5,2.888,102.52,1491.0,13.75,0,0
5,2024-12-11,7880.2,12.86,68.58,2.422,104.06,1487.2,13.99,0,0
5,2024-12-12,7886.8,6.6,,2.482,102.81,1505.7,13.88,0,0
5,2024-12-13,7898.3,11.55,69.87,2.569,103.38,1488.7,14.02,0,0
5,2024-12-14,7908.6,10.31,68.87,2.711,102.8,1506.2,13.78,0,0
5,2024-12-15,7916.0,7.34,69.01,2.615,102.68,1486.8,13.38,0,0
5,2024-12-16,7924.1,8.08,68.8,2.575,103.61,1505.9,13.75,0,0
5,2024-12-17,7938.9,14.84,68.89,2.862,103.63,1494.6,13.52,0,0
5,2024-12-18,7953.6,14.72,68.29,2.876,101.08,1495.1,13.67,0,0
5,2024-12-19,7959.9,6.33,69.2,2.587,102.7,1486.5,13.83,0,0
5,2024-12-20,7972.8,12.89,,2.392,104.76,1495.2,14.11,0,0
5,2024-12-21,7984.4,11.54,71.04,2.325,102.27,1504.1,14.01,0,0
5,2024-12-22,7999.8,15.4,70.7,2.685,103.17,1489.4,13.87,0,0
5,2024-12-23,8014.9,15.08,69.59,2.747,103.96,1487.9,14.18,0,0
5,2024-12-24,8026.7,11.8,71.11,2.658,101.61,1488.6,13.82,0,0
5,2024-12-25,8034.0,7.39,71.76,2.638,102.34,1503.5,13.87,0,0
5,2024-12-26,8044.6,10.6,69.63,2.528,101.14,1497.4,13.69,0,0
5,2024-12-27,8057.9,13.25,68.46,2.747,102.82,1502.2,13.49,0,0
5,2024-12-28,8073.4,15.52,,2.9,103.1,1493.1,13.98,0,0
5,2024-12-29,8083.0,9.64,68.25,2.316,103.36,1490.9,13.34,0,0
5,2024-12-30,8096.9,13.85,68.57,2.637,104.29,1494.0,13.53,0,0
6,2023-01-01,12.3,12.27,70.2,2.127,96.54,1477.9,12.13,0,0
6,2023-01-02,23.4,11.14,71.41,2.298,98.6,1473.9,11.31,0,0
6,2023-01-03,29.6,6.19,70.5,2.287,99.3,1484.6,12.25,0,0
6,2023-01-04,39.7,10.12,68.49,1.949,98.08,1484.1,11.78,0,0
6,2023-01-05,51.9,12.19,69.34,2.202,98.52,1468.8,11.31,0,0
6,2023-01-06,63.0,11.05,68.88,1.882,98.56,1479.8,11.49,0,0
6,2023-01-07,77.7,14.72,71.1,1.791,99.09,1493.7,11.79,0,0
6,2023-01-08,87.7,9.99,69.24,2.077,98.04,1472.9,11.27,0,0
6,2023-01-09,93.8,6.13,69.47,2.144,96.93,1484.3,11.55,0,0
6,2023-01-10,102.6,8.85,69.62,2.079,96.39,1473.4,11.32,0,0
6,2023-01-11,110.0,7.36,70.13,2.172,97.79,1496.1,11.85,0,0
6,2023-01-12,118.5,8.5,68.54,1.942,96.51,1488.6,11.32,0,0
6,2023-01-13,128.1,9.62,69.72,2.182,98.18,1476.4,11.2,0,0
6,2023-01-14,140.9,12.77,70.67,1.951,98.39,1484.7,12.1,0,0
6,2023-01-15,150.1,9.24,69.4,2.387,97.61,1472.0,11.57,0,0
6,2023-01-16,165.0,14.84,71.56,2.157,98.88,1468.5,11.54,0,0
6,2023-01-17,174.0,9.0,68.85,2.265,98.3,1482.2,11.8,0,0
6,2023-01-18,181.3,7.37,69.23,1.842,97.48,1476.9,11.65,0,0
6,2023-01-19,189.0,7.69,70.51,1.966,97.69,1484.6,11.41,0,0
6,2023-01-20,204.4,15.35,69.76,2.016,99.49,1469.6,11.47,0,0
6,2023-01-21,214.9,10.55,69.5,1.855,96.44,1478.6,11.87,0,0
6,2023-01-22,224.9,10.03,68.61,2.271,97.9,1495.3,11.37,0,0
6,2023-01-23,231.6,6.69,69.15,2.037,98.34,1494.5,11.65,0,0
6,2023-01-24,245.0,13.33,71.56,1.802,97.53,1496.4,12.16,0,0
6,2023-01-25,257.9,12.95,70.05,1.954,97.42,1501.1,11.57,0,0
6,2023-01-26,267.7,9.76,70.31,1.86,99.25,1479.8,12.03,0,0
6,2023-01-27,280.6,12.92,69.11,2.141,100.18,1460.8,11.35,0,0
6,2023-01-28,290.3,9.67,69.93,2.12,97.81,1491.8,11.71,0,0
6,2023-01-29,297.0,6.73,69.46,2.126,98.17,1474.1,12.03,0,0
6,2023-01-30,310.4,13.38,68.48,2.176,98.72,1499.5,11.49,0,0
6,2023-01-31,326.0,15.65,69.0,2.358,97.12,1483.7,12.23,0,0
6,2023-02-01,338.5,12.48,69.21,2.301,98.21,1496.1,11.64,0,0
6,2023-02-02,347.3,8.76,71.83,,99.67,1481.8,11.31,0,0
6,2023-02-03,356.0,8.7,71.6,2.348,100.52,1477.6,11.96,0,0
6,2023-02-04,371.3,15.29,68.06,1.999,96.89,1488.8,12.13,0,0
6,2023-02-05,380.3,9.03,68.91,2.045,97.25,1486.9,11.28,0,0
6,2023-02-06,394.0,13.68,69.55,2.04,97.71,1473.8,11.79,0,0
6,2023-02-07,406.4,12.43,69.76,2.129,97.77,1482.7,11.46,0,0
6,2023-02-08,418.3,11.93,69.6,1.749,99.22,1478.4,11.35,0,0
6,2023-02-09,426.1,7.81,71.58,2.033,98.18,1484.6,11.39,0,0
6,2023-02-10,432.5,6.34,69.26,2.073,99.14,1482.7,11.72,0,0
6,2023-02-11,443.4,10.89,71.55,1.776,98.38,1484.1,12.05,0,0
6,2023-02-12,459.3,15.88,70.69,1.773,98.03,1483.1,11.64,0,0
6,2023-02-13,467.2,7.96,69.67,1.905,98.59,1480.2,11.78,0,0
6,2023-02-14,478.6,11.37,69.09,1.918,95.86,1485.9,11.49,0,0
6,2023-02-15,491.3,12.71,69.07,2.035,97.81,1476.9,11.62,0,0
6,2023-02-16,502.1,10.84,71.67,2.009,97.85,1496.2,11.4,0,0
6,2023-02-17,513.2,11.07,70.45,2.205,96.75,1482.9,11.11,0,0
6,2023-02-18,525.8,12.61,70.03,1.972,99.48,1489.7,11.5,0,0
6,2023-02-19,540.0,14.15,67.54,1.975,97.9,1478.7,12.0,0,0
6,2023-02-20,549.3,9.33,69.24,2.179,98.51,1479.6,10.91,0,0
6,2023-02-21,564.3,14.99,69.36,1.743,99.01,1490.4,11.99,0,0
6,2023-02-22,575.1,10.85,69.95,2.295,97.31,1489.1,11.76,0,0
6,2023-02-23,587.8,12.62,69.59,1.801,98.43,1482.0,11.62,0,0
6,2023-02-24,594.8,7.07,69.35,2.182,96.51,1468.7,11.5,0,0
6,2023-02-25,605.7,10.92,70.05,2.156,98.69,1478.8,11.8,0,0
6,2023-02-26,611.9,6.16,70.63,2.264,97.59,1482.3,12.08,0,0
6,2023-02-27,621.8,9.91,69.13,1.922,97.86,1477.5,11.73,0,0
6,2023-02-28,628.4,6.54,68.74,2.035,99.26,1472.8,11.59,0,0
6,2023-03-01,643.3,14.97,69.17,1.856,99.96,1489.8,12.47,0,0
6,2023-03-02,656.1,12.73,68.77,2.02,97.42,1481.6,11.68,0,0
6,2023-03-03,670.0,13.92,69.47,2.014,97.29,1497.5,11.17,0,0
6,2023-03-04,680.7,10.68,71.73,2.262,98.83,1481.7,11.76,0,0
6,2023-03-05,695.2,14.52,69.39,2.11,98.78,1484.4,11.48,0,0
6,2023-03-06,709.9,14.73,68.63,2.024,96.95,1478.3,11.55,0,0
6,2023-03-07,719.5,9.57,69.29,2.022,98.12,1495.1,12.04,0,0
6,2023-03-08,729.2,9.77,71.29,1.96,98.12,1480.6,11.92,0,0
6,2023-03-09,740.3,11.08,69.45,1.993,98.1,1481.4,11.13,0,0
6,2023-03-10,746.7,6.42,68.92,2.041,98.8,1475.4,11.14,0,0
6,2023-03-11,762.7,15.96,68.0,2.32,99.66,1486.0,11.7,0,0
6,2023-03-12,772.3,9.59,69.4,,97.91,1480.4,11.95,0,0
6,2023-03-13,783.0,10.71,68.28,,99.94,1475.3,10.98,0,0
6,2023-03-14,796.5,13.55,69.95,2.42,98.02,1482.6,11.95,0,0
6,2023-03-15,805.5,8.98,69.31,2.184,99.78,1488.8,12.4,0,0
6,2023-03-16,813.5,8.02,67.64,2.175,98.57,1496.2,12.01,0,0
6,2023-03-17,820.8,7.27,71.39,1.996,99.23,1484.9,11.42,0,0
6,2023-03-18,832.1,11.28,71.87,2.149,99.09,1478.6,11.85,0,0
6,2023-03-19,838.1,6.05,69.99,2.075,97.33,1486.7,11.73,0,0
6,2023-03-20,851.2,13.1,71.27,,98.51,1481.9,12.19,0,0
6,2023-03-21,861.9,10.61,69.96,2.097,97.23,1483.5,12.0,0,0
6,2023-03-22,873.2,11.32,67.78,1.841,98.04,1483.0,11.39,0,0
6,2023-03-23,881.8,8.63,69.48,2.074,97.0,1486.7,11.83,0,0
6,2023-03-24,889.6,7.78,69.1,2.088,97.94,1487.8,11.41,0,0
6,2023-03-25,902.6,13.0,68.23,1.892,98.2,1482.6,11.97,0,0
6,2023-03-26,910.7,8.1,69.73,2.047,97.29,1511.1,11.58,0,0
6,2023-03-27,924.5,13.8,68.99,2.118,98.14,1490.4,11.65,0,0
6,2023-03-28,932.5,8.04,69.92,1.952,98.94,1466.4,11.71,0,0
6,2023-03-29,944.7,12.13,70.46,2.097,97.16,1480.2,11.49,0,0
6,2023-03-30,957.1,12.44,71.43,2.22,99.03,1482.9,11.69,0,0
6,2023-03-31,968.2,11.06,69.7,2.155,99.07,1487.9,11.79,0,0
6,2023-04-01,984.1,15.97,68.61,1.982,97.19,1497.7,11.57,0,0
6,2023-04-02,993.9,9.76,69.19,2.247,95.53,1477.3,11.72,0,0
6,2023-04-03,1008.7,14.83,69.31,2.142,99.23,1492.2,11.43,0,0
6,2023-04-04,1016.4,7.69,,2.004,97.9,1484.6,11.29,0,0
6,2023-04-05,1025.8,9.37,69.62,1.936,98.14,1485.6,11.65,0,0
6,2023-04-06,1033.2,7.45,70.24,2.122,100.16,1492.6,11.96,0,0
6,2023-04-07,1045.3,12.04,70.82,2.192,98.57,1469.7,11.95,0,0
6,2023-04-08,1057.6,12.38,71.11,2.199,98.61,1487.3,11.93,0,0
6,2023-04-09,1068.2,10.54,69.94,2.121,98.13,1496.2,11.96,0,0
6,2023-04-10,1081.4,13.2,69.38,1.978,97.95,1474.5,11.71,0,0
6,2023-04-11,1096.1,14.68,69.24,2.114,98.08,1483.0,11.49,0,0
6,2023-04-12,1109.8,13.77,68.45,1.9,97.99,1488.4,11.58,0,0
6,2023-04-13,1118.2,8.42,70.62,2.072,96.46,1467.4,11.62,0,0
6,2023-04-14,1127.4,9.2,72.47,2.299,97.14,1485.7,11.46,0,0
6,2023-04-15,1137.3,9.8,71.08,1.878,98.08,1480.9,11.83,0,0
6,2023-04-16,1145.3,8.04,69.75,1.946,100.18,1494.2,11.47,0,0
6,2023-04-17,1154.9,9.61,68.45,2.171,96.75,1477.1,11.1,0,0
6,2023-04-18,1163.3,8.38,69.18,1.897,97.62,1482.7,11.97,0,0
6,2023-04-19,1179.2,15.96,70.13,2.259,97.61,1476.6,11.81,0,0
6,2023-04-20,1193.1,13.83,69.39,2.175,98.83,1482.1,11.14,0,0
6,2023-04-21,1207.7,14.6,69.6,2.182,98.23,1477.3,11.46,0,0
6,2023-04-22,1222.9,15.22,70.12,2.2,97.5,1479.9,11.63,0,0
6,2023-04-23,1235.5,12.65,69.94,1.835,99.3,1473.8,11.66,0,0
6,2023-04-24,1243.3,7.76,72.06,1.867,97.15,1477.4,12.29,0,0
6,2023-04-25,1256.9,13.59,72.01,2.227,97.63,1477.0,11.37,0,0
6,2023-04-26,1263.0,6.16,69.42,1.983,97.03,1479.3,11.35,0,0
6,2023-04-27,1270.2,7.13,70.76,2.018,99.13,1482.1,12.04,0,0
6,2023-04-28,1276.5,6.3,68.34,2.135,98.09,1459.8,11.6,0,0
6,2023-04-29,1283.8,7.35,70.67,2.052,97.43,1484.1,12.01,0,0
6,2023-04-30,1297.3,13.52,70.22,2.191,98.59,1492.9,11.58,0,0
6,2023-05-01,1312.2,14.85,68.83,2.116,99.72,1489.0,12.02,0,0
6,2023-05-02,1321.0,8.79,70.88,1.999,95.88,1476.1,11.57,0,0
6,2023-05-03,1328.2,7.19,68.71,2.015,98.76,1491.2,11.62,0,0
6,2023-05-04,1336.9,8.73,69.6,2.068,99.87,1476.5,11.35,0,0
6,2023-05-05,1349.4,12.47,69.88,2.087,99.7,1485.3,12.18,0,0
6,2023-05-06,1358.9,9.5,68.04,2.15,97.89,1463.7,11.43,0,0
6,2023-05-07,1374.5,15.61,69.89,2.054,98.24,1487.9,11.27,0,0
6,2023-05-08,1381.8,7.31,68.83,2.016,98.35,1483.0,12.14,0,0
6,2023-05-09,1397.7,15.9,69.32,2.002,97.88,1484.1,11.85,0,0
6,2023-05-10,1403.8,6.12,69.63,1.964,99.06,1483.1,12.13,0,0
6,2023-05-11,1414.4,10.52,68.04,2.27,96.53,1498.0,11.44,0,0
6,2023-05-12,1422.9,8.52,69.22,1.898,98.72,1490.0,11.84,0,0
6,2023-05-13,1434.5,11.66,69.56,1.84,98.06,1488.7,12.08,0,0
6,2023-05-14,1441.5,6.97,69.36,2.163,99.15,1487.4,11.31,0,0
6,2023-05-15,1456.3,14.76,68.78,2.101,99.25,1499.1,11.75,0,0
6,2023-05-16,1463.6,7.37,68.38,2.339,98.25,1481.0,11.52,0,0
6,2023-05-17,1475.5,11.87,68.71,2.016,97.52,1471.9,11.54,0,0
6,2023-05-18,1481.8,6.33,67.79,2.025,99.18,1496.7,11.41,0,0
6,2023-05-19,1490.9,9.11,68.88,1.905,96.87,1479.2,11.78,0,0
6,2023-05-20,1498.4,7.5,70.96,2.044,97.09,1487.0,11.59,0,0
6,2023-05-21,1514.2,15.78,68.19,1.769,98.06,1487.2,11.38,0,0
6,2023-05-22,1520.3,6.12,70.64,1.746,97.62,1477.1,12.08,0,0
6,2023-05-23,1529.9,9.52,68.39,1.947,97.93,1471.7,11.67,0,0
6,2023-05-24,1538.9,9.03,70.23,2.039,97.84,1491.5,11.19,0,0
6,2023-05-25,1551.5,12.57,,1.941,98.11,1493.2,11.45,0,0
6,2023-05-26,1558.0,6.56,70.32,1.942,99.63,1488.1,11.21,0,0
6,2023-05-27,1572.1,14.11,69.54,1.803,96.99,1486.2,11.47,0,0
6,2023-05-28,1582.8,10.67,69.57,2.124,97.67,1471.8,11.76,0,0
6,2023-05-29,1593.3,10.53,70.62,1.922,98.97,1480.4,11.84,0,0
6,2023-05-30,1601.6,8.27,70.12,2.278,98.18,1492.7,11.91,0,0
6,2023-05-31,1612.5,10.9,70.0,2.019,97.17,1476.8,11.47,0,0
6,2023-06-01,1622.1,9.64,69.26,1.871,98.05,1484.1,11.55,0,0
6,2023-06-02,1630.6,8.45,70.06,1.683,96.63,1486.7,11.79,0,0
6,2023-06-03,1638.3,7.69,67.94,1.845,99.17,1487.1,11.92,0,0
6,2023-06-04,1651.6,13.28,69.13,2.019,98.26,1474.8,11.61,0,0
6,2023-06-05,1659.0,7.42,71.52,1.672,100.34,1482.1,11.85,0,0
6,2023-06-06,1666.7,7.68,70.6,1.91,97.02,1489.8,11.49,0,0
6,2023-06-07,1678.4,11.77,69.6,1.949,97.48,1497.9,11.01,0,0
6,2023-06-08,1686.7,8.26,68.64,1.918,98.31,1481.3,11.93,0,0
6,2023-06-09,1697.3,10.59,71.75,1.941,99.46,1486.3,11.83,0,0
6,2023-06-10,1708.8,11.53,69.11,1.959,97.66,1473.7,11.63,0,0
6,2023-06-11,1717.5,8.74,68.77,1.911,97.44,1481.1,11.71,0,0
6,2023-06-12,1727.0,9.44,69.91,2.249,98.22,1479.0,12.0,0,0
6,2023-06-13,1735.1,8.1,69.19,1.936,97.47,1498.5,11.65,0,0
6,2023-06-14,1745.7,10.6,67.72,1.635,98.62,1488.9,10.79,0,0
6,2023-06-15,1761.6,15.92,68.29,1.783,98.22,1483.8,11.05,0,0
6,2023-06-16,1771.2,9.63,69.53,2.119,98.84,1467.8,12.06,0,0
6,2023-06-17,1783.8,12.53,68.6,2.096,99.04,1485.5,11.83,0,0
6,2023-06-18,1796.1,12.36,68.18,1.95,98.51,1485.6,12.0,0,0
6,2023-06-19,1810.0,13.86,68.27,1.817,99.29,1481.2,12.1,0,0
6,2023-06-20,1823.1,13.12,69.55,2.136,97.8,1483.4,12.09,0,0
6,2023-06-21,1829.2,6.12,69.6,1.791,96.7,1497.4,11.23,0,0
6,2023-06-22,1838.3,9.09,71.36,2.215,96.44,1485.5,11.72,0,0
6,2023-06-23,1853.0,14.7,70.1,2.224,96.81,1465.7,11.64,0,0
6,2023-06-24,1864.4,11.4,71.9,2.493,96.68,1483.3,12.07,0,0
6,2023-06-25,1871.5,7.04,72.2,2.472,96.23,1456.2,11.74,0,0
6,2023-06-26,1880.2,8.76,74.2,2.896,94.37,1470.3,12.28,0,0
6,2023-06-27,1889.1,8.83,74.45,2.53,95.26,1446.5,11.87,0,0
6,2023-06-28,1903.8,14.73,75.56,3.023,91.45,1446.0,12.41,0,0
6,2023-06-29,1915.3,11.53,77.24,3.014,92.6,1425.1,13.07,0,0
6,2023-06-30,1927.4,12.08,76.99,3.09,93.01,1441.1,12.55,0,0
6,2023-07-01,1937.1,9.67,78.67,3.514,92.81,1416.1,12.67,0,0
6,2023-07-02,1943.7,6.6,77.05,3.302,92.03,1428.3,13.04,0,0
6,2023-07-03,1950.4,6.75,77.68,3.62,91.58,1418.1,13.18,0,0
6,2023-07-04,1960.6,10.2,81.25,3.733,90.19,1413.1,13.34,1,0
6,2023-07-05,1968.4,7.77,80.99,3.659,,1414.5,13.13,1,0
6,2023-07-06,1975.5,7.04,82.09,,86.89,1412.8,13.31,1,0
6,2023-07-07,1984.1,8.62,83.45,4.406,87.9,1411.6,13.63,1,0
6,2023-07-08,1997.5,13.42,82.31,4.476,86.37,1386.6,14.03,1,0
6,2023-07-09,2004.2,6.73,83.23,4.422,87.51,1388.4,13.63,1,0
6,2023-07-10,2014.7,10.48,85.45,4.458,84.9,1385.4,13.92,1,0
6,2023-07-11,2029.0,14.26,85.07,4.744,85.49,1385.4,13.52,0,1
6,2023-07-12,2037.7,8.68,69.17,2.174,96.95,1487.7,11.53,0,0
6,2023-07-13,2046.7,9.02,68.46,2.043,98.13,1476.2,11.72,0,0
6,2023-07-14,2061.5,14.84,70.62,1.67,98.01,1492.6,11.92,0,0
6,2023-07-15,2074.0,12.5,69.19,1.795,96.39,1486.3,11.42,0,0
6,2023-07-16,2088.0,13.98,70.61,2.098,98.49,1497.3,11.71,0,0
6,2023-07-17,2096.9,8.89,,2.078,97.86,1485.5,11.74,0,0
6,2023-07-18,2112.9,15.97,71.12,1.96,98.17,1467.0,11.12,0,0
6,2023-07-19,2120.3,7.41,68.04,2.07,97.73,1476.4,11.28,0,0
6,2023-07-20,2135.9,15.62,66.86,1.809,97.42,1481.7,11.81,0,0
6,2023-07-21,2150.9,15.02,71.49,2.002,98.9,1476.3,11.68,0,0
6,2023-07-22,2162.4,11.52,70.74,1.978,99.17,1476.0,11.69,0,0
6,2023-07-23,2174.3,11.85,68.71,1.734,99.11,1498.2,11.38,0,0
6,2023-07-24,2188.0,13.75,68.91,2.042,96.77,1473.0,11.22,0,0
6,2023-07-25,2197.1,9.07,69.78,1.8,99.53,1478.8,11.8,0,0
6,2023-07-26,2208.4,11.27,69.53,2.16,98.7,1483.5,11.71,0,0
6,2023-07-27,2223.4,15.02,69.07,2.079,99.39,1472.5,11.07,0,0
6,2023-07-28,2230.1,6.68,68.88,1.929,99.37,1481.7,11.63,0,0
6,2023-07-29,2245.1,15.06,69.25,1.876,98.49,1464.1,12.19,0,0
6,2023-07-30,2258.4,13.29,70.22,1.82,97.35,1478.6,11.84,0,0
6,2023-07-31,2272.1,13.7,69.75,1.958,97.38,1474.1,11.39,0,0
6,2023-08-01,2278.8,6.65,69.24,2.145,97.46,1480.6,11.71,0,0
6,2023-08-02,2286.6,7.88,69.06,1.978,97.96,1482.6,11.6,0,0
6,2023-08-03,2301.9,15.25,71.87,2.003,97.15,1493.8,12.15,0,0
6,2023-08-04,2309.1,7.24,69.15,1.863,96.43,1478.1,11.32,0,0
6,2023-08-05,2321.4,12.31,70.25,1.953,96.46,1500.1,12.05,0,0
6,2023-08-06,2335.3,13.83,72.19,1.995,98.11,1484.7,11.3,0,0
6,2023-08-07,2343.6,8.31,70.42,2.048,97.87,1475.5,11.76,0,0
6,2023-08-08,2356.6,12.99,70.21,2.003,98.65,1484.1,11.85,0,0
6,2023-08-09,2363.2,6.66,70.97,2.096,97.96,1492.9,12.0,0,0
6,2023-08-10,2374.2,10.99,71.12,2.127,99.29,1474.5,11.89,0,0
6,2023-08-11,2383.6,9.34,69.7,2.258,97.55,1498.5,11.2,0,0
6,2023-08-12,2396.0,12.46,68.4,2.062,98.47,1487.3,11.66,0,0
6,2023-08-13,2410.9,14.89,69.58,2.092,98.69,1473.9,11.81,0,0
6,2023-08-14,2418.2,7.25,70.31,1.951,98.19,1478.8,11.98,0,0
6,2023-08-15,2428.7,10.5,69.39,2.26,99.15,1479.7,11.32,0,0
6,2023-08-16,2438.9,10.23,69.5,1.958,98.67,1491.9,11.38,0,0
6,2023-08-17,2448.1,9.24,71.35,2.119,98.95,1473.6,11.22,0,0
6,2023-08-18,2458.9,10.8,70.52,1.955,97.5,1495.3,11.66,0,0
6,2023-08-19,2473.7,14.81,70.32,2.007,97.92,1492.1,11.74,0,0
6,2023-08-20,2489.5,15.74,68.7,2.032,95.95,1496.3,11.76,0,0
6,2023-08-21,2495.5,6.03,69.49,1.736,98.08,1483.5,11.58,0,0
6,2023-08-22,2508.9,13.39,70.11,2.059,96.77,1492.9,11.62,0,0
6,2023-08-23,2521.1,12.15,70.38,2.017,100.49,1481.1,11.63,0,0
6,2023-08-24,2537.0,15.95,71.32,1.928,98.44,1491.2,11.59,0,0
6,2023-08-25,2543.9,6.9,70.4,1.878,97.74,1483.7,11.11,0,0
6,2023-08-26,2558.0,14.11,69.19,1.933,98.89,1497.4,11.37,0,0
6,2023-08-27,2573.3,15.34,71.61,1.869,96.75,1485.2,11.82,0,0
6,2023-08-28,2588.5,15.12,69.45,1.954,97.65,1476.2,11.52,0,0
6,2023-08-29,2600.1,11.61,70.65,1.928,97.79,1495.1,11.51,0,0
6,2023-08-30,2609.4,9.28,69.15,1.977,98.79,1484.7,12.04,0,0
6,2023-08-31,2621.8,12.4,68.95,2.143,97.16,1478.7,11.98,0,0
6,2023-09-01,2630.8,9.06,68.38,1.893,,1478.3,11.44,0,0
6,2023-09-02,2640.9,10.12,68.45,1.941,98.25,1475.9,12.1,0,0
6,2023-09-03,2651.4,10.46,69.26,2.046,98.77,1471.5,11.6,0,0
6,2023-09-04,2660.4,9.02,71.04,1.882,98.35,1479.6,11.9,0,0
6,2023-09-05,2669.8,9.42,69.99,2.143,97.23,1484.6,11.65,0,0
6,2023-09-06,2675.9,6.07,67.95,1.884,98.25,1480.0,11.47,0,0
6,2023-09-07,2684.9,8.97,70.56,2.049,97.46,1452.8,11.9,0,0
6,2023-09-08,2695.6,10.72,69.73,2.188,97.2,1470.7,11.39,0,0
6,2023-09-09,2703.3,7.73,71.25,1.881,,1490.5,11.61,0,0
6,2023-09-10,2717.4,14.06,69.24,1.909,98.69,1482.1,11.66,0,0
6,2023-09-11,2728.8,11.38,,1.961,98.13,1469.4,11.54,0,0
6,2023-09-12,2742.7,13.94,71.46,2.032,98.65,1480.2,11.25,0,0
6,2023-09-13,2750.0,7.28,70.73,2.009,98.91,1484.0,11.81,0,0
6,2023-09-14,2764.2,14.21,68.02,2.026,95.69,1490.6,11.93,0,0
6,2023-09-15,2779.8,15.58,70.09,2.105,98.55,1477.5,11.71,0,0
6,2023-09-16,2789.3,9.52,68.02,2.001,,1488.1,11.43,0,0
6,2023-09-17,2798.1,8.84,70.69,1.809,97.86,1482.8,12.31,0,0
6,2023-09-18,2810.6,12.47,68.62,2.22,99.68,1480.0,11.59,0,0
6,2023-09-19,2823.0,12.36,68.48,2.094,98.46,1490.0,11.58,0,0
6,2023-09-20,2830.1,7.12,,1.838,98.22,1475.4,10.78,0,0
6,2023-09-21,2845.3,15.27,70.14,2.001,98.41,1490.6,11.28,0,0
6,2023-09-22,2856.1,10.79,70.47,2.147,96.62,1473.9,12.01,0,0
6,2023-09-23,2869.8,13.64,69.25,1.893,99.81,1478.4,12.64,0,0
6,2023-09-24,2879.4,9.59,69.65,2.168,97.64,1479.9,12.04,0,0
6,2023-09-25,2888.0,8.62,71.3,1.884,,1482.1,11.34,0,0
6,2023-09-26,2895.1,7.11,70.05,2.093,97.61,1462.7,11.8,0,0
6,2023-09-27,2903.9,8.75,72.06,1.645,98.16,1483.9,11.54,0,0
6,2023-09-28,2919.8,15.93,69.54,2.17,99.27,1468.4,11.55,0,0
6,2023-09-29,2932.4,12.58,70.69,1.746,98.07,1484.3,11.27,0,0
6,2023-09-30,2946.4,14.03,70.84,2.208,97.82,1485.2,11.81,0,0
6,2023-10-01,2962.0,15.59,69.93,1.854,97.84,1490.8,11.28,0,0
6,2023-10-02,2968.8,6.79,71.09,2.311,96.78,1472.3,10.97,0,0
6,2023-10-03,2976.4,7.65,69.2,2.044,97.61,1484.8,11.53,0,0
6,2023-10-04,2991.7,15.28,70.59,2.181,97.55,1482.6,10.89,0,0
6,2023-10-05,3003.3,11.65,68.69,2.001,98.39,1478.5,11.41,0,0
6,2023-10-06,3015.7,12.35,68.47,1.801,96.42,1474.4,11.84,0,0
6,2023-10-07,3026.0,10.28,69.77,1.889,97.7,1483.7,12.0,0,0
6,2023-10-08,3040.1,14.14,69.6,2.099,99.45,1493.7,11.85,0,0
6,2023-10-09,3051.3,11.17,68.62,2.464,98.56,1481.1,11.59,0,0
6,2023-10-10,3065.5,14.26,70.5,2.245,99.08,1493.0,11.49,0,0
6,2023-10-11,3081.5,15.92,71.29,2.042,97.75,1492.2,11.38,0,0
6,2023-10-12,3093.9,12.47,69.41,2.171,99.81,1465.9,12.1,0,0
6,2023-10-13,3105.2,11.29,70.77,2.061,98.94,1476.1,11.28,0,0
6,2023-10-14,3114.9,9.65,69.1,1.994,98.21,1478.6,11.69,0,0
6,2023-10-15,3122.8,7.95,69.53,2.038,98.79,1493.6,11.84,0,0
6,2023-10-16,3135.4,12.57,69.68,1.944,96.91,1482.8,11.06,0,0
6,2023-10-17,3142.0,6.63,,2.039,96.88,1493.3,10.93,0,0
6,2023-10-18,3157.6,15.56,69.65,2.083,98.95,1481.9,11.83,0,0
6,2023-10-19,3170.0,12.48,67.73,2.019,99.27,1493.6,11.22,0,0
6,2023-10-20,3185.6,15.59,70.93,1.957,97.22,1486.6,11.75,0,0
6,2023-10-21,3194.4,8.72,69.84,1.949,99.0,1482.2,11.39,0,0
6,2023-10-22,3209.8,15.47,67.43,1.987,98.68,1492.4,11.74,0,0
6,2023-10-23,3222.0,12.12,71.15,2.045,97.35,1479.0,11.78,0,0
6,2023-10-24,3236.1,14.1,71.21,1.955,97.15,1499.2,11.96,0,0
6,2023-10-25,3243.8,7.79,68.65,2.107,97.42,1471.3,11.79,0,0
6,2023-10-26,3254.8,11.0,68.31,1.783,97.65,1479.6,11.72,0,0
6,2023-10-27,3266.5,11.69,70.87,2.06,97.74,1483.8,12.18,0,0
6,2023-10-28,3276.5,9.93,70.88,,96.55,1477.1,11.36,0,0
6,2023-10-29,3285.0,8.53,70.21,2.294,97.65,1486.2,11.67,0,0
6,2023-10-30,3300.0,15.05,69.29,2.017,98.46,1482.0,11.93,0,0
6,2023-10-31,3306.9,6.85,68.94,2.126,98.8,1485.6,10.86,0,0
6,2023-11-01,3314.4,7.54,70.33,2.06,97.55,1475.9,12.11,0,0
6,2023-11-02,3323.6,9.21,69.09,2.181,99.64,1474.9,11.61,0,0
6,2023-11-03,3338.8,15.2,69.1,1.992,98.16,1482.8,11.79,0,0
6,2023-11-04,3350.5,11.64,70.52,2.102,100.68,1488.8,11.51,0,0
6,2023-11-05,3360.2,9.73,70.71,1.703,97.39,1497.8,11.79,0,0
6,2023-11-06,3370.2,10.03,,2.176,98.5,1468.4,11.74,0,0
6,2023-11-07,3384.6,14.38,67.91,2.047,98.05,1481.4,11.32,0,0
6,2023-11-08,3390.9,6.27,69.23,1.924,97.47,1486.5,11.53,0,0
6,2023-11-09,3397.0,6.11,69.39,2.069,99.0,1485.9,11.81,0,0
6,2023-11-10,3403.5,6.46,69.71,2.24,98.9,1473.2,12.1,0,0
6,2023-11-11,3414.1,10.69,68.46,1.884,97.88,1477.2,11.54,0,0
6,2023-11-12,3426.0,11.81,70.3,1.894,98.46,1482.9,11.27,0,0
6,2023-11-13,3438.2,12.24,71.62,1.783,98.4,1504.5,11.76,0,0
6,2023-11-14,3451.5,13.31,68.54,1.894,97.88,1490.6,11.57,0,0
6,2023-11-15,3459.4,7.9,69.92,1.885,97.39,1485.8,11.9,0,0
6,2023-11-16,3468.0,8.62,70.99,1.998,98.14,1461.5,11.43,0,0
6,2023-11-17,3476.5,8.44,69.49,2.035,97.95,1472.5,11.25,0,0
6,2023-11-18,3484.0,7.49,69.0,1.817,97.08,1473.2,12.13,0,0
6,2023-11-19,3492.4,8.44,69.91,2.076,98.8,1485.9,11.51,0,0
6,2023-11-20,3504.5,12.14,70.46,2.066,98.19,1481.9,11.39,0,0
6,2023-11-21,3514.2,9.66,68.47,2.063,98.01,1477.9,11.45,0,0
6,2023-11-22,3527.9,13.68,70.77,1.897,96.65,1485.7,12.08,0,0
6,2023-11-23,3539.3,11.36,69.52,2.317,98.46,1470.9,12.34,0,0
6,2023-11-24,3547.4,8.12,69.06,2.123,96.65,1476.5,11.42,0,0
6,2023-11-25,3558.0,10.67,68.2,1.827,98.28,1482.5,11.6,0,0
6,2023-11-26,3570.0,11.93,69.08,1.789,98.99,1498.0,11.75,0,0
6,2023-11-27,3584.6,14.66,69.12,1.907,99.8,1490.2,11.1,0,0
6,2023-11-28,3599.0,14.34,68.54,2.042,98.21,1486.5,11.5,0,0
6,2023-11-29,3609.2,10.26,,2.245,99.9,1479.8,12.22,0,0
6,2023-11-30,3621.7,12.48,69.88,1.927,98.87,1482.9,11.56,0,0
6,2023-12-01,3630.7,8.98,70.71,1.796,98.61,1492.7,12.04,0,0
6,2023-12-02,3643.0,12.33,70.45,2.072,99.26,1497.6,11.64,0,0
6,2023-12-03,3658.2,15.13,69.09,1.958,99.48,1481.1,11.02,0,0
6,2023-12-04,3670.4,12.25,69.42,2.045,98.96,1486.6,11.95,0,0
6,2023-12-05,3679.4,9.04,68.99,2.004,98.0,1490.3,11.55,0,0
6,2023-12-06,3691.9,12.44,,1.988,97.6,1486.3,12.09,0,0
6,2023-12-07,3706.9,15.03,70.11,2.182,96.85,1472.5,11.72,0,0
6,2023-12-08,3714.3,7.37,69.9,2.117,98.31,1477.0,11.66,0,0
6,2023-12-09,3725.1,10.82,69.12,2.061,99.32,1488.9,11.8,0,0
6,2023-12-10,3734.3,9.21,70.54,1.706,97.18,1478.5,11.77,0,0
6,2023-12-11,3742.7,8.41,69.39,1.991,97.06,1497.4,11.14,0,0
6,2023-12-12,3752.7,9.96,70.96,2.158,99.94,1480.5,11.98,0,0
6,2023-12-13,3762.6,9.94,69.58,1.883,97.88,1472.3,11.65,0,0
6,2023-12-14,3770.7,8.1,,1.994,96.42,1491.3,11.67,0,0
6,2023-12-15,3780.8,10.04,71.25,2.021,96.68,1480.1,11.78,0,0
6,2023-12-16,3793.1,12.34,70.1,2.063,98.58,1480.8,11.93,0,0
6,2023-12-17,3799.4,6.26,68.78,1.967,97.66,1489.9,11.97,0,0
6,2023-12-18,3815.3,15.89,69.33,2.091,98.62,1475.1,11.86,0,0
6,2023-12-19,3824.2,8.96,68.9,2.086,97.92,1483.7,11.13,0,0
6,2023-12-20,3836.5,12.24,70.72,1.891,98.35,1473.3,11.64,0,0
6,2023-12-21,3845.3,8.84,67.65,,99.91,1483.6,11.38,0,0
6,2023-12-22,3855.2,9.94,70.01,2.054,,1469.9,11.71,0,0
6,2023-12-23,3866.7,11.49,68.01,2.248,99.32,1476.3,11.6,0,0
6,2023-12-24,3878.8,12.12,67.85,2.179,98.25,1490.2,12.27,0,0
6,2023-12-25,3892.5,13.7,70.14,1.944,96.99,1493.4,11.25,0,0
6,2023-12-26,3906.5,13.92,68.52,1.908,100.12,1475.9,11.66,0,0
6,2023-12-27,3917.6,11.19,70.43,1.972,100.26,1475.8,11.69,0,0
6,2023-12-28,3924.4,6.76,70.7,2.259,97.99,1483.8,11.52,0,0
6,2023-12-29,3936.0,11.58,69.28,2.026,98.29,1476.5,11.65,0,0
6,2023-12-30,3946.8,10.78,70.22,2.056,99.38,1490.5,12.3,0,0
6,2023-12-31,3954.9,8.15,71.2,1.905,97.96,1471.9,11.77,0,0
6,2024-01-01,3961.0,6.1,68.77,2.032,99.11,1478.0,12.11,0,0
6,2024-01-02,3970.2,9.16,70.59,1.801,97.33,1497.5,11.52,0,0
6,2024-01-03,3978.8,8.59,68.95,1.821,99.97,1486.0,11.89,0,0
6,2024-01-04,3989.6,10.83,69.73,2.041,98.5,1487.7,11.41,0,0
6,2024-01-05,4003.2,13.62,69.11,2.063,98.89,1481.5,11.4,0,0
6,2024-01-06,4013.6,10.39,69.15,1.966,99.5,1471.3,11.12,0,0
6,2024-01-07,4029.1,15.52,69.37,2.077,98.96,1495.4,11.34,0,0
6,2024-01-08,4037.3,8.21,69.13,1.835,98.09,1484.6,11.67,0,0
6,2024-01-09,4045.5,8.21,69.6,1.977,99.86,1490.6,12.12,0,0
6,2024-01-10,4057.6,12.04,70.9,1.933,98.98,1480.8,11.62,0,0
6,2024-01-11,4072.5,14.96,68.35,2.016,97.98,1482.8,11.73,0,0
6,2024-01-12,4085.3,12.72,,2.113,96.01,1474.7,12.12,0,0
6,2024-01-13,4098.0,12.74,70.22,2.628,96.88,1474.4,11.8,0,0
6,2024-01-14,4112.1,14.06,71.07,2.275,95.74,1463.9,11.73,0,0
6,2024-01-15,4124.7,12.69,71.01,2.547,95.67,1455.6,11.89,0,0
6,2024-01-16,4138.3,13.59,74.73,3.095,94.38,1455.8,12.6,0,0
6,2024-01-17,4153.0,14.66,74.2,2.898,94.78,1456.5,12.43,0,0
6,2024-01-18,4159.1,6.08,74.32,2.931,93.32,1456.5,12.55,0,0
6,2024-01-19,4173.9,14.86,76.13,3.188,94.57,1431.3,12.37,0,0
6,2024-01-20,4182.1,8.15,76.44,3.29,93.13,1444.0,13.16,0,0
6,2024-01-21,4197.2,15.12,78.67,3.16,91.43,1426.2,13.43,0,0
6,2024-01-22,4205.9,8.66,77.34,3.223,91.28,1418.6,13.05,0,0
6,2024-01-23,4216.4,10.55,79.0,3.599,91.15,1413.9,13.4,0,0
6,2024-01-24,4231.8,15.34,80.78,3.642,88.52,1437.3,13.05,1,0
6,2024-01-25,4238.9,7.1,79.64,4.185,89.86,1417.3,13.75,1,0
6,2024-01-26,4252.3,13.45,81.03,4.141,87.06,1397.0,13.66,1,0
6,2024-01-27,4262.2,9.92,81.0,4.271,89.68,1396.7,13.24,1,0
6,2024-01-28,4268.5,6.24,82.19,3.877,87.15,1385.1,13.87,1,0
6,2024-01-29,4283.9,15.39,82.29,4.274,87.95,1380.3,13.99,1,0
6,2024-01-30,4291.1,7.18,83.57,4.491,85.13,1374.8,14.03,1,0
6,2024-01-31,4304.8,13.74,84.11,4.512,86.22,1372.3,14.25,0,1
6,2024-02-01,4314.6,9.84,69.06,,96.97,1489.1,11.64,0,0
6,2024-02-02,4328.7,14.11,70.7,1.99,97.85,1491.5,11.6,0,0
6,2024-02-03,4342.2,13.5,70.01,2.048,99.11,1475.6,11.73,0,0
6,2024-02-04,4354.6,12.33,71.03,2.435,98.76,1479.7,11.55,0,0
6,2024-02-05,4370.0,15.39,69.34,1.928,98.71,1489.7,11.46,0,0
6,2024-02-06,4377.0,6.99,68.83,2.156,97.79,1483.3,11.99,0,0
6,2024-02-07,4390.9,13.99,69.6,2.248,97.1,1485.8,11.48,0,0
6,2024-02-08,4403.7,12.71,69.12,1.88,98.92,1478.9,11.61,0,0
6,2024-02-09,4412.8,9.15,70.14,2.331,97.22,1495.3,11.51,0,0
6,2024-02-10,4424.3,11.46,68.23,2.064,97.52,1496.7,11.4,0,0
6,2024-02-11,4436.7,12.45,69.66,1.655,99.57,1488.8,12.12,0,0
6,2024-02-12,4450.1,13.36,71.23,2.212,98.72,1478.2,11.22,0,0
6,2024-02-13,4457.9,7.87,68.81,1.786,96.78,1472.5,11.78,0,0
6,2024-02-14,4465.0,7.02,69.29,2.248,98.13,1497.0,11.62,0,0
6,2024-02-15,4472.0,7.02,68.0,2.175,97.98,1485.6,11.8,0,0
6,2024-02-16,4480.9,8.94,70.84,1.873,97.77,1484.0,11.61,0,0
6,2024-02-17,4488.5,7.54,69.63,1.97,97.8,1488.7,11.8,0,0
6,2024-02-18,4499.8,11.36,69.21,2.132,99.45,1483.2,11.74,0,0
6,2024-02-19,4510.2,10.37,69.78,1.946,100.14,1480.9,11.83,0,0
6,2024-02-20,4525.1,14.93,69.66,2.29,98.1,1500.7,12.18,0,0
6,2024-02-21,4538.3,13.17,69.03,2.166,98.3,1492.5,11.1,0,0
6,2024-02-22,4546.4,8.06,68.33,1.805,96.78,1496.3,11.68,0,0
6,2024-02-23,4552.8,6.46,69.89,2.003,99.84,1495.7,11.36,0,0
6,2024-02-24,4565.9,13.09,69.75,2.107,97.48,1467.1,11.44,0,0
6,2024-02-25,4580.4,14.46,69.34,1.912,97.72,1489.7,11.37,0,0
6,2024-02-26,4593.4,13.01,69.43,2.193,98.93,1487.0,11.57,0,0
6,2024-02-27,4605.8,12.44,70.81,2.121,98.42,1478.1,11.99,0,0
6,2024-02-28,4614.3,8.49,70.02,2.137,98.69,1506.5,11.54,0,0
6,2024-02-29,4625.2,10.95,68.41,1.982,98.82,1484.2,11.76,0,0
6,2024-03-01,4638.5,13.25,71.02,1.876,98.13,1478.9,11.93,0,0
6,2024-03-02,4646.4,7.93,70.41,2.212,99.02,1481.9,11.4,0,0
6,2024-03-03,4657.2,10.77,70.34,2.293,96.43,1488.0,11.42,0,0
6,2024-03-04,4664.4,7.17,68.94,2.184,99.78,1486.6,11.66,0,0
6,2024-03-05,4675.7,11.31,70.58,2.163,97.96,1478.8,11.12,0,0
6,2024-03-06,4687.4,11.74,69.91,2.038,99.01,1489.7,12.26,0,0
6,2024-03-07,4698.8,11.35,68.57,,98.63,1483.3,11.66,0,0
6,2024-03-08,4709.5,10.69,70.02,2.14,96.14,1481.0,11.82,0,0
6,2024-03-09,4721.3,11.87,70.68,1.935,98.36,1481.3,11.6,0,0
6,2024-03-10,4737.3,15.97,70.3,2.179,96.03,1473.7,11.85,0,0
6,2024-03-11,4749.5,12.23,,2.07,98.63,1475.3,11.6,0,0
6,2024-03-12,4763.0,13.53,70.13,1.807,98.36,1474.6,11.82,0,0
6,2024-03-13,4771.0,7.92,69.37,2.037,96.86,1463.9,12.05,0,0
6,2024-03-14,4782.3,11.3,67.85,1.842,98.33,1485.7,11.0,0,0
6,2024-03-15,4788.3,6.08,70.38,1.82,97.67,1474.9,11.86,0,0
6,2024-03-16,4794.7,6.31,70.41,1.697,97.98,1479.7,11.5,0,0
6,2024-03-17,4803.9,9.22,69.7,1.827,95.55,1480.6,11.33,0,0
6,2024-03-18,4814.6,10.67,68.71,1.85,96.9,1475.1,11.22,0,0
6,2024-03-19,4826.3,11.76,71.12,2.22,97.35,1480.1,11.69,0,0
6,2024-03-20,4841.2,14.88,70.28,2.115,97.0,1483.6,11.74,0,0
6,2024-03-21,4854.9,13.72,70.34,2.329,97.62,1477.4,11.47,0,0
6,2024-03-22,4863.9,9.0,70.65,2.0,97.47,1475.7,11.28,0,0
6,2024-03-23,4877.3,13.43,70.94,1.835,98.44,1478.1,11.69,0,0
6,2024-03-24,4888.8,11.49,70.05,2.028,95.41,1490.6,11.68,0,0
6,2024-03-25,4902.6,13.79,68.59,1.965,100.13,1478.5,11.84,0,0
6,2024-03-26,4912.7,10.11,69.05,2.092,,1484.3,11.86,0,0
6,2024-03-27,4919.7,6.92,69.21,1.815,97.83,1479.0,12.01,0,0
6,2024-03-28,4931.8,12.18,70.95,2.036,98.74,1482.2,11.86,0,0
6,2024-03-29,4943.4,11.57,69.95,2.231,99.88,1489.8,11.17,0,0
6,2024-03-30,4958.9,15.54,69.05,2.233,97.55,1475.8,11.65,0,0
6,2024-03-31,4966.6,7.62,69.53,2.207,98.83,1500.8,11.96,0,0
6,2024-04-01,4979.1,12.56,71.05,2.112,97.47,1485.9,11.91,0,0
6,2024-04-02,4989.9,10.74,70.35,2.17,99.08,1484.6,12.39,0,0
6,2024-04-03,4999.7,9.79,70.77,2.023,98.84,1474.6,11.92,0,0
6,2024-04-04,5013.6,13.95,68.62,2.092,,1488.2,11.25,0,0
6,2024-04-05,5027.7,14.11,69.52,2.01,,1496.3,11.18,0,0
6,2024-04-06,5040.9,13.15,69.09,1.947,96.71,1477.0,11.67,0,0
6,2024-04-07,5047.7,6.84,71.23,2.067,97.4,1475.0,11.7,0,0
6,2024-04-08,5057.1,9.45,69.59,2.284,96.8,1483.4,11.49,0,0
6,2024-04-09,5063.6,6.47,69.16,2.071,98.14,1474.9,11.89,0,0
6,2024-04-10,5073.0,9.44,67.72,2.101,99.14,1479.4,10.9,0,0
6,2024-04-11,5085.5,12.48,71.14,,96.9,1489.7,11.52,0,0
6,2024-04-12,5096.7,11.19,71.19,2.077,98.54,1497.2,10.97,0,0
6,2024-04-13,5109.7,13.03,67.68,1.996,97.9,1490.1,11.43,0,0
6,2024-04-14,5121.3,11.51,69.94,2.146,97.11,1476.1,11.55,0,0
6,2024-04-15,5132.8,11.56,70.68,1.919,97.72,1480.8,11.97,0,0
6,2024-04-16,5143.9,11.11,70.21,2.205,98.72,1480.2,11.29,0,0
6,2024-04-17,5153.6,9.64,69.3,2.218,99.08,1483.8,11.62,0,0
6,2024-04-18,5164.0,10.47,68.78,2.022,98.45,1490.1,11.5,0,0
6,2024-04-19,5171.2,7.12,70.9,1.93,98.1,1476.6,11.62,0,0
6,2024-04-20,5185.5,14.35,70.5,2.349,98.16,1500.5,11.54,0,0
6,2024-04-21,5200.4,14.89,70.37,1.924,97.41,1474.7,11.58,0,0
6,2024-04-22,5214.1,13.66,70.9,1.985,98.24,1476.4,11.46,0,0
6,2024-04-23,5225.9,11.84,71.92,1.727,96.67,1476.6,11.77,0,0
6,2024-04-24,5237.6,11.69,69.41,2.235,98.02,1502.7,11.99,0,0
6,2024-04-25,5248.3,10.7,69.41,1.814,99.84,1496.1,11.67,0,0
6,2024-04-26,5256.6,8.31,69.33,2.102,97.7,1476.5,12.26,0,0
6,2024-04-27,5266.4,9.84,68.81,2.075,99.26,1479.3,11.68,0,0
6,2024-04-28,5282.3,15.9,70.93,2.017,98.81,1482.2,11.9,0,0
6,2024-04-29,5289.8,7.46,71.08,1.948,99.58,1479.2,11.43,0,0
6,2024-04-30,5301.2,11.43,70.8,2.095,95.01,1490.2,11.62,0,0
6,2024-05-01,5315.9,14.67,71.4,2.29,98.32,1486.9,11.56,0,0
6,2024-05-02,5326.4,10.53,69.83,1.991,98.73,1484.6,11.29,0,0
6,2024-05-03,5338.5,12.06,70.11,1.781,98.94,1489.6,11.43,0,0
6,2024-05-04,5352.8,14.28,70.38,1.757,99.34,1486.5,11.76,0,0
6,2024-05-05,5364.2,11.48,69.31,2.001,98.84,1488.4,12.04,0,0
6,2024-05-06,5377.5,13.31,68.66,1.96,98.38,1484.4,11.83,0,0
6,2024-05-07,5387.0,9.47,69.88,2.003,97.18,1496.8,11.76,0,0
6,2024-05-08,5400.3,13.33,69.26,2.072,96.24,1484.1,11.4,0,0
6,2024-05-09,5406.8,6.41,71.9,1.956,99.48,1481.8,11.8,0,0
6,2024-05-10,5414.3,7.53,68.24,2.443,97.53,1489.4,11.47,0,0
6,2024-05-11,5426.7,12.37,69.67,2.086,97.79,1487.6,11.31,0,0
6,2024-05-12,5437.1,10.49,70.02,,99.05,1482.8,11.39,0,0
6,2024-05-13,5451.4,14.28,68.9,2.005,98.12,1469.9,11.62,0,0
6,2024-05-14,5460.9,9.42,69.27,2.006,96.98,1494.3,11.5,0,0
6,2024-05-15,5474.5,13.67,69.79,1.94,96.43,1492.9,11.74,0,0
6,2024-05-16,5481.9,7.39,68.57,2.04,97.78,1476.2,11.54,0,0
6,2024-05-17,5497.2,15.3,70.14,1.8,98.24,1486.3,11.74,0,0
6,2024-05-18,5507.4,10.18,71.31,1.788,98.94,1478.8,11.56,0,0
6,2024-05-19,5515.7,8.31,69.35,1.936,98.02,1487.2,11.64,0,0
6,2024-05-20,5529.6,13.89,70.5,1.887,98.16,1491.9,11.36,0,0
6,2024-05-21,5545.1,15.48,71.44,1.936,96.82,1482.0,12.09,0,0
6,2024-05-22,5560.3,15.18,70.74,1.978,99.18,1488.7,11.17,0,0
6,2024-05-23,5568.6,8.38,69.0,1.986,101.15,1471.7,12.4,0,0
6,2024-05-24,5581.4,12.72,68.19,2.151,99.44,1476.1,11.8,0,0
6,2024-05-25,5592.8,11.47,69.42,2.145,99.35,1490.2,11.19,0,0
6,2024-05-26,5606.1,13.25,69.79,2.025,98.49,1477.9,11.69,0,0
6,2024-05-27,5617.0,10.87,67.66,2.327,97.1,1476.4,11.72,0,0
6,2024-05-28,5627.6,10.7,69.76,1.959,97.28,1477.2,12.1,0,0
6,2024-05-29,5642.5,14.83,68.9,2.154,98.8,1474.4,11.25,0,0
6,2024-05-30,5657.2,14.71,69.61,2.105,99.03,1491.0,11.25,0,0
6,2024-05-31,5671.1,13.88,69.42,1.996,97.2,1491.6,11.76,0,0
6,2024-06-01,5684.1,13.05,69.52,2.009,98.6,1476.9,11.71,0,0
6,2024-06-02,5696.9,12.78,70.48,1.963,98.25,1474.1,12.1,0,0
6,2024-06-03,5703.5,6.56,68.73,2.143,98.64,1482.3,11.36,0,0
6,2024-06-04,5717.0,13.5,67.9,2.216,98.5,1473.6,11.33,0,0
6,2024-06-05,5729.3,12.38,,2.034,98.55,1488.7,12.22,0,0
6,2024-06-06,5738.4,9.02,70.38,1.749,,1483.1,11.64,0,0
6,2024-06-07,5752.6,14.2,70.27,2.111,99.96,1480.1,11.43,0,0
6,2024-06-08,5766.9,14.32,68.85,2.002,99.56,1491.2,11.87,0,0
6,2024-06-09,5782.2,15.32,70.34,1.871,98.13,1475.5,11.04,0,0
6,2024-06-10,5792.4,10.18,68.45,2.04,96.96,1479.6,11.77,0,0
6,2024-06-11,5803.9,11.51,69.43,1.977,98.7,1473.4,11.47,0,0
6,2024-06-12,5819.0,15.06,71.25,1.864,96.68,1472.0,11.51,0,0
6,2024-06-13,5828.1,9.17,70.33,1.996,99.82,1475.8,12.05,0,0
6,2024-06-14,5842.1,13.97,69.66,2.241,97.98,1476.5,11.79,0,0
6,2024-06-15,5858.0,15.92,69.59,2.05,97.54,1475.8,11.32,0,0
6,2024-06-16,5870.5,12.52,68.63,2.033,98.72,1482.3,11.67,0,0
6,2024-06-17,5886.4,15.84,71.35,2.096,97.67,1482.2,11.69,0,0
6,2024-06-18,5897.5,11.16,70.74,2.064,97.86,1470.6,11.58,0,0
6,2024-06-19,5905.1,7.53,70.53,1.987,97.35,1489.4,11.37,0,0
6,2024-06-20,5912.8,7.76,69.64,2.058,98.77,1470.9,11.73,0,0
6,2024-06-21,5926.1,13.31,69.37,2.042,98.45,1469.2,11.87,0,0
6,2024-06-22,5932.1,6.01,68.97,1.707,99.19,1491.3,11.79,0,0
6,2024-06-23,5944.8,12.62,71.16,2.108,96.52,1474.2,11.44,0,0
6,2024-06-24,5952.3,7.51,67.92,2.036,96.92,1485.9,11.61,0,0
6,2024-06-25,5968.1,15.84,70.3,2.11,97.62,1478.3,10.99,0,0
6,2024-06-26,5975.7,7.63,68.16,2.026,99.25,1475.0,12.14,0,0
6,2024-06-27,5987.3,11.52,69.53,1.976,96.72,1473.5,11.48,0,0
6,2024-06-28,6000.0,12.69,69.71,1.886,97.29,1486.0,11.5,0,0
6,2024-06-29,6014.2,14.19,68.45,2.053,99.56,1475.5,11.26,0,0
6,2024-06-30,6024.8,10.59,68.88,2.052,98.67,1491.8,11.92,0,0
6,2024-07-01,6040.1,15.34,70.46,2.231,99.22,1470.8,11.97,0,0
6,2024-07-02,6050.9,10.8,71.21,1.956,98.05,1494.3,11.49,0,0
6,2024-07-03,6059.4,8.52,70.04,2.19,99.91,1466.4,11.32,0,0
6,2024-07-04,6071.3,11.93,69.04,2.148,96.69,1485.3,11.66,0,0
6,2024-07-05,6083.9,12.58,68.76,1.913,97.93,1473.6,11.56,0,0
6,2024-07-06,6095.0,11.07,68.99,1.821,97.84,1470.3,11.88,0,0
6,2024-07-07,6108.3,13.33,69.71,2.181,97.86,1482.2,11.62,0,0
6,2024-07-08,6118.5,10.21,69.99,2.098,96.89,1488.4,11.6,0,0
6,2024-07-09,6124.6,6.04,70.96,2.152,98.7,1481.4,11.86,0,0
6,2024-07-10,6133.2,8.65,69.66,2.051,96.92,1482.7,11.18,0,0
6,2024-07-11,6148.7,15.46,69.07,1.876,96.81,1484.6,11.56,0,0
6,2024-07-12,6162.3,13.63,68.6,,95.55,1487.9,11.71,0,0
6,2024-07-13,6170.2,7.9,69.52,2.127,97.4,1496.2,11.53,0,0
6,2024-07-14,6176.9,6.67,68.08,1.695,98.29,1477.0,11.74,0,0
6,2024-07-15,6186.4,9.51,69.13,2.101,98.43,1486.8,11.72,0,0
6,2024-07-16,6200.7,14.36,68.47,2.153,97.92,1478.4,11.92,0,0
6,2024-07-17,6207.8,7.06,69.47,2.169,97.47,1481.6,11.57,0,0
6,2024-07-18,6219.2,11.43,,2.097,97.74,1488.5,11.05,0,0
6,2024-07-19,6228.0,8.75,70.11,1.966,97.47,1484.5,11.19,0,0
6,2024-07-20,6241.3,13.26,70.42,2.019,100.19,1477.0,11.8,0,0
6,2024-07-21,6247.3,6.0,68.81,1.807,96.91,1483.8,11.71,0,0
6,2024-07-22,6256.0,8.77,71.15,2.186,97.37,1485.8,11.59,0,0
6,2024-07-23,6268.8,12.79,70.4,2.148,98.14,1488.1,11.61,0,0
6,2024-07-24,6280.3,11.47,70.36,1.979,97.04,1492.1,11.46,0,0
6,2024-07-25,6294.1,13.79,70.86,2.118,98.19,1497.3,11.46,0,0
6,2024-07-26,6301.7,7.58,69.91,2.122,96.5,1483.0,11.49,0,0
6,2024-07-27,6313.0,11.31,69.62,1.864,98.26,1474.2,11.57,0,0
6,2024-07-28,6320.9,7.96,71.08,2.334,97.7,1485.5,11.69,0,0
6,2024-07-29,6333.3,12.39,68.9,1.903,97.4,1472.3,11.63,0,0
6,2024-07-30,6340.6,7.31,69.52,1.711,97.85,1498.2,11.56,0,0
6,2024-07-31,6348.1,7.49,70.89,2.089,97.6,1478.5,11.87,0,0
6,2024-08-01,6357.4,9.28,69.52,2.079,97.74,1490.9,11.92,0,0
6,2024-08-02,6367.4,10.02,69.14,1.97,98.91,1485.5,12.06,0,0
6,2024-08-03,6378.4,10.99,68.79,2.06,99.94,1485.0,11.6,0,0
6,2024-08-04,6390.2,11.81,70.75,2.041,94.81,1465.2,11.62,0,0
6,2024-08-05,6400.9,10.69,70.87,2.032,96.66,1466.5,11.88,0,0
6,2024-08-06,6407.4,6.46,72.57,2.564,94.98,1464.5,11.86,0,0
6,2024-08-07,6416.8,9.43,74.51,2.593,95.3,1459.5,12.14,0,0
6,2024-08-08,6423.4,6.61,74.72,2.621,95.42,1458.2,12.39,0,0
6,2024-08-09,6430.6,7.18,72.11,3.069,96.78,1447.0,12.42,0,0
6,2024-08-10,6437.5,6.93,75.94,2.892,93.45,1451.1,12.46,0,0
6,2024-08-11,6445.1,7.58,76.79,3.155,93.27,1441.3,12.82,0,0
6,2024-08-12,6459.2,14.13,76.49,3.049,91.6,1442.2,13.26,0,0
6,2024-08-13,6471.5,12.28,78.82,2.994,90.93,1419.9,12.66,0,0
6,2024-08-14,6482.6,11.07,78.65,3.547,90.26,1432.9,13.1,0,0
6,2024-08-15,6495.9,13.32,77.2,3.672,89.93,1434.6,13.06,0,0
6,2024-08-16,6511.5,15.61,80.07,4.001,89.55,1415.2,12.99,1,0
6,2024-08-17,6521.7,10.18,80.44,3.675,90.82,1421.0,13.15,1,0
6,2024-08-18,6531.4,9.67,80.87,3.722,88.42,1406.0,13.36,1,0
6,2024-08-19,6547.1,15.78,82.64,4.011,88.7,1397.7,14.08,1,0
6,2024-08-20,6560.8,13.71,83.71,4.316,87.82,1397.7,14.02,1,0
6,2024-08-21,6574.6,13.77,84.52,4.034,87.85,1403.4,13.58,1,0
6,2024-08-22,6586.6,12.0,85.33,4.504,84.37,1397.6,14.14,1,0
6,2024-08-23,6597.7,11.07,84.26,4.552,85.99,1368.4,13.81,0,1
6,2024-08-24,6609.2,11.51,68.67,1.969,98.37,1474.8,11.47,0,0
6,2024-08-25,6621.7,12.52,70.0,1.897,98.04,1482.3,12.05,0,0
6,2024-08-26,6631.5,9.77,70.81,2.195,99.22,1477.3,12.25,0,0
6,2024-08-27,6645.3,13.82,70.08,1.79,98.02,1486.1,11.09,0,0
6,2024-08-28,6660.4,15.09,67.63,2.171,99.02,1481.9,11.67,0,0
6,2024-08-29,6672.1,11.71,70.28,2.101,98.31,1479.4,11.78,0,0
6,2024-08-30,6681.9,9.81,68.17,1.957,98.39,1498.8,11.57,0,0
6,2024-08-31,6694.9,12.96,70.42,,98.46,1489.3,11.7,0,0
6,2024-09-01,6702.7,7.82,69.17,1.746,97.94,1488.7,11.54,0,0
6,2024-09-02,6718.4,15.69,70.03,2.179,99.7,1476.5,11.85,0,0
6,2024-09-03,6731.0,12.58,71.83,1.864,99.22,1482.7,11.55,0,0
6,2024-09-04,6737.6,6.68,69.38,1.96,98.08,1481.9,11.82,0,0
6,2024-09-05,6748.9,11.3,68.98,2.076,98.31,1483.8,11.95,0,0
6,2024-09-06,6762.4,13.5,69.3,2.186,98.62,1479.5,11.91,0,0
6,2024-09-07,6771.2,8.78,68.23,1.886,98.95,1490.4,11.6,0,0
6,2024-09-08,6777.7,6.51,68.73,2.114,99.75,1493.7,10.98,0,0
6,2024-09-09,6788.6,10.89,70.8,1.963,99.05,1489.1,11.8,0,0
6,2024-09-10,6803.0,14.34,67.76,1.901,97.97,1482.2,11.22,0,0
6,2024-09-11,6811.5,8.52,69.1,1.782,97.32,1479.8,11.8,0,0
6,2024-09-12,6824.6,13.17,69.97,1.972,99.13,1491.7,11.77,0,0
6,2024-09-13,6834.7,10.08,69.32,1.837,98.43,1485.6,11.59,0,0
6,2024-09-14,6841.3,6.6,71.08,1.846,97.16,1487.5,11.68,0,0
6,2024-09-15,6850.4,9.04,69.56,1.956,98.99,1485.5,12.09,0,0
6,2024-09-16,6859.5,9.14,69.39,1.993,99.66,1477.1,12.05,0,0
6,2024-09-17,6874.5,15.05,69.88,1.947,98.15,1495.5,11.55,0,0
6,2024-09-18,6890.4,15.82,70.0,2.039,99.71,1502.6,11.09,0,0
6,2024-09-19,6898.5,8.1,69.73,2.282,98.91,1479.5,12.13,0,0
6,2024-09-20,6908.8,10.31,69.66,1.928,96.98,1482.7,11.18,0,0
6,2024-09-21,6924.5,15.77,67.78,1.895,98.56,1480.0,11.68,0,0
6,2024-09-22,6934.6,10.07,68.6,1.888,96.37,1477.7,11.63,0,0
6,2024-09-23,6944.1,9.49,70.31,1.611,98.49,1487.8,11.79,0,0
6,2024-09-24,6951.2,7.1,70.74,1.934,97.12,1478.4,12.05,0,0
6,2024-09-25,6964.7,13.53,71.01,2.296,98.33,1475.4,11.68,0,0
6,2024-09-26,6975.2,10.47,68.29,2.039,98.82,1486.6,11.51,0,0
6,2024-09-27,6987.6,12.39,68.89,1.968,97.55,1476.0,11.74,0,0
6,2024-09-28,6998.7,11.1,71.23,2.108,99.83,1478.1,11.25,0,0
6,2024-09-29,7006.4,7.75,69.35,1.964,97.22,1477.6,11.45,0,0
6,2024-09-30,7014.2,7.76,70.35,2.215,96.0,1486.7,11.59,0,0
6,2024-10-01,7029.6,15.4,73.1,2.01,98.11,1483.6,11.82,0,0
6,2024-10-02,7044.5,14.9,70.78,2.239,99.51,1468.1,12.07,0,0
6,2024-10-03,7056.6,12.11,69.51,2.068,98.12,1485.3,11.98,0,0
6,2024-10-04,7062.6,6.01,69.59,2.108,97.55,1476.4,11.93,0,0
6,2024-10-05,7072.9,10.33,70.26,2.006,96.49,1495.3,11.98,0,0
6,2024-10-06,7084.2,11.3,67.81,2.174,97.57,1466.4,11.83,0,0
6,2024-10-07,7094.7,10.49,70.17,2.283,97.0,1486.0,11.68,0,0
6,2024-10-08,7110.0,15.25,69.45,2.109,98.38,1489.2,11.36,0,0
6,2024-10-09,7116.4,6.41,69.65,2.002,98.47,1473.4,11.67,0,0
6,2024-10-10,7128.9,12.55,69.84,2.175,97.19,1480.8,11.16,0,0
6,2024-10-11,7138.1,9.14,71.3,1.958,97.81,1483.8,11.5,0,0
6,2024-10-12,7149.7,11.59,69.99,2.241,99.59,1481.8,11.68,0,0
6,2024-10-13,7162.2,12.56,69.97,1.953,97.71,1486.9,11.67,0,0
6,2024-10-14,7172.6,10.41,70.45,2.018,97.69,1484.3,11.47,0,0
6,2024-10-15,7180.1,7.48,69.8,2.159,98.33,1489.3,11.14,0,0
6,2024-10-16,7191.3,11.19,70.39,1.722,96.73,1485.6,11.49,0,0
6,2024-10-17,7206.6,15.33,69.62,2.076,99.09,1483.9,11.58,0,0
6,2024-10-18,7218.0,11.36,70.89,2.053,97.73,1480.8,11.71,0,0
6,2024-10-19,7225.2,7.23,71.01,1.959,96.98,1485.0,11.86,0,0
6,2024-10-20,7239.5,14.24,70.4,1.98,98.68,1497.0,11.56,0,0
6,2024-10-21,7247.7,8.22,67.44,1.902,97.65,1482.3,11.54,0,0
6,2024-10-22,7257.4,9.7,69.91,1.885,97.27,1472.8,11.47,0,0
6,2024-10-23,7267.7,10.29,67.81,1.967,98.21,1491.8,11.64,0,0
6,2024-10-24,7277.1,9.4,70.11,1.88,99.19,1499.6,11.94,0,0
6,2024-10-25,7287.1,10.04,71.33,2.105,97.73,1487.6,11.34,0,0
6,2024-10-26,7301.1,13.95,70.87,1.921,97.18,1498.7,11.07,0,0
6,2024-10-27,7309.3,8.23,69.46,2.149,95.9,1484.1,11.72,0,0
6,2024-10-28,7320.0,10.7,69.57,,96.69,1506.6,12.01,0,0
6,2024-10-29,7326.2,6.2,67.89,1.836,97.66,1471.3,11.75,0,0
6,2024-10-30,7337.3,11.08,69.74,1.996,96.83,1481.8,11.36,0,0
6,2024-10-31,7344.4,7.12,69.53,1.855,97.44,1487.8,11.63,0,0
6,2024-11-01,7353.2,8.82,68.48,2.008,100.07,1476.9,11.67,0,0
6,2024-11-02,7362.5,9.25,68.75,1.911,99.37,1492.5,11.87,0,0
6,2024-11-03,7369.3,6.82,68.53,1.84,97.32,1487.4,11.4,0,0
6,2024-11-04,7378.9,9.61,71.88,1.842,98.28,1481.3,12.13,0,0
6,2024-11-05,7389.9,10.98,69.85,2.205,97.06,1486.4,11.53,0,0
6,2024-11-06,7400.2,10.31,70.49,2.134,99.7,1484.6,11.46,0,0
6,2024-11-07,7409.0,8.8,70.65,1.832,98.21,1488.2,11.74,0,0
6,2024-11-08,7418.0,8.95,71.34,1.91,99.19,1481.1,11.24,0,0
6,2024-11-09,7430.3,12.34,71.31,2.252,97.35,1465.3,12.27,0,0
6,2024-11-10,7443.5,13.18,70.68,2.025,99.74,1489.9,11.8,0,0
6,2024-11-11,7455.2,11.77,68.21,1.977,97.7,1482.5,11.57,0,0
6,2024-11-12,7471.0,15.76,70.68,2.045,96.38,1476.7,11.36,0,0
6,2024-11-13,7486.5,15.45,69.33,2.068,97.97,1480.0,11.6,0,0
6,2024-11-14,7493.4,6.98,68.47,2.027,97.45,1481.4,11.95,0,0
6,2024-11-15,7502.1,8.61,69.36,1.908,99.15,1471.1,11.54,0,0
6,2024-11-16,7516.7,14.68,69.88,1.731,97.52,1475.9,11.43,0,0
6,2024-11-17,7523.0,6.3,67.17,2.026,98.68,1482.1,11.87,0,0
6,2024-11-18,7535.0,11.92,70.13,1.751,97.46,1481.6,11.34,0,0
6,2024-11-19,7550.5,15.54,70.87,1.956,97.3,1475.5,11.73,0,0
6,2024-11-20,7563.3,12.79,69.82,1.931,98.14,1472.7,11.78,0,0
6,2024-11-21,7570.2,6.92,68.65,1.92,98.67,1476.2,11.77,0,0
6,2024-11-22,7583.7,13.48,70.34,2.093,96.58,1485.4,11.79,0,0
6,2024-11-23,7593.5,9.76,69.7,1.997,99.06,1477.8,11.37,0,0
6,2024-11-24,7608.7,15.22,71.47,2.1,99.08,1490.0,11.6,0,0
6,2024-11-25,7617.5,8.86,67.43,1.759,97.84,1492.3,11.58,0,0
6,2024-11-26,7628.3,10.73,67.16,2.142,97.95,1497.0,11.7,0,0
6,2024-11-27,7641.7,13.47,69.63,2.167,95.49,1488.0,11.12,0,0
6,2024-11-28,7650.3,8.58,69.27,2.021,99.94,1486.4,11.24,0,0
6,2024-11-29,7658.1,7.82,70.0,2.319,97.82,1494.0,12.31,0,0
6,2024-11-30,7664.1,6.03,70.15,2.13,99.22,1473.3,11.87,0,0
6,2024-12-01,7675.0,10.88,71.25,2.024,97.54,1488.0,11.59,0,0
6,2024-12-02,7690.3,15.29,69.49,2.244,98.14,1490.6,11.68,0,0
6,2024-12-03,7699.1,8.81,70.18,2.042,98.66,1482.9,12.26,0,0
6,2024-12-04,7705.6,6.43,68.42,1.89,97.68,1489.6,11.09,0,0
6,2024-12-05,7717.8,12.2,72.2,2.151,96.58,1480.3,11.69,0,0
6,2024-12-06,7724.3,6.56,70.84,2.256,98.01,1483.3,11.55,0,0
6,2024-12-07,7735.4,11.07,70.61,1.799,96.73,1485.9,12.03,0,0
6,2024-12-08,7745.2,9.82,68.92,1.959,97.28,1485.7,11.83,0,0
6,2024-12-09,7756.0,10.75,71.09,1.952,97.51,1471.9,12.31,0,0
6,2024-12-10,7763.6,7.63,70.74,1.838,98.22,1478.9,11.9,0,0
6,2024-12-11,7770.5,6.9,70.37,1.987,97.5,1483.3,11.52,0,0
6,2024-12-12,7784.0,13.49,69.63,1.912,96.92,1486.1,11.59,0,0
6,2024-12-13,7792.4,8.46,68.68,2.092,98.33,1488.4,11.86,0,0
6,2024-12-14,7806.4,14.0,69.67,2.103,98.79,1483.2,12.09,0,0
6,2024-12-15,7820.0,13.58,68.94,2.05,96.75,1491.9,11.44,0,0
6,2024-12-16,7828.0,7.98,70.11,2.061,98.16,1480.7,11.73,0,0
6,2024-12-17,7843.1,15.08,68.63,2.255,98.89,1489.9,11.07,0,0
6,2024-12-18,7850.7,7.61,69.01,2.331,98.24,1481.8,11.57,0,0
6,2024-12-19,7864.7,13.97,67.65,2.12,96.93,1475.7,12.17,0,0
6,2024-12-20,7874.9,10.21,70.26,1.953,98.38,1504.0,12.11,0,0
6,2024-12-21,7882.7,7.83,70.16,2.071,98.14,1487.0,11.88,0,0
6,2024-12-22,7898.1,15.38,69.22,2.034,98.29,1468.3,12.19,0,0
6,2024-12-23,7913.7,15.63,67.29,2.131,98.18,1490.2,11.58,0,0
6,2024-12-24,7924.8,11.11,68.04,1.896,96.12,1484.3,11.64,0,0
6,2024-12-25,7935.5,10.69,69.83,2.141,97.97,1489.9,11.57,0,0
6,2024-12-26,7950.5,15.01,70.73,2.041,99.09,1487.3,11.85,0,0
6,2024-12-27,7962.5,11.96,68.74,2.016,99.58,1476.9,12.53,0,0
6,2024-12-28,7971.2,8.66,70.94,2.022,99.14,1490.4,11.77,0,0
6,2024-12-29,7981.4,10.25,71.41,2.231,98.17,1477.7,11.31,0,0
6,2024-12-30,7995.8,14.36,70.19,2.439,98.83,1476.5,11.33,0,0
7,2023-01-01,12.5,12.52,62.1,2.001,102.86,1498.0,10.79,0,0
7,2023-01-02,28.3,15.8,62.05,1.844,101.88,1488.9,10.43,0,0
7,2023-01-03,39.3,10.98,64.63,2.09,101.32,1488.2,10.19,0,0
7,2023-01-04,51.4,12.06,63.27,2.044,102.99,1491.6,10.92,0,0
7,2023-01-05,59.0,7.63,63.64,1.936,102.33,1491.8,10.62,0,0
7,2023-01-06,66.6,7.61,62.59,2.341,101.15,1500.3,10.28,0,0
7,2023-01-07,77.2,10.58,63.99,2.036,103.21,1489.0,10.65,0,0
7,2023-01-08,91.6,14.45,65.27,2.116,101.7,1499.5,10.89,0,0
7,2023-01-09,106.7,15.09,63.53,1.977,101.28,1496.6,10.94,0,0
7,2023-01-10,119.1,12.42,64.03,2.011,103.09,1479.7,10.88,0,0
7,2023-01-11,128.8,9.61,64.62,2.122,101.36,1495.4,10.61,0,0
7,2023-01-12,142.3,13.5,65.06,2.023,102.27,1471.7,11.0,0,0
7,2023-01-13,151.2,8.92,62.7,2.073,103.43,1485.9,10.81,0,0
7,2023-01-14,159.4,8.2,63.79,2.194,103.33,1496.8,10.55,0,0
7,2023-01-15,173.3,13.95,64.65,1.995,102.49,1493.0,10.48,0,0
7,2023-01-16,186.8,13.51,64.93,1.873,100.97,1478.9,10.88,0,0
7,2023-01-17,201.7,14.82,62.95,1.844,101.65,1484.1,11.08,0,0
7,2023-01-18,213.4,11.76,62.71,2.289,104.56,1472.2,11.0,0,0
7,2023-01-19,228.4,14.97,63.22,2.213,103.09,1482.3,10.87,0,0
7,2023-01-20,234.7,6.26,63.06,2.171,101.92,1497.7,11.01,0,0
7,2023-01-21,243.2,8.54,63.1,2.008,100.89,1488.6,11.53,0,0
7,2023-01-22,257.2,14.04,63.79,1.873,100.25,1494.4,10.9,0,0
7,2023-01-23,267.5,10.24,62.84,2.031,103.36,1493.2,10.86,0,0
7,2023-01-24,275.9,8.39,64.94,2.059,103.38,1493.3,10.98,0,0
7,2023-01-25,289.8,13.96,62.97,1.903,102.11,1501.3,11.04,0,0
7,2023-01-26,304.1,14.22,62.78,1.853,101.74,1491.5,10.42,0,0
7,2023-01-27,314.6,10.56,62.21,1.813,103.28,1500.4,10.87,0,0
7,2023-01-28,325.3,10.67,64.63,2.172,100.67,1473.3,11.12,0,0
7,2023-01-29,339.1,13.81,62.08,1.892,,1502.0,11.34,0,0
7,2023-01-30,352.8,13.71,63.83,2.119,102.88,1482.8,10.82,0,0
7,2023-01-31,367.5,14.67,64.07,2.013,100.89,1484.5,10.68,0,0
7,2023-02-01,379.9,12.46,60.46,2.161,102.93,1487.4,10.87,0,0
7,2023-02-02,387.8,7.86,62.07,2.123,101.46,1501.7,10.62,0,0
7,2023-02-03,399.3,11.5,63.0,2.038,100.81,1486.0,11.29,0,0
7,2023-02-04,409.1,9.82,65.27,2.093,102.93,1487.8,10.96,0,0
7,2023-02-05,415.4,6.27,63.0,2.056,101.04,1485.4,10.8,0,0
7,2023-02-06,423.3,7.97,62.87,1.981,100.81,1495.1,11.15,0,0
7,2023-02-07,431.4,8.06,62.63,2.22,102.63,1499.0,10.47,0,0
7,2023-02-08,438.2,6.82,62.61,2.01,102.04,1506.7,10.2,0,0
7,2023-02-09,448.8,10.53,62.74,2.06,103.16,1512.3,10.94,0,0
7,2023-02-10,459.8,11.08,62.71,1.861,101.85,1498.3,11.14,0,0
7,2023-02-11,469.2,9.4,62.66,2.114,,1496.0,10.77,0,0
7,2023-02-12,479.4,10.12,62.66,1.981,100.11,1483.3,10.61,0,0
7,2023-02-13,490.8,11.49,63.0,2.001,102.65,1508.4,10.53,0,0
7,2023-02-14,498.1,7.2,64.33,1.947,102.13,1494.8,10.45,0,0
7,2023-02-15,509.7,11.62,62.26,2.054,103.34,1490.8,11.02,0,0
7,2023-02-16,522.8,13.1,62.73,1.772,102.91,1496.2,11.06,0,0
7,2023-02-17,537.5,14.75,62.86,2.175,102.48,1488.0,11.09,0,0
7,2023-02-18,546.5,9.02,63.38,2.067,101.42,1474.4,10.82,0,0
7,2023-02-19,560.0,13.47,62.61,2.003,101.73,1497.7,10.47,0,0
7,2023-02-20,572.1,12.06,65.45,1.841,102.7,1503.8,10.6,0,0
7,2023-02-21,583.1,11.03,63.96,2.138,102.1,1497.5,11.0,0,0
7,2023-02-22,598.3,15.2,64.35,1.978,103.57,1493.0,10.51,0,0
7,2023-02-23,610.5,12.2,63.62,2.269,103.46,1493.2,10.79,0,0
7,2023-02-24,620.2,9.66,64.78,2.146,101.9,1494.5,10.51,0,0
7,2023-02-25,633.3,13.13,62.23,2.303,102.24,1494.2,10.61,0,0
7,2023-02-26,648.9,15.6,62.82,2.094,101.35,1492.6,10.47,0,0
7,2023-02-27,664.1,15.18,62.56,2.235,102.04,1493.3,10.82,0,0
7,2023-02-28,679.9,15.8,63.21,2.142,103.1,1505.5,10.38,0,0
7,2023-03-01,686.8,6.95,64.96,2.005,101.6,1496.9,10.59,0,0
7,2023-03-02,697.3,10.43,65.58,2.101,101.78,1493.9,11.07,0,0
7,2023-03-03,707.6,10.33,64.33,1.948,100.98,1498.3,11.13,0,0
7,2023-03-04,717.4,9.84,63.28,2.383,101.58,1498.4,11.02,0,0
7,2023-03-05,725.2,7.78,64.5,2.058,102.76,1500.6,11.24,0,0
7,2023-03-06,739.5,14.32,,2.077,101.91,1487.0,10.42,0,0
7,2023-03-07,752.3,12.73,64.55,2.131,101.0,1489.2,10.79,0,0
7,2023-03-08,764.3,12.06,63.24,1.91,102.36,1486.6,10.84,0,0
7,2023-03-09,774.8,10.47,63.27,2.271,102.1,1499.2,11.4,0,0
7,2023-03-10,784.7,9.89,,1.919,103.27,1498.8,10.75,0,0
7,2023-03-11,798.5,13.86,63.13,1.885,102.01,1482.9,11.06,0,0
7,2023-03-12,809.8,11.27,62.58,2.048,101.15,1496.2,11.33,0,0
7,2023-03-13,821.9,12.08,63.31,1.881,103.11,1504.1,10.86,0,0
7,2023-03-14,828.9,7.0,63.35,2.307,101.18,1491.2,10.68,0,0
7,2023-03-15,839.6,10.71,62.51,2.038,100.85,1495.6,10.7,0,0
7,2023-03-16,846.9,7.3,66.06,1.59,101.11,1498.9,10.3,0,0
7,2023-03-17,853.4,6.54,63.67,2.103,101.54,1482.5,10.68,0,0
7,2023-03-18,866.3,12.89,64.67,2.156,100.26,1494.3,10.39,0,0
7,2023-03-19,875.1,8.75,64.58,2.01,100.42,1503.3,11.05,0,0
7,2023-03-20,890.7,15.65,65.32,,102.93,1488.3,10.35,0,0
7,2023-03-21,902.8,12.05,62.47,2.057,101.98,1499.7,10.93,0,0
7,2023-03-22,915.2,12.45,62.83,2.001,101.98,1493.3,11.16,0,0
7,2023-03-23,923.2,7.97,61.56,1.927,102.09,1487.7,11.04,0,0
7,2023-03-24,930.5,7.29,61.76,1.913,102.71,1492.3,10.67,0,0
7,2023-03-25,941.7,11.25,62.37,2.096,101.33,1488.9,11.05,0,0
7,2023-03-26,957.0,15.26,63.23,2.208,102.71,1486.0,10.82,0,0
7,2023-03-27,963.6,6.56,63.28,2.142,102.26,1491.0,10.68,0,0
7,2023-03-28,974.6,11.08,66.55,1.814,101.19,1493.6,10.71,0,0
7,2023-03-29,982.6,7.99,63.88,2.165,102.76,1491.7,10.95,0,0
7,2023-03-30,996.4,13.82,64.35,2.189,102.2,1491.0,10.35,0,0
7,2023-03-31,1009.3,12.82,63.52,2.282,101.1,1494.9,10.67,0,0
7,2023-04-01,1016.2,6.97,62.06,1.931,101.18,1497.3,10.93,0,0
7,2023-04-02,1028.4,12.16,63.67,2.065,102.63,1483.9,10.66,0,0
7,2023-04-03,1044.2,15.84,61.76,2.158,103.16,1491.1,10.43,0,0
7,2023-04-04,1055.5,11.28,63.2,1.994,102.43,1477.3,10.55,0,0
7,2023-04-05,1064.4,8.85,64.03,2.156,103.04,1491.8,10.87,0,0
7,2023-04-06,1071.9,7.52,62.79,2.069,,1494.3,10.96,0,0
7,2023-04-07,1087.8,15.9,63.57,1.946,101.92,1497.6,11.14,0,0
7,2023-04-08,1099.4,11.64,62.78,1.959,,1494.3,11.05,0,0
7,2023-04-09,1109.2,9.75,,2.26,102.82,1497.5,11.05,0,0
7,2023-04-10,1117.3,8.14,63.87,1.924,101.0,1493.6,10.24,0,0
7,2023-04-11,1132.8,15.5,64.42,1.898,103.18,1487.7,11.04,0,0
7,2023-04-12,1145.1,12.27,64.42,2.125,103.51,1484.1,10.66,0,0
7,2023-04-13,1151.7,6.58,63.14,2.068,101.41,1491.0,10.38,0,0
7,2023-04-14,1158.3,6.59,61.2,1.876,105.02,1486.9,10.98,0,0
7,2023-04-15,1173.7,15.39,63.47,1.995,102.94,1492.1,10.87,0,0
7,2023-04-16,1186.8,13.1,64.65,1.95,101.99,1489.1,11.08,0,0
7,2023-04-17,1193.8,7.03,62.06,1.977,100.07,1496.4,10.66,0,0
7,2023-04-18,1206.0,12.24,65.16,2.452,102.06,1493.5,10.82,0,0
7,2023-04-19,1216.2,10.19,61.32,2.028,102.57,1496.7,10.28,0,0
7,2023-04-20,1230.1,13.89,63.77,1.941,102.45,1496.6,11.41,0,0
7,2023-04-21,1238.9,8.74,64.21,2.376,100.84,1491.6,10.42,0,0
7,2023-04-22,1248.7,9.83,64.85,2.206,101.49,1492.1,10.57,0,0
7,2023-04-23,1256.4,7.67,63.84,2.182,102.83,1497.1,10.51,0,0
7,2023-04-24,1264.9,8.52,63.05,1.948,102.74,1512.6,10.88,0,0
7,2023-04-25,1272.8,7.89,63.55,2.252,103.09,1485.2,10.56,0,0
7,2023-04-26,1279.0,6.24,62.7,2.195,102.27,1493.4,11.14,0,0
7,2023-04-27,1285.5,6.46,61.39,2.095,102.12,1483.5,10.91,0,0
7,2023-04-28,1299.8,14.36,63.14,1.816,102.66,1492.9,10.37,0,0
7,2023-04-29,1313.9,14.04,63.87,2.07,102.24,1487.7,11.05,0,0
7,2023-04-30,1321.3,7.41,64.4,2.332,100.62,1492.1,11.09,0,0
7,2023-05-01,1334.0,12.68,62.89,2.106,103.67,1494.3,10.6,0,0
7,2023-05-02,1347.4,13.46,64.85,2.017,103.07,1489.2,10.47,0,0
7,2023-05-03,1353.9,6.51,63.21,2.039,102.57,1478.8,10.94,0,0
7,2023-05-04,1360.8,6.89,63.86,2.049,100.78,1504.5,11.01,0,0
7,2023-05-05,1372.4,11.63,64.12,1.953,102.98,1499.8,10.52,0,0
7,2023-05-06,1382.2,9.74,63.43,2.067,101.71,1492.0,11.09,0,0
7,2023-05-07,1395.2,12.99,63.29,2.289,102.98,1485.9,10.64,0,0
7,2023-05-08,1406.8,11.58,64.93,2.272,102.69,1493.8,11.17,0,0
7,2023-05-09,1413.1,6.31,61.68,1.96,101.81,1496.0,10.34,0,0
7,2023-05-10,1425.9,12.84,63.42,2.264,103.2,1499.2,10.6,0,0
7,2023-05-11,1433.9,8.04,61.54,2.187,100.96,1500.0,10.75,0,0
7,2023-05-12,1443.1,9.13,61.58,2.168,102.2,1501.5,10.52,0,0
7,2023-05-13,1456.4,13.36,63.32,2.138,103.81,1479.1,10.81,0,0
7,2023-05-14,1470.1,13.71,62.85,1.933,102.63,1490.6,10.71,0,0
7,2023-05-15,1479.6,9.46,65.46,2.012,103.06,1501.0,10.75,0,0
7,2023-05-16,1486.5,6.89,63.12,2.198,102.23,1485.7,10.7,0,0
7,2023-05-17,1500.2,13.7,64.51,1.892,102.13,1502.8,10.43,0,0
7,2023-05-18,1514.9,14.7,63.43,1.917,100.93,1507.6,10.81,0,0
7,2023-05-19,1530.5,15.64,62.18,2.119,101.99,1502.6,10.78,0,0
7,2023-05-20,1539.7,9.18,61.61,1.955,102.82,1498.4,10.51,0,0
7,2023-05-21,1546.9,7.24,62.01,,101.05,1489.5,11.19,0,0
7,2023-05-22,1562.3,15.38,63.71,1.96,101.18,1495.3,10.91,0,0
7,2023-05-23,1572.3,10.0,64.97,2.11,102.57,1482.3,11.03,0,0
7,2023-05-24,1579.3,6.94,62.46,2.122,102.97,1486.8,10.57,0,0
7,2023-05-25,1590.2,10.99,64.22,2.001,104.16,1487.4,10.12,0,0
7,2023-05-26,1598.2,7.91,63.2,2.037,101.87,1493.6,11.34,0,0
7,2023-05-27,1607.7,9.55,62.31,1.971,101.9,1489.9,10.87,0,0
7,2023-05-28,1616.9,9.2,63.73,2.07,102.98,1495.2,10.93,0,0
7,2023-05-29,1632.8,15.87,64.97,1.929,102.72,1500.1,10.91,0,0
7,2023-05-30,1645.2,12.4,63.3,2.039,101.89,1487.4,10.94,0,0
7,2023-05-31,1656.1,10.92,64.21,2.185,102.12,1494.3,10.5,0,0
7,2023-06-01,1667.2,11.14,63.69,1.902,101.52,1489.7,10.51,0,0
7,2023-06-02,1679.3,12.04,63.69,2.0,100.99,1494.6,10.51,0,0
7,2023-06-03,1694.0,14.73,62.57,2.151,102.01,1498.6,10.98,0,0
7,2023-06-04,1701.5,7.46,63.87,1.761,103.67,1500.4,10.45,0,0
7,2023-06-05,1713.5,12.0,61.92,2.351,101.43,1498.4,10.36,0,0
7,2023-06-06,1722.7,9.22,63.74,2.23,100.71,1496.4,10.62,0,0
7,2023-06-07,1734.4,11.71,64.75,1.842,101.14,1481.7,10.74,0,0
7,2023-06-08,1745.6,11.18,65.18,1.757,102.68,1484.4,10.8,0,0
7,2023-06-09,1751.9,6.3,62.34,2.077,102.58,1486.5,10.67,0,0
7,2023-06-10,1763.7,11.82,63.82,1.905,103.42,1495.9,10.96,0,0
7,2023-06-11,1776.8,13.09,62.67,2.217,103.21,1482.7,11.17,0,0
7,2023-06-12,1785.2,8.46,63.52,2.132,102.44,1495.8,10.83,0,0
7,2023-06-13,1792.3,7.07,65.3,2.092,102.8,1495.2,11.17,0,0
7,2023-06-14,1800.4,8.12,,2.132,100.65,1472.6,11.22,0,0
7,2023-06-15,1812.8,12.36,64.95,2.602,101.34,1474.4,11.01,0,0
7,2023-06-16,1823.5,10.69,66.0,,99.79,1486.5,11.28,0,0
7,2023-06-17,1838.1,14.65,67.84,2.741,100.0,1478.7,11.5,0,0
7,2023-06-18,1847.0,8.85,69.02,2.975,98.81,1461.4,11.95,0,0
7,2023-06-19,1856.6,9.65,70.18,2.786,97.17,1454.9,12.16,0,0
7,2023-06-20,1867.9,11.28,69.67,3.276,95.79,1438.6,12.66,0,0
7,2023-06-21,1878.5,10.6,74.26,3.188,95.64,1465.0,12.67,0,0
7,2023-06-22,1890.0,11.48,75.47,3.422,95.58,1448.6,13.03,0,0
7,2023-06-23,1899.1,9.12,74.97,3.493,93.83,1458.4,12.84,0,0
7,2023-06-24,1906.8,7.67,74.73,3.379,93.74,1436.8,13.5,0,0
7,2023-06-25,1920.8,14.03,76.08,3.949,94.23,1435.6,13.53,0,0
7,2023-06-26,1927.2,6.39,76.88,3.676,93.57,1435.5,13.74,1,0
7,2023-06-27,1936.9,9.7,77.9,3.949,92.12,1436.5,13.95,1,0
7,2023-06-28,1943.8,6.87,79.41,4.17,92.26,1422.4,14.83,1,0
7,2023-06-29,1957.1,13.36,81.58,4.09,88.88,1413.5,14.27,1,0
7,2023-06-30,1966.8,9.66,82.39,4.362,90.69,1408.7,15.06,1,0
7,2023-07-01,1973.1,6.3,84.9,4.708,87.28,1395.1,15.08,1,0
7,2023-07-02,1979.9,6.76,82.96,4.764,87.9,1395.5,14.92,1,0
7,2023-07-03,1987.8,7.99,84.72,4.92,86.33,1393.9,15.48,0,1
7,2023-07-04,2001.7,13.87,61.38,1.936,102.89,1504.1,10.12,0,0
7,2023-07-05,2015.7,13.99,63.52,2.08,100.58,1489.6,11.33,0,0
7,2023-07-06,2031.7,15.97,64.98,2.024,100.38,1501.6,10.71,0,0
7,2023-07-07,2040.1,8.41,62.91,1.827,101.49,1492.4,11.15,0,0
7,2023-07-08,2046.7,6.6,64.74,2.043,101.42,1503.0,11.22,0,0
7,2023-07-09,2055.5,8.83,,1.887,101.58,1498.5,10.65,0,0
7,2023-07-10,2063.3,7.79,64.24,2.208,101.47,1497.9,10.83,0,0
7,2023-07-11,2076.4,13.1,,2.014,102.83,1500.9,10.87,0,0
7,2023-07-12,2092.1,15.69,65.18,2.451,102.06,1499.7,11.39,0,0
7,2023-07-13,2100.8,8.73,63.18,2.218,103.7,1501.6,10.76,0,0
7,2023-07-14,2110.1,9.29,64.06,2.053,102.38,1510.1,10.8,0,0
7,2023-07-15,2119.6,9.51,65.22,2.16,103.03,1506.0,10.4,0,0
7,2023-07-16,2134.2,14.57,62.35,1.76,102.73,1496.8,10.55,0,0
7,2023-07-17,2146.0,11.78,63.16,2.217,101.25,1489.5,10.67,0,0
7,2023-07-18,2161.7,15.74,63.95,1.95,101.63,1496.0,11.21,0,0
7,2023-07-19,2174.0,12.27,62.52,2.086,103.14,1477.7,11.39,0,0
7,2023-07-20,2187.0,13.06,62.48,1.964,100.37,1499.7,10.97,0,0
7,2023-07-21,2193.9,6.89,,1.98,102.63,1484.6,10.92,0,0
7,2023-07-22,2209.5,15.52,62.57,2.046,101.97,1502.1,11.02,0,0
7,2023-07-23,2221.7,12.28,63.01,2.085,101.4,1508.9,10.61,0,0
7,2023-07-24,2232.9,11.2,63.59,2.069,101.88,1481.5,11.23,0,0
7,2023-07-25,2242.8,9.87,63.81,2.073,103.77,1492.7,10.39,0,0
7,2023-07-26,2249.6,6.77,62.83,1.829,100.42,1484.6,10.68,0,0
7,2023-07-27,2256.9,7.33,63.17,2.423,100.93,1479.2,11.01,0,0
7,2023-07-28,2263.0,6.12,62.38,2.108,100.21,1492.2,10.67,0,0
7,2023-07-29,2279.0,15.99,62.82,2.139,101.71,1498.2,11.56,0,0
7,2023-07-30,2292.9,13.86,64.07,2.022,101.52,1499.1,11.02,0,0
7,2023-07-31,2306.9,13.97,64.28,1.942,102.31,1494.3,11.11,0,0
7,2023-08-01,2320.2,13.3,64.4,2.096,101.67,1479.8,10.59,0,0
7,2023-08-02,2331.0,10.84,63.37,2.116,102.6,1494.1,11.11,0,0
7,2023-08-03,2337.9,6.88,63.18,2.268,101.36,1481.1,11.06,0,0
7,2023-08-04,2344.6,6.72,62.07,2.385,104.24,1481.7,11.29,0,0
7,2023-08-05,2359.8,15.16,63.02,2.295,102.76,1485.1,10.16,0,0
7,2023-08-06,2365.8,6.0,63.55,1.808,102.66,1501.5,10.58,0,0
7,2023-08-07,2378.8,12.99,64.47,2.004,102.77,1497.4,10.92,0,0
7,2023-08-08,2391.0,12.29,61.44,2.123,101.1,1495.7,10.93,0,0
7,2023-08-09,2402.1,11.01,63.04,2.013,101.9,1486.2,10.8,0,0
7,2023-08-10,2417.8,15.75,61.11,2.066,101.94,1490.0,10.36,0,0
7,2023-08-11,2425.8,7.98,61.77,1.751,101.68,1482.1,10.88,0,0
7,2023-08-12,2439.6,13.85,64.7,2.21,101.8,1504.0,10.91,0,0
7,2023-08-13,2452.4,12.75,62.08,1.792,102.98,1510.7,10.82,0,0
7,2023-08-14,2468.1,15.74,63.49,1.837,102.09,1497.5,10.81,0,0
7,2023-08-15,2483.5,15.34,64.4,1.921,102.45,1498.9,11.1,0,0
7,2023-08-16,2490.8,7.29,62.91,2.058,100.46,1491.8,10.77,0,0
7,2023-08-17,2499.8,9.08,62.15,,100.4,1480.1,10.44,0,0
7,2023-08-18,2514.3,14.51,63.5,1.914,101.2,1486.3,11.24,0,0
7,2023-08-19,2522.6,8.29,64.94,2.245,103.79,1489.4,11.22,0,0
7,2023-08-20,2532.4,9.79,64.37,2.056,104.16,1490.0,10.81,0,0
7,2023-08-21,2544.7,12.26,63.13,2.138,103.13,1488.2,11.08,0,0
7,2023-08-22,2556.3,11.63,62.82,1.888,101.75,1493.5,10.36,0,0
7,2023-08-23,2568.7,12.41,64.53,2.065,102.57,1486.3,10.77,0,0
7,2023-08-24,2581.9,13.13,61.92,2.053,103.41,1510.4,10.3,0,0
7,2023-08-25,2595.1,13.29,64.31,1.954,104.0,1482.2,11.15,0,0
7,2023-08-26,2608.5,13.38,62.85,2.065,101.0,1500.2,10.37,0,0
7,2023-08-27,2624.4,15.92,61.89,1.789,102.35,1491.0,10.69,0,0
7,2023-08-28,2634.0,9.57,61.61,2.139,101.82,1496.8,10.88,0,0
7,2023-08-29,2640.4,6.44,65.01,2.013,102.73,1497.1,11.06,0,0
7,2023-08-30,2649.9,9.49,63.18,2.034,102.2,1494.3,10.98,0,0
7,2023-08-31,2665.0,15.12,,2.201,101.15,1484.0,11.16,0,0
7,2023-09-01,2671.9,6.83,63.33,2.138,102.54,1490.4,11.06,0,0
7,2023-09-02,2684.3,12.47,62.81,2.025,101.45,1494.4,11.21,0,0
7,2023-09-03,2694.6,10.23,62.84,1.906,102.11,1493.9,10.29,0,0
7,2023-09-04,2709.8,15.22,62.88,2.272,102.16,1484.9,10.67,0,0
7,2023-09-05,2725.1,15.29,63.39,1.872,103.83,1503.4,10.95,0,0
7,2023-09-06,2738.9,13.85,64.13,2.167,102.47,1473.1,11.29,0,0
7,2023-09-07,2745.9,6.99,61.85,1.833,102.06,1491.1,10.67,0,0
7,2023-09-08,2752.2,6.25,64.73,2.211,102.87,1485.7,11.41,0,0
7,2023-09-09,2759.5,7.37,62.43,2.225,101.26,1494.5,10.92,0,0
7,2023-09-10,2768.7,9.22,63.63,1.786,102.25,1501.2,10.6,0,0
7,2023-09-11,2777.2,8.41,63.32,2.14,102.78,1481.8,10.47,0,0
7,2023-09-12,2786.9,9.7,,2.128,102.74,1511.9,11.04,0,0
7,2023-09-13,2794.3,7.43,64.51,2.178,101.62,1494.7,10.63,0,0
7,2023-09-14,2807.8,13.53,62.58,2.128,102.51,1496.1,10.74,0,0
7,2023-09-15,2822.3,14.45,64.8,1.929,102.83,1481.6,10.87,0,0
7,2023-09-16,2833.1,10.88,64.05,2.04,101.24,1492.7,10.88,0,0
7,2023-09-17,2848.7,15.57,62.63,2.323,101.54,1500.8,11.39,0,0
7,2023-09-18,2855.9,7.2,62.18,1.907,101.82,1494.8,10.94,0,0
7,2023-09-19,2863.0,7.06,64.44,2.121,104.48,1494.2,10.64,0,0
7,2023-09-20,2871.0,8.0,62.24,2.246,101.4,1492.7,10.59,0,0
7,2023-09-21,2886.8,15.82,63.24,1.924,102.47,1482.1,11.32,0,0
7,2023-09-22,2897.0,10.16,64.07,1.86,101.79,1482.0,10.66,0,0
7,2023-09-23,2912.2,15.24,63.84,1.883,101.21,1502.4,10.99,0,0
7,2023-09-24,2920.2,8.02,63.17,2.132,102.85,1500.1,10.87,0,0
7,2023-09-25,2934.7,14.46,62.65,1.882,100.74,1501.3,10.94,0,0
7,2023-09-26,2943.8,9.1,64.1,2.053,103.59,1486.5,11.24,0,0
7,2023-09-27,2957.1,13.34,61.5,2.279,101.11,1491.8,10.9,0,0
7,2023-09-28,2972.9,15.74,63.64,2.065,101.48,1502.9,11.06,0,0
7,2023-09-29,2988.2,15.33,62.08,1.956,102.72,1483.2,10.91,0,0
7,2023-09-30,3002.5,14.31,62.5,2.092,102.9,1502.1,10.68,0,0
7,2023-10-01,3009.0,6.5,63.75,2.063,102.38,1488.4,10.97,0,0
7,2023-10-02,3021.1,12.08,62.63,2.141,101.61,1486.2,10.62,0,0
7,2023-10-03,3035.5,14.35,64.53,2.316,100.55,1492.8,10.47,0,0
7,2023-10-04,3045.4,9.99,64.08,2.133,102.06,1484.1,10.99,0,0
7,2023-10-05,3058.8,13.31,62.68,2.378,101.3,1477.9,10.96,0,0
7,2023-10-06,3066.1,7.38,63.15,2.141,104.56,1493.7,10.93,0,0
7,2023-10-07,3073.9,7.77,62.27,1.958,102.28,1497.3,10.81,0,0
7,2023-10-08,3086.3,12.44,63.85,2.416,100.86,1502.8,10.8,0,0
7,2023-10-09,3096.7,10.37,64.95,2.054,101.81,1497.9,10.49,0,0
7,2023-10-10,3104.9,8.18,62.18,1.915,102.91,1508.8,10.26,0,0
7,2023-10-11,3113.7,8.83,63.57,2.422,103.31,1504.0,11.08,0,0
7,2023-10-12,3125.9,12.19,63.7,1.963,101.84,1499.0,11.08,0,0
7,2023-10-13,3139.2,13.25,62.13,1.957,102.03,1496.8,10.74,0,0
7,2023-10-14,3147.2,8.08,62.37,1.99,102.71,1502.9,11.26,0,0
7,2023-10-15,3162.8,15.55,61.57,2.098,101.21,1475.4,10.97,0,0
7,2023-10-16,3168.9,6.08,63.94,2.213,102.49,1489.2,10.92,0,0
7,2023-10-17,3181.9,13.0,63.02,1.676,102.43,1478.2,11.42,0,0
7,2023-10-18,3190.8,8.91,62.65,2.212,102.68,1498.4,10.44,0,0
7,2023-10-19,3201.6,10.79,65.44,1.99,102.11,1487.1,10.8,0,0
7,2023-10-20,3213.3,11.7,61.58,2.011,100.58,1517.2,10.56,0,0
7,2023-10-21,3224.9,11.62,64.66,2.33,102.37,1488.9,10.71,0,0
7,2023-10-22,3238.7,13.76,61.22,2.105,101.27,1493.9,10.8,0,0
7,2023-10-23,3252.9,14.24,62.86,2.14,103.87,1489.9,10.8,0,0
7,2023-10-24,3259.6,6.73,61.68,,103.9,1489.2,10.5,0,0
7,2023-10-25,3272.7,13.03,62.56,2.188,101.0,1483.1,10.84,0,0
7,2023-10-26,3282.6,9.99,62.84,2.316,101.29,1482.8,10.57,0,0
7,2023-10-27,3296.8,14.19,62.67,1.702,99.84,1475.6,11.18,0,0
7,2023-10-28,3308.9,12.09,63.63,2.236,102.88,1497.4,11.05,0,0
7,2023-10-29,3315.0,6.1,64.26,2.305,101.57,1489.7,10.92,0,0
7,2023-10-30,3327.7,12.66,63.26,2.148,102.42,1508.5,10.67,0,0
7,2023-10-31,3342.9,15.26,63.7,1.971,101.61,1483.1,10.86,0,0
7,2023-11-01,3349.8,6.83,64.94,1.9,100.54,1504.9,11.03,0,0
7,2023-11-02,3360.7,10.94,62.68,2.427,102.36,1505.7,10.71,0,0
7,2023-11-03,3373.0,12.26,64.28,1.937,103.44,1503.3,10.34,0,0
7,2023-11-04,3380.9,7.96,65.9,2.301,102.12,1495.0,11.03,0,0
7,2023-11-05,3393.4,12.51,65.19,2.132,101.12,1490.4,10.98,0,0
7,2023-11-06,3399.9,6.5,65.01,2.38,102.0,1503.3,10.91,0,0
7,2023-11-07,3415.0,15.06,64.11,2.025,102.66,1486.7,10.59,0,0
7,2023-11-08,3428.6,13.63,64.53,1.832,101.95,1495.2,11.11,0,0
7,2023-11-09,3444.0,15.41,62.89,2.073,101.05,1492.7,11.16,0,0
7,2023-11-10,3454.2,10.18,63.3,1.85,104.17,1485.9,10.9,0,0
7,2023-11-11,3460.6,6.34,63.18,2.475,100.63,1495.3,10.7,0,0
7,2023-11-12,3470.0,9.42,62.71,2.167,104.42,1499.0,10.7,0,0
7,2023-11-13,3481.1,11.16,63.52,2.19,102.05,1485.6,10.7,0,0
7,2023-11-14,3496.5,15.36,62.85,2.19,103.04,1496.8,10.68,0,0
7,2023-11-15,3511.3,14.83,63.44,1.969,102.36,1475.2,10.71,0,0
7,2023-11-16,3523.3,11.94,62.0,2.053,101.27,1484.7,10.91,0,0
7,2023-11-17,3536.6,13.3,62.84,2.09,103.48,1489.4,11.09,0,0
7,2023-11-18,3552.1,15.54,64.69,2.365,102.76,1495.9,11.25,0,0
7,2023-11-19,3566.6,14.51,63.57,1.899,102.05,1500.0,10.54,0,0
7,2023-11-20,3579.2,12.59,64.71,1.964,102.87,1493.7,10.59,0,0
7,2023-11-21,3590.6,11.4,62.77,2.019,102.01,1497.6,11.07,0,0
7,2023-11-22,3601.4,10.76,63.13,1.972,99.95,1491.8,10.54,0,0
7,2023-11-23,3614.9,13.57,63.59,1.854,100.44,1496.3,10.47,0,0
7,2023-11-24,3629.0,14.09,63.18,1.667,102.13,1495.9,10.53,0,0
7,2023-11-25,3637.2,8.18,61.98,1.799,101.83,1489.0,10.76,0,0
7,2023-11-26,3647.9,10.74,63.94,2.238,102.06,1490.2,11.31,0,0
7,2023-11-27,3661.6,13.71,62.39,2.072,101.81,1497.9,10.78,0,0
7,2023-11-28,3674.4,12.76,63.37,2.198,101.03,1507.6,10.9,0,0
7,2023-11-29,3686.3,11.92,61.25,1.986,100.76,1502.7,10.46,0,0
7,2023-11-30,3695.5,9.24,62.73,2.058,101.3,1484.0,11.14,0,0
7,2023-12-01,3707.6,12.09,63.25,2.315,102.9,1484.1,11.08,0,0
7,2023-12-02,3719.8,12.12,63.94,2.306,101.33,1488.8,10.68,0,0
7,2023-12-03,3730.1,10.32,62.14,2.214,103.19,1493.9,10.61,0,0
7,2023-12-04,3745.7,15.6,62.49,2.103,101.11,1493.5,11.1,0,0
7,2023-12-05,3758.2,12.53,65.14,2.151,103.33,1503.0,10.75,0,0
7,2023-12-06,3772.7,14.51,65.34,2.129,101.63,1503.4,10.62,0,0
7,2023-12-07,3780.0,7.29,63.89,,101.84,1493.1,10.71,0,0
7,2023-12-08,3793.6,13.57,64.66,2.012,101.85,1491.3,10.89,0,0
7,2023-12-09,3805.6,12.02,62.98,2.241,102.73,1497.2,11.04,0,0
7,2023-12-10,3814.7,9.08,64.03,1.879,102.4,1501.6,10.91,0,0
7,2023-12-11,3822.0,7.36,63.98,2.296,102.29,1497.5,10.9,0,0
7,2023-12-12,3831.8,9.8,62.44,2.032,102.07,1489.6,10.74,0,0
7,2023-12-13,3842.3,10.41,63.57,1.876,101.58,1488.2,10.86,0,0
7,2023-12-14,3849.7,7.41,63.08,1.991,103.24,1484.2,10.7,0,0
7,2023-12-15,3862.4,12.7,63.75,1.942,102.23,1494.6,10.74,0,0
7,2023-12-16,3871.4,9.07,62.84,1.987,102.72,1498.1,11.24,0,0
7,2023-12-17,3885.5,14.06,61.92,1.984,102.35,1499.0,10.83,0,0
7,2023-12-18,3898.0,12.48,63.39,1.978,101.73,1502.3,10.71,0,0
7,2023-12-19,3907.1,9.11,64.21,2.027,104.54,1504.9,10.61,0,0
7,2023-12-20,3916.7,9.6,64.21,2.063,103.38,1482.1,10.16,0,0
7,2023-12-21,3932.1,15.42,61.6,2.188,101.61,1496.3,11.44,0,0
7,2023-12-22,3947.6,15.48,63.56,2.036,104.2,1496.6,11.48,0,0
7,2023-12-23,3957.8,10.18,64.07,2.122,103.07,1492.5,11.01,0,0
7,2023-12-24,3970.6,12.79,64.63,2.218,100.3,1481.5,10.74,0,0
7,2023-12-25,3986.4,15.8,66.46,2.443,101.53,1494.7,12.11,0,0
7,2023-12-26,4002.3,15.94,,2.513,100.31,1473.4,11.11,0,0
7,2023-12-27,4009.0,6.72,66.68,2.553,99.31,1455.6,11.89,0,0
7,2023-12-28,4020.6,11.53,69.52,2.657,99.41,1468.3,11.49,0,0
7,2023-12-29,4033.8,13.27,69.7,2.971,97.99,1461.3,11.59,0,0
7,2023-12-30,4041.7,7.87,72.33,3.274,,1473.1,12.55,0,0
7,2023-12-31,4055.9,14.22,72.57,3.193,94.79,1457.2,12.83,0,0
7,2024-01-01,4066.6,10.68,72.48,3.267,94.54,1445.8,12.99,0,0
7,2024-01-02,4077.6,10.98,73.54,3.478,96.64,1441.7,13.64,0,0
7,2024-01-03,4086.3,8.74,73.72,3.577,94.55,1436.7,13.42,0,0
7,2024-01-04,4095.3,9.0,77.4,3.705,93.68,1451.1,13.91,0,0
7,2024-01-05,4102.2,6.84,77.7,3.733,92.5,1433.8,13.67,1,0
7,2024-01-06,4117.5,15.32,79.85,4.057,90.72,1412.1,14.53,1,0
7,2024-01-07,4127.3,9.82,80.3,4.274,89.44,1416.5,14.8,1,0
7,2024-01-08,4134.9,7.62,81.27,4.22,91.14,1413.2,14.54,1,0
7,2024-01-09,4142.3,7.42,83.08,4.395,91.06,1399.6,14.97,1,0
7,2024-01-10,4152.4,10.07,83.28,4.529,89.32,1389.2,14.88,1,0
7,2024-01-11,4164.7,12.32,84.15,4.608,87.4,1403.3,15.27,1,0
7,2024-01-12,4178.5,13.78,85.6,4.817,86.73,1387.1,15.79,0,1
7,2024-01-13,4193.8,15.25,64.22,2.043,102.84,1503.1,10.96,0,0
7,2024-01-14,4206.1,12.36,62.44,1.872,102.03,1493.1,10.3,0,0
7,2024-01-15,4216.3,10.21,64.3,2.052,101.99,1489.3,10.48,0,0
7,2024-01-16,4226.5,10.22,63.44,1.967,101.61,1473.7,10.64,0,0
7,2024-01-17,4238.3,11.74,62.99,1.934,,1502.9,10.88,0,0
7,2024-01-18,4249.7,11.38,63.56,2.13,102.03,1495.4,10.54,0,0
7,2024-01-19,4262.1,12.41,64.55,1.977,100.56,1489.5,10.39,0,0
7,2024-01-20,4273.1,11.03,64.55,2.002,102.77,1486.0,10.03,0,0
7,2024-01-21,4279.7,6.59,63.77,2.268,100.28,1505.9,11.44,0,0
7,2024-01-22,4290.7,11.01,64.0,1.935,103.21,1484.6,10.88,0,0
7,2024-01-23,4296.9,6.23,63.42,2.308,101.62,1490.1,10.38,0,0
7,2024-01-24,4304.7,7.81,62.79,2.021,102.03,1497.6,11.13,0,0
7,2024-01-25,4314.6,9.87,63.82,1.903,102.71,1504.7,11.27,0,0
7,2024-01-26,4326.1,11.51,62.93,1.99,101.86,1491.3,10.88,0,0
7,2024-01-27,4334.0,7.85,62.35,2.083,101.41,1487.2,11.0,0,0
7,2024-01-28,4342.7,8.76,62.96,2.261,102.43,1492.2,11.21,0,0
7,2024-01-29,4352.5,9.74,61.74,2.193,104.35,1500.3,11.0,0,0
7,2024-01-30,4360.5,7.97,62.14,2.083,102.93,1502.1,11.01,0,0
7,2024-01-31,4376.4,15.99,65.41,2.262,101.39,1482.1,10.36,0,0
7,2024-02-01,4390.5,14.05,64.5,1.791,101.8,1494.0,10.0,0,0
7,2024-02-02,4404.6,14.11,63.14,2.11,101.67,1481.6,11.08,0,0
7,2024-02-03,4416.3,11.69,63.9,2.119,101.12,1500.1,10.75,0,0
7,2024-02-04,4431.9,15.61,62.43,2.121,102.75,1496.5,10.68,0,0
7,2024-02-05,4445.2,13.32,64.04,1.831,101.82,1485.7,11.11,0,0
7,2024-02-06,4454.5,9.31,63.64,1.92,102.46,1505.3,10.53,0,0
7,2024-02-07,4466.6,12.11,62.67,2.048,99.53,1495.8,10.81,0,0
7,2024-02-08,4478.1,11.44,63.05,2.24,102.84,1494.9,10.83,0,0
7,2024-02-09,4489.9,11.8,62.98,2.36,101.56,1491.6,11.02,0,0
7,2024-02-10,4504.1,14.18,64.23,,101.14,1493.0,10.92,0,0
7,2024-02-11,4515.1,11.1,63.3,1.877,100.81,1490.0,10.92,0,0
7,2024-02-12,4528.4,13.29,61.8,2.195,101.23,1487.1,10.7,0,0
7,2024-02-13,4536.9,8.51,62.93,2.465,101.72,1502.9,10.7,0,0
7,2024-02-14,4552.3,15.32,,2.239,103.04,1489.1,10.92,0,0
7,2024-02-15,4559.1,6.86,61.9,1.961,101.7,1488.9,10.67,0,0
7,2024-02-16,4575.1,15.94,62.62,2.502,103.13,1492.0,10.57,0,0
7,2024-02-17,4587.4,12.33,61.22,2.176,102.44,1504.5,11.2,0,0
7,2024-02-18,4598.1,10.7,62.45,1.954,103.97,1502.1,10.61,0,0
7,2024-02-19,4607.2,9.11,63.57,2.363,101.65,1489.9,10.68,0,0
7,2024-02-20,4617.2,10.05,63.83,1.942,102.56,1502.9,11.19,0,0
7,2024-02-21,4631.1,13.82,63.88,1.98,103.4,1493.9,10.61,0,0
7,2024-02-22,4638.5,7.39,64.33,2.182,102.78,1486.3,10.91,0,0
7,2024-02-23,4647.0,8.53,64.57,2.069,101.98,1489.3,10.94,0,0
7,2024-02-24,4654.2,7.24,62.35,2.079,101.66,1504.1,10.79,0,0
7,2024-02-25,4664.5,10.27,62.0,2.079,100.2,1509.7,10.7,0,0
7,2024-02-26,4674.4,9.87,63.42,2.24,101.91,1495.6,10.48,0,0
7,2024-02-27,4686.9,12.49,63.92,1.724,101.22,1488.5,11.01,0,0
7,2024-02-28,4702.8,15.96,62.54,2.116,101.61,1492.1,11.15,0,0
7,2024-02-29,4717.7,14.92,63.64,2.029,102.2,1487.0,11.12,0,0
7,2024-03-01,4732.5,14.8,65.2,1.96,100.59,1488.1,10.93,0,0
7,2024-03-02,4745.0,12.46,62.04,1.96,101.15,1487.4,10.22,0,0
7,2024-03-03,4753.7,8.71,63.38,1.677,102.53,1492.4,11.05,0,0
7,2024-03-04,4763.5,9.84,64.42,1.953,100.88,1494.0,10.78,0,0
7,2024-03-05,4772.0,8.5,63.18,2.267,102.1,1491.9,10.64,0,0
7,2024-03-06,4779.4,7.35,63.79,2.198,100.75,1491.3,11.01,0,0
7,2024-03-07,4789.8,10.36,64.29,2.044,102.67,1499.2,10.88,0,0
7,2024-03-08,4804.7,14.98,63.08,1.861,102.8,1491.2,11.12,0,0
7,2024-03-09,4818.2,13.44,62.32,2.196,103.38,1491.8,10.92,0,0
7,2024-03-10,4834.0,15.85,63.28,2.269,103.39,1491.7,10.74,0,0
7,2024-03-11,4842.0,7.95,62.28,2.228,102.42,1505.4,10.71,0,0
7,2024-03-12,4853.0,11.01,62.83,1.928,100.39,1489.1,11.0,0,0
7,2024-03-13,4866.9,13.93,63.82,1.943,102.15,1497.8,10.42,0,0
7,2024-03-14,4877.5,10.6,63.56,2.321,102.61,1487.1,10.67,0,0
7,2024-03-15,4887.1,9.55,64.38,1.892,102.27,1495.9,10.16,0,0
7,2024-03-16,4901.2,14.16,63.61,2.145,103.81,1497.4,10.94,0,0
7,2024-03-17,4911.5,10.3,62.6,1.806,103.44,1501.7,11.01,0,0
7,2024-03-18,4926.6,15.13,62.38,2.028,102.17,1490.0,10.59,0,0
7,2024-03-19,4935.3,8.68,64.01,2.161,102.89,1484.2,10.49,0,0
7,2024-03-20,4950.3,14.96,63.62,2.069,100.68,1486.8,11.1,0,0
7,2024-03-21,4959.1,8.78,63.19,2.152,102.34,1500.8,10.6,0,0
7,2024-03-22,4968.0,8.9,63.72,1.889,100.88,1509.7,11.01,0,0
7,2024-03-23,4978.2,10.21,62.67,1.95,101.97,1499.8,10.81,0,0
7,2024-03-24,4989.3,11.16,60.93,2.145,101.47,1483.0,10.66,0,0
7,2024-03-25,4999.5,10.18,64.42,2.178,101.5,1499.5,10.99,0,0
7,2024-03-26,5014.1,14.62,64.03,2.106,101.33,1485.5,10.83,0,0
7,2024-03-27,5028.1,13.96,63.29,2.215,101.75,1490.3,11.27,0,0
7,2024-03-28,5037.2,9.1,62.48,1.824,101.58,1494.6,10.6,0,0
7,2024-03-29,5048.3,11.12,63.16,2.003,102.78,1495.9,10.42,0,0
7,2024-03-30,5058.6,10.31,61.65,2.346,101.88,1493.6,10.81,0,0
7,2024-03-31,5065.2,6.56,63.49,,102.1,1488.3,10.96,0,0
7,2024-04-01,5078.7,13.48,61.44,2.168,102.44,1501.6,10.76,0,0
7,2024-04-02,5086.5,7.82,63.48,2.05,102.43,1488.9,11.36,0,0
7,2024-04-03,5101.8,15.34,62.67,2.228,101.08,1503.1,11.18,0,0
7,2024-04-04,5111.8,9.98,63.23,2.137,101.88,1482.2,10.66,0,0
7,2024-04-05,5124.0,12.22,62.24,1.845,102.38,1494.8,10.84,0,0
7,2024-04-06,5138.2,14.18,64.89,2.222,101.27,1483.3,10.28,0,0
7,2024-04-07,5146.0,7.8,63.74,1.943,101.15,1486.4,11.13,0,0
7,2024-04-08,5157.4,11.41,62.69,2.187,100.97,1489.0,10.61,0,0
7,2024-04-09,5165.8,8.37,63.2,1.831,102.35,1505.2,10.88,0,0
7,2024-04-10,5176.9,11.1,64.98,2.313,101.85,1503.5,10.74,0,0
7,2024-04-11,5188.7,11.79,62.43,2.032,102.0,1500.1,10.37,0,0
7,2024-04-12,5196.4,7.69,62.27,1.907,100.37,1493.3,11.07,0,0
7,2024-04-13,5208.2,11.81,62.22,1.97,102.22,1494.6,10.5,0,0
7,2024-04-14,5218.7,10.55,62.7,2.022,102.27,1503.2,10.66,0,0
7,2024-04-15,5230.0,11.22,64.87,2.072,102.41,1498.7,11.07,0,0
7,2024-04-16,5245.0,15.05,62.82,2.271,103.59,1493.2,10.53,0,0
7,2024-04-17,5255.8,10.84,62.96,2.084,101.39,1505.0,11.26,0,0
7,2024-04-18,5266.6,10.76,63.58,1.747,102.63,1499.6,10.52,0,0
7,2024-04-19,5277.3,10.7,63.35,1.889,102.48,1495.0,10.47,0,0
7,2024-04-20,5289.5,12.23,64.35,2.487,102.6,1489.4,10.83,0,0
7,2024-04-21,5299.2,9.68,64.2,2.093,101.84,1488.7,11.31,0,0
7,2024-04-22,5313.2,14.01,63.7,2.216,102.91,1490.4,10.82,0,0
7,2024-04-23,5322.1,8.86,63.15,2.027,101.42,1496.7,11.11,0,0
7,2024-04-24,5331.1,9.0,64.34,1.922,101.68,1499.8,10.41,0,0
7,2024-04-25,5343.0,11.89,62.59,2.001,101.96,1481.5,10.71,0,0
7,2024-04-26,5351.6,8.6,62.53,2.092,101.92,1477.5,10.73,0,0
7,2024-04-27,5358.5,6.9,62.97,2.004,102.52,1485.5,10.44,0,0
7,2024-04-28,5366.5,8.06,64.54,2.361,102.41,1489.8,10.34,0,0
7,2024-04-29,5381.7,15.14,62.54,1.981,102.42,1502.6,10.74,0,0
7,2024-04-30,5387.8,6.11,62.78,1.915,103.47,1490.8,11.29,0,0
7,2024-05-01,5395.1,7.33,63.55,2.194,101.94,1495.1,10.88,0,0
7,2024-05-02,5408.7,13.58,63.32,2.213,103.2,1496.4,10.61,0,0
7,2024-05-03,5424.5,15.8,63.0,2.077,,1484.9,10.21,0,0
7,2024-05-04,5437.4,12.88,63.84,1.983,102.02,1504.8,10.71,0,0
7,2024-05-05,5452.6,15.22,62.9,1.788,102.08,1487.8,10.69,0,0
7,2024-05-06,5467.1,14.55,64.43,2.256,100.84,1505.6,10.93,0,0
7,2024-05-07,5477.9,10.8,63.61,2.203,102.19,1492.1,10.74,0,0
7,2024-05-08,5487.3,9.34,64.39,2.007,102.26,1490.4,11.01,0,0
7,2024-05-09,5499.6,12.32,62.59,2.082,102.74,1484.2,11.05,0,0
7,2024-05-10,5510.9,11.34,63.23,2.039,102.63,1494.7,10.8,0,0
7,2024-05-11,5517.2,6.26,61.48,2.317,100.87,1511.1,10.8,0,0
7,2024-05-12,5532.8,15.57,64.71,1.917,103.34,1496.4,10.83,0,0
7,2024-05-13,5544.5,11.7,65.67,1.98,101.68,1495.2,10.29,0,0
7,2024-05-14,5559.2,14.74,63.09,1.965,101.54,1487.7,11.03,0,0
7,2024-05-15,5572.6,13.35,63.75,2.12,102.64,1497.8,11.33,0,0
7,2024-05-16,5582.0,9.41,63.49,2.081,103.0,1494.3,10.83,0,0
7,2024-05-17,5597.0,15.01,62.09,2.103,101.67,1492.6,10.58,0,0
7,2024-05-18,5610.9,13.9,64.63,1.941,102.1,1497.0,10.81,0,0
7,2024-05-19,5621.2,10.3,63.1,2.296,103.06,1478.5,10.69,0,0
7,2024-05-20,5635.6,14.4,61.33,2.005,101.22,1492.3,10.83,0,0
7,2024-05-21,5644.3,8.72,62.66,2.251,99.35,1483.5,10.72,0,0
7,2024-05-22,5657.0,12.71,61.98,2.544,102.68,1493.3,10.17,0,0
7,2024-05-23,5664.2,7.15,63.5,1.942,103.06,1487.3,10.85,0,0
7,2024-05-24,5678.8,14.66,63.49,2.124,100.55,1487.8,11.48,0,0
7,2024-05-25,5692.1,13.29,64.56,2.053,102.13,1482.4,10.42,0,0
7,2024-05-26,5699.6,7.53,65.21,2.378,101.65,1502.0,11.15,0,0
7,2024-05-27,5705.8,6.21,65.29,2.031,102.28,1487.7,10.94,0,0
7,2024-05-28,5715.7,9.9,62.35,2.11,100.08,1488.1,10.54,0,0
7,2024-05-29,5728.5,12.75,64.0,2.107,100.88,1505.3,10.41,0,0
7,2024-05-30,5737.3,8.83,64.17,2.058,102.6,1497.6,10.9,0,0
7,2024-05-31,5753.1,15.73,62.85,2.186,102.01,1476.8,10.93,0,0
7,2024-06-01,5768.4,15.35,63.66,2.087,103.65,1504.2,10.36,0,0
7,2024-06-02,5780.4,11.98,63.78,2.145,102.74,1506.3,11.09,0,0
7,2024-06-03,5789.5,9.16,62.89,2.105,101.18,1505.5,10.67,0,0
7,2024-06-04,5804.5,14.96,64.66,1.982,102.87,1498.4,10.96,0,0
7,2024-06-05,5818.5,14.03,63.61,2.033,103.86,1484.3,11.03,0,0
7,2024-06-06,5825.4,6.86,63.21,2.156,102.07,1492.7,11.09,0,0
7,2024-06-07,5836.2,10.76,62.15,2.156,102.55,1481.5,10.52,0,0
7,2024-06-08,5852.0,15.81,64.53,2.26,102.97,1486.1,11.42,0,0
7,2024-06-09,5862.5,10.54,63.45,2.352,101.98,1484.2,10.54,0,0
7,2024-06-10,5877.8,15.33,63.46,1.995,100.03,1488.1,11.09,0,0
7,2024-06-11,5893.6,15.77,62.53,2.093,102.7,1494.4,10.67,0,0
7,2024-06-12,5903.5,9.87,64.27,,102.95,1489.5,10.83,0,0
7,2024-06-13,5919.1,15.65,62.24,,103.61,1489.2,10.78,0,0
7,2024-06-14,5926.5,7.38,61.17,2.158,101.05,1490.7,10.96,0,0
7,2024-06-15,5934.1,7.6,62.67,2.19,101.09,1505.1,11.13,0,0
7,2024-06-16,5942.9,8.77,63.72,1.911,101.46,1510.4,10.63,0,0
7,2024-06-17,5953.6,10.68,63.72,2.017,101.98,1489.5,10.55,0,0
7,2024-06-18,5961.4,7.81,63.52,2.002,102.69,1495.8,10.2,0,0
7,2024-06-19,5970.8,9.4,63.21,1.847,101.03,1486.3,10.87,0,0
7,2024-06-20,5977.8,7.04,63.54,,103.1,1499.2,10.77,0,0
7,2024-06-21,5988.1,10.3,66.24,1.901,103.05,1489.3,10.85,0,0
7,2024-06-22,6002.4,14.27,63.63,2.097,103.07,1487.4,10.79,0,0
7,2024-06-23,6014.3,11.95,62.96,2.113,101.84,1509.1,11.04,0,0
7,2024-06-24,6028.4,14.1,63.27,2.132,99.91,1482.2,10.67,0,0
7,2024-06-25,6035.8,7.36,63.17,2.139,103.75,1473.5,10.92,0,0
7,2024-06-26,6045.8,9.99,63.45,2.303,101.55,1499.0,10.81,0,0
7,2024-06-27,6052.2,6.39,62.47,1.952,102.86,1490.1,10.53,0,0
7,2024-06-28,6061.9,9.7,64.18,1.959,102.27,1487.9,10.61,0,0
7,2024-06-29,6074.0,12.14,63.67,2.171,103.28,1514.9,11.09,0,0
7,2024-06-30,6085.7,11.69,62.59,2.053,102.1,1498.9,11.06,0,0
7,2024-07-01,6092.3,6.6,64.4,2.242,102.22,1492.6,11.04,0,0
7,2024-07-02,6098.9,6.62,61.47,2.157,102.33,1487.4,10.77,0,0
7,2024-07-03,6108.0,9.05,65.53,2.361,102.56,1496.6,10.14,0,0
7,2024-07-04,6121.7,13.71,65.26,2.059,100.91,1479.2,10.32,0,0
7,2024-07-05,6127.9,6.21,65.1,1.851,104.02,1488.9,10.74,0,0
7,2024-07-06,6140.1,12.16,62.88,2.124,102.08,1492.8,10.36,0,0
7,2024-07-07,6147.9,7.84,63.62,,102.72,1494.8,11.16,0,0
7,2024-07-08,6163.3,15.44,62.76,2.153,103.66,1491.9,10.57,0,0
7,2024-07-09,6173.6,10.3,63.81,2.172,102.14,1487.5,10.73,0,0
7,2024-07-10,6180.1,6.48,63.4,1.993,101.15,1500.4,11.34,0,0
7,2024-07-11,6193.3,13.14,62.92,1.922,101.12,1479.9,11.13,0,0
7,2024-07-12,6204.1,10.85,62.91,2.051,101.7,1490.9,10.92,0,0
7,2024-07-13,6218.9,14.81,63.46,1.716,102.48,1488.9,10.88,0,0
7,2024-07-14,6231.4,12.52,66.31,2.085,102.59,1501.2,10.59,0,0
7,2024-07-15,6244.4,12.93,64.68,,103.28,1489.4,11.05,0,0
7,2024-07-16,6258.0,13.67,63.46,2.202,100.61,1496.6,10.88,0,0
7,2024-07-17,6268.2,10.2,63.2,1.775,102.37,1495.7,10.78,0,0
7,2024-07-18,6282.2,13.93,64.0,2.074,102.76,1478.4,11.01,0,0
7,2024-07-19,6288.7,6.51,62.76,2.309,102.73,1492.6,11.01,0,0
7,2024-07-20,6302.3,13.66,63.15,2.174,99.73,1479.1,10.53,0,0
7,2024-07-21,6314.7,12.36,61.43,2.22,101.78,1495.9,11.09,0,0
7,2024-07-22,6326.4,11.67,63.47,2.124,102.96,1487.2,10.79,0,0
7,2024-07-23,6335.5,9.18,63.49,1.824,101.33,1502.6,10.84,0,0
7,2024-07-24,6342.7,7.14,62.83,2.098,100.96,1491.6,10.42,0,0
7,2024-07-25,6355.2,12.47,63.83,2.134,102.71,1486.9,10.43,0,0
7,2024-07-26,6365.9,10.72,63.5,1.911,102.45,1502.7,10.38,0,0
7,2024-07-27,6374.0,8.18,62.85,2.054,102.38,1486.1,11.53,0,0
7,2024-07-28,6380.5,6.43,65.31,1.782,100.75,1495.3,11.74,0,0
7,2024-07-29,6391.9,11.39,65.42,2.312,99.33,1486.9,10.78,0,0
7,2024-07-30,6399.1,7.26,65.66,2.441,100.85,1475.2,11.08,0,0
7,2024-07-31,6414.4,15.29,66.06,2.861,102.48,1462.5,11.61,0,0
7,2024-08-01,6421.9,7.51,70.37,2.704,,1478.1,12.34,0,0
7,2024-08-02,6428.3,6.32,70.17,2.899,98.67,1467.2,12.43,0,0
7,2024-08-03,6436.9,8.62,71.24,3.072,96.72,1452.1,13.13,0,0
7,2024-08-04,6444.6,7.75,72.22,3.139,96.46,1455.2,12.63,0,0
7,2024-08-05,6458.5,13.91,74.59,3.48,95.33,1456.3,12.75,0,0
7,2024-08-06,6467.4,8.89,74.63,3.218,96.84,1444.2,13.21,0,0
7,2024-08-07,6475.9,8.45,77.15,3.831,93.09,1440.2,13.38,0,0
7,2024-08-08,6491.8,15.95,76.86,3.803,92.54,1441.6,13.66,0,0
7,2024-08-09,6499.3,7.5,75.15,4.145,92.47,1440.7,13.94,1,0
7,2024-08-10,6506.2,6.85,80.2,3.682,92.21,1422.4,14.78,1,0
7,2024-08-11,6515.2,9.06,80.36,3.873,92.23,1407.7,14.42,1,0
7,2024-08-12,6525.3,10.05,80.65,4.339,90.63,1403.0,14.3,1,0
7,2024-08-13,6538.9,13.6,82.01,4.603,89.62,1402.9,14.77,1,0
7,2024-08-14,6554.4,15.55,83.07,4.588,88.2,1396.0,15.31,1,0
7,2024-08-15,6568.1,13.64,83.25,4.903,88.4,1385.0,15.51,1,0
7,2024-08-16,6581.4,13.27,86.48,5.107,86.43,1408.3,15.73,0,1
7,2024-08-17,6597.3,15.91,62.93,2.173,102.35,1497.3,10.31,0,0
7,2024-08-18,6610.9,13.65,62.51,2.088,101.93,1488.9,10.35,0,0
7,2024-08-19,6618.3,7.4,67.68,2.087,101.16,1492.8,10.78,0,0
7,2024-08-20,6628.9,10.62,62.22,1.981,103.71,1478.8,10.95,0,0
7,2024-08-21,6640.0,11.04,63.29,2.065,101.17,1502.3,10.57,0,0
7,2024-08-22,6649.0,9.05,61.08,1.919,101.75,1477.5,11.27,0,0
7,2024-08-23,6656.7,7.64,64.63,1.955,100.56,1497.2,10.98,0,0
7,2024-08-24,6669.8,13.12,63.1,2.15,101.98,1478.4,10.66,0,0
7,2024-08-25,6678.5,8.77,64.19,2.004,102.58,1489.8,11.65,0,0
7,2024-08-26,6690.8,12.25,62.43,1.962,101.24,1503.0,10.68,0,0
7,2024-08-27,6700.0,9.23,,2.14,100.33,1480.0,10.71,0,0
7,2024-08-28,6711.1,11.06,62.63,2.13,101.77,1491.9,10.69,0,0
7,2024-08-29,6720.5,9.37,64.72,2.041,101.99,1498.1,10.83,0,0
7,2024-08-30,6730.6,10.12,63.95,2.051,101.91,1496.8,10.49,0,0
7,2024-08-31,6743.9,13.32,61.76,2.135,103.73,1493.6,11.04,0,0
7,2024-09-01,6758.7,14.84,60.96,2.218,102.48,1497.0,11.08,0,0
7,2024-09-02,6769.8,11.09,63.06,2.103,102.4,1488.2,11.02,0,0
7,2024-09-03,6781.9,12.1,64.47,1.894,102.48,1508.5,10.68,0,0
7,2024-09-04,6796.6,14.64,62.62,2.04,102.47,1480.2,10.68,0,0
7,2024-09-05,6804.0,7.43,64.45,2.012,101.7,1502.4,11.0,0,0
7,2024-09-06,6811.6,7.62,63.5,1.915,101.21,1494.6,10.88,0,0
7,2024-09-07,6821.2,9.59,65.13,2.148,104.62,1498.0,10.58,0,0
7,2024-09-08,6830.3,9.09,62.7,2.159,102.0,1499.4,10.21,0,0
7,2024-09-09,6846.2,15.86,63.32,2.182,102.17,1497.5,10.7,0,0
7,2024-09-10,6857.8,11.64,62.72,1.924,102.19,1486.6,10.97,0,0
7,2024-09-11,6869.0,11.24,64.36,2.097,101.39,1490.8,10.97,0,0
7,2024-09-12,6880.8,11.79,63.97,2.072,102.33,1481.5,10.36,0,0
7,2024-09-13,6895.6,14.75,61.68,2.119,100.87,1490.7,11.07,0,0
7,2024-09-14,6904.0,8.44,64.07,2.092,102.86,1495.7,11.37,0,0
7,2024-09-15,6915.1,11.11,61.89,2.071,101.89,1497.9,10.71,0,0
7,2024-09-16,6923.8,8.71,62.47,2.053,103.28,1496.2,10.76,0,0
7,2024-09-17,6937.6,13.81,64.12,2.239,102.66,1479.0,10.66,0,0
7,2024-09-18,6951.4,13.77,62.12,1.944,102.54,1488.6,10.71,0,0
7,2024-09-19,6967.0,15.57,,2.047,101.35,1487.8,11.18,0,0
7,2024-09-20,6977.5,10.47,64.14,2.235,102.22,1482.6,10.58,0,0
7,2024-09-21,6985.0,7.59,63.79,1.951,102.9,1486.4,10.89,0,0
7,2024-09-22,7000.0,14.96,63.73,1.959,102.26,1493.1,10.73,0,0
7,2024-09-23,7014.9,14.91,64.17,2.183,100.79,1504.4,10.87,0,0
7,2024-09-24,7023.3,8.35,64.68,1.859,103.13,1485.5,10.73,0,0
7,2024-09-25,7032.0,8.76,,2.172,102.9,1484.0,11.06,0,0
7,2024-09-26,7041.2,9.13,63.71,2.0,100.65,1488.3,11.13,0,0
7,2024-09-27,7051.7,10.52,64.34,2.134,102.27,1495.8,10.93,0,0
7,2024-09-28,7066.0,14.29,64.15,1.89,102.96,1502.9,10.75,0,0
7,2024-09-29,7073.4,7.44,63.22,2.251,101.55,1492.4,11.05,0,0
7,2024-09-30,7086.4,13.0,63.16,1.89,100.82,1481.5,10.59,0,0
7,2024-10-01,7095.9,9.53,64.2,2.182,101.07,1483.2,10.95,0,0
7,2024-10-02,7103.9,7.96,63.59,1.897,102.04,1494.6,10.66,0,0
7,2024-10-03,7113.3,9.38,64.47,2.344,103.08,1501.0,10.88,0,0
7,2024-10-04,7124.6,11.33,63.49,2.062,101.06,1507.6,10.53,0,0
7,2024-10-05,7139.8,15.21,63.0,2.366,101.07,1483.6,11.17,0,0
7,2024-10-06,7152.1,12.28,61.61,1.95,101.84,1494.2,10.44,0,0
7,2024-10-07,7164.2,12.07,63.15,2.007,102.83,1484.8,10.78,0,0
7,2024-10-08,7171.3,7.09,62.15,2.255,103.9,1485.9,10.37,0,0
7,2024-10-09,7178.1,6.8,61.55,1.859,102.24,1485.2,11.17,0,0
7,2024-10-10,7185.4,7.29,62.51,1.968,101.47,1490.4,11.28,0,0
7,2024-10-11,7192.3,6.96,64.08,2.147,101.35,1486.0,10.46,0,0
7,2024-10-12,7204.1,11.76,63.14,1.92,103.52,1512.9,10.91,0,0
7,2024-10-13,7214.6,10.53,63.56,2.151,100.88,1489.4,10.73,0,0
7,2024-10-14,7220.7,6.05,64.05,2.099,102.34,1501.0,10.97,0,0
7,2024-10-15,7230.2,9.51,63.34,1.846,103.46,1487.8,11.29,0,0
7,2024-10-16,7237.4,7.27,62.69,2.218,101.99,1510.9,10.93,0,0
7,2024-10-17,7253.3,15.88,62.93,1.884,101.07,1495.8,10.59,0,0
7,2024-10-18,7263.9,10.6,64.15,2.189,102.68,1499.8,10.61,0,0
7,2024-10-19,7274.2,10.26,63.35,2.092,102.25,1488.3,10.71,0,0
7,2024-10-20,7286.6,12.44,60.83,2.005,102.62,1500.9,10.6,0,0
7,2024-10-21,7296.2,9.57,63.02,1.907,102.73,1495.8,11.05,0,0
7,2024-10-22,7309.4,13.16,63.91,2.122,102.66,1490.0,11.07,0,0
7,2024-10-23,7324.4,15.05,63.56,1.942,102.44,1484.4,11.19,0,0
7,2024-10-24,7335.4,10.99,62.36,2.254,102.82,1491.2,10.69,0,0
7,2024-10-25,7345.2,9.83,62.63,2.26,103.5,1490.5,11.16,0,0
7,2024-10-26,7356.4,11.22,61.43,2.319,101.36,1500.0,11.32,0,0
7,2024-10-27,7368.5,12.04,63.93,2.115,101.88,1491.2,10.42,0,0
7,2024-10-28,7383.0,14.48,64.0,2.012,102.94,1477.7,10.67,0,0
7,2024-10-29,7392.9,9.94,63.24,2.028,102.07,1498.2,10.78,0,0
7,2024-10-30,7399.4,6.51,63.03,2.017,100.88,1503.4,11.06,0,0
7,2024-10-31,7411.7,12.31,62.3,2.11,102.48,1479.7,11.22,0,0
7,2024-11-01,7427.6,15.87,63.71,2.138,101.66,1507.5,10.3,0,0
7,2024-11-02,7442.1,14.54,61.74,2.258,104.27,1504.2,10.62,0,0
7,2024-11-03,7455.7,13.58,64.15,2.076,103.14,1488.0,11.16,0,0
7,2024-11-04,7463.5,7.77,63.96,1.863,103.31,1484.1,10.56,0,0
7,2024-11-05,7477.0,13.49,64.55,2.012,102.19,1501.5,11.06,0,0
7,2024-11-06,7483.8,6.81,63.43,2.306,102.46,1482.1,10.99,0,0
7,2024-11-07,7494.7,10.94,62.86,1.84,101.8,1487.7,11.05,0,0
7,2024-11-08,7504.4,9.71,63.81,2.184,101.31,1482.6,11.05,0,0
7,2024-11-09,7519.5,15.05,64.16,2.014,101.24,1493.1,10.69,0,0
7,2024-11-10,7527.1,7.6,62.22,1.94,104.28,1504.8,10.74,0,0
7,2024-11-11,7541.0,13.89,63.31,2.132,102.54,1496.1,10.71,0,0
7,2024-11-12,7547.5,6.49,63.64,2.307,100.82,1501.2,10.88,0,0
7,2024-11-13,7560.5,13.02,63.86,2.124,103.11,1490.3,10.18,0,0
7,2024-11-14,7569.4,8.94,63.03,2.034,104.77,1493.9,10.96,0,0
7,2024-11-15,7585.2,15.76,64.01,1.879,100.61,1483.3,11.33,0,0
7,2024-11-16,7597.9,12.72,62.42,2.058,102.75,1492.3,10.88,0,0
7,2024-11-17,7607.0,9.09,65.4,1.873,101.02,1487.1,10.78,0,0
7,2024-11-18,7615.3,8.36,62.75,2.027,103.3,1491.8,10.84,0,0
7,2024-11-19,7627.7,12.39,63.79,2.064,100.01,1491.2,10.98,0,0
7,2024-11-20,7636.4,8.73,62.82,1.719,102.23,1490.6,11.16,0,0
7,2024-11-21,7644.3,7.87,63.48,2.281,102.59,1509.9,10.8,0,0
7,2024-11-22,7656.8,12.48,62.3,1.887,100.76,1507.2,10.77,0,0
7,2024-11-23,7670.0,13.24,64.45,2.045,102.59,1504.4,10.4,0,0
7,2024-11-24,7678.4,8.38,62.56,2.153,101.68,1507.4,10.83,0,0
7,2024-11-25,7689.8,11.36,63.46,2.269,103.87,1504.4,10.46,0,0
7,2024-11-26,7702.4,12.64,63.31,1.954,,1492.9,10.65,0,0
7,2024-11-27,7717.8,15.42,62.68,1.697,103.06,1492.1,11.08,0,0
7,2024-11-28,7731.9,14.03,60.83,2.235,102.05,1495.0,11.12,0,0
7,2024-11-29,7742.1,10.21,64.44,1.886,103.44,1491.4,10.96,0,0
7,2024-11-30,7756.5,14.44,63.52,2.127,103.46,1484.8,11.18,0,0
7,2024-12-01,7766.9,10.42,61.64,2.136,101.9,1495.4,10.32,0,0
7,2024-12-02,7774.2,7.3,61.46,1.585,102.1,1480.5,11.31,0,0
7,2024-12-03,7783.6,9.41,63.06,1.831,103.06,1494.2,10.56,0,0
7,2024-12-04,7797.7,14.05,63.3,2.004,102.67,1485.1,10.91,0,0
7,2024-12-05,7813.3,15.56,63.16,1.685,102.03,1492.4,10.62,0,0
7,2024-12-06,7829.1,15.84,64.82,1.872,101.31,1494.6,10.91,0,0
7,2024-12-07,7841.5,12.39,61.71,2.091,102.51,1490.3,10.82,0,0
7,2024-12-08,7852.3,10.78,63.59,2.06,101.04,1480.0,11.16,0,0
7,2024-12-09,7859.9,7.62,64.02,2.118,102.8,1483.6,11.56,0,0
7,2024-12-10,7866.9,7.03,64.0,2.14,103.26,1496.7,11.08,0,0
7,2024-12-11,7878.1,11.19,64.27,1.821,101.32,1488.6,10.78,0,0
7,2024-12-12,7891.4,13.28,63.49,1.88,101.73,1497.6,11.28,0,0
7,2024-12-13,7900.6,9.24,63.62,2.187,101.52,1493.2,10.31,0,0
7,2024-12-14,7913.4,12.75,63.05,,103.2,1491.5,10.64,0,0
7,2024-12-15,7925.1,11.71,61.87,1.928,102.2,1495.9,10.75,0,0
7,2024-12-16,7940.5,15.41,63.71,2.112,101.78,1487.7,10.73,0,0
7,2024-12-17,7948.6,8.1,62.97,2.194,102.79,1496.3,10.6,0,0
7,2024-12-18,7960.5,11.91,62.63,2.109,101.67,1489.7,11.03,0,0
7,2024-12-19,7970.6,10.14,63.75,2.036,101.94,1513.4,10.82,0,0
7,2024-12-20,7979.2,8.62,63.84,1.977,101.03,1484.0,10.78,0,0
7,2024-12-21,7988.8,9.57,62.67,2.371,102.99,1490.2,11.24,0,0
7,2024-12-22,7997.7,8.95,63.63,2.087,101.06,1490.5,10.68,0,0
7,2024-12-23,8009.0,11.28,63.3,2.131,103.58,1482.3,11.13,0,0
7,2024-12-24,8020.6,11.58,63.57,2.122,102.39,1498.9,10.73,0,0
7,2024-12-25,8035.3,14.66,64.63,1.951,101.99,1489.6,10.74,0,0
7,2024-12-26,8049.1,13.81,63.82,2.081,102.13,1474.0,10.59,0,0
7,2024-12-27,8058.1,9.03,63.74,2.025,103.86,1498.6,10.38,0,0
7,2024-12-28,8073.4,15.31,62.49,2.022,,1488.0,10.62,0,0
7,2024-12-29,8088.1,14.68,62.63,2.121,100.88,1492.2,10.28,0,0
7,2024-12-30,8100.4,12.26,63.86,1.936,103.11,1498.5,10.89,0,0
8,2023-01-01,15.1,15.08,66.88,2.214,101.31,1522.1,12.71,0,0
8,2023-01-02,21.2,6.16,67.36,2.666,102.2,1497.4,12.33,0,0
8,2023-01-03,27.9,6.68,66.84,2.359,101.39,1506.8,12.6,0,0
8,2023-01-04,41.1,13.22,68.65,2.372,102.6,1530.3,12.76,0,0
8,2023-01-05,50.7,9.54,68.13,2.343,102.12,1515.2,12.19,0,0
8,2023-01-06,66.5,15.87,69.86,2.421,101.63,1505.6,11.96,0,0
8,2023-01-07,74.7,8.16,67.26,2.17,100.93,1503.1,12.31,0,0
8,2023-01-08,82.5,7.83,,2.313,102.81,1503.9,12.8,0,0
8,2023-01-09,94.4,11.88,68.83,2.1,102.25,1506.4,12.18,0,0
8,2023-01-10,103.2,8.79,68.03,2.316,,1521.8,12.72,0,0
8,2023-01-11,112.6,9.4,66.7,2.41,102.22,1518.4,12.34,0,0
8,2023-01-12,127.8,15.21,68.2,2.472,102.3,1522.5,12.95,0,0
8,2023-01-13,134.1,6.26,68.04,2.378,100.23,1505.5,13.09,0,0
8,2023-01-14,145.4,11.31,65.85,2.429,102.0,1498.1,12.73,0,0
8,2023-01-15,154.8,9.35,66.99,2.134,101.38,1519.1,11.92,0,0
8,2023-01-16,164.2,9.46,67.83,2.41,102.52,1513.5,11.7,0,0
8,2023-01-17,172.7,8.48,69.09,,102.03,1507.6,12.44,0,0
8,2023-01-18,180.0,7.35,68.34,2.456,102.68,1522.0,12.69,0,0
8,2023-01-19,186.4,6.34,67.08,2.275,103.83,1524.4,12.57,0,0
8,2023-01-20,202.3,15.88,66.93,2.412,100.9,1527.8,12.2,0,0
8,2023-01-21,214.9,12.6,68.44,2.591,102.64,1505.8,11.97,0,0
8,2023-01-22,228.6,13.77,65.22,2.472,102.38,1523.8,12.7,0,0
8,2023-01-23,235.3,6.65,66.84,2.476,103.67,1517.1,12.98,0,0
8,2023-01-24,241.4,6.15,69.05,2.269,102.4,1509.0,12.22,0,0
8,2023-01-25,253.4,12.0,67.94,2.332,102.3,1523.7,12.67,0,0
8,2023-01-26,266.7,13.24,66.88,2.376,102.55,1506.9,13.2,0,0
8,2023-01-27,276.6,9.95,,2.658,102.62,1509.0,12.36,0,0
8,2023-01-28,286.5,9.88,68.48,2.25,103.15,1521.2,12.37,0,0
8,2023-01-29,296.4,9.84,67.72,2.425,100.87,1509.1,12.59,0,0
8,2023-01-30,303.9,7.53,67.42,,101.3,1517.3,12.33,0,0
8,2023-01-31,317.4,13.54,68.02,2.498,103.43,1510.0,12.82,0,0
8,2023-02-01,325.6,8.15,67.81,2.349,99.74,1515.4,12.3,0,0
8,2023-02-02,334.8,9.24,67.73,2.338,101.61,1516.0,12.41,0,0
8,2023-02-03,347.5,12.71,66.32,2.676,101.84,1506.3,11.99,0,0
8,2023-02-04,353.5,6.0,66.62,2.346,101.52,1515.7,12.35,0,0
8,2023-02-05,367.2,13.66,68.39,2.324,,1509.8,12.12,0,0
8,2023-02-06,382.2,14.99,68.2,2.526,102.17,1506.4,12.52,0,0
8,2023-02-07,388.7,6.52,68.02,2.406,101.31,1505.1,11.92,0,0
8,2023-02-08,400.6,11.92,67.06,2.191,101.06,1505.2,12.71,0,0
8,2023-02-09,410.7,10.08,68.41,2.533,101.98,1509.2,12.16,0,0
8,2023-02-10,417.5,6.78,67.27,2.327,102.86,1518.6,12.95,0,0
8,2023-02-11,430.3,12.82,68.94,2.325,101.83,1503.1,12.83,0,0
8,2023-02-12,442.4,12.12,66.9,2.786,101.56,1514.7,12.58,0,0
8,2023-02-13,454.9,12.43,67.12,2.351,101.0,1517.0,11.96,0,0
8,2023-02-14,469.0,14.13,67.49,2.397,102.07,1522.0,12.23,0,0
8,2023-02-15,477.9,8.87,68.49,2.523,102.01,1509.6,12.15,0,0
8,2023-02-16,490.6,12.77,67.61,2.247,100.97,1515.3,12.19,0,0
8,2023-02-17,504.1,13.43,67.68,2.47,102.72,1504.8,12.89,0,0
8,2023-02-18,511.8,7.69,67.25,2.525,103.4,1503.6,12.37,0,0
8,2023-02-19,527.3,15.57,67.91,2.585,101.74,1516.9,12.22,0,0
8,2023-02-20,536.7,9.4,67.57,2.485,102.0,1530.6,12.19,0,0
8,2023-02-21,549.9,13.14,66.86,2.221,100.59,1519.3,12.26,0,0
8,2023-02-22,563.4,13.54,67.77,2.452,102.43,1504.3,12.58,0,0
8,2023-02-23,574.4,11.04,67.79,2.185,102.16,1505.0,11.93,0,0
8,2023-02-24,581.7,7.29,69.99,,101.37,1518.9,12.45,0,0
8,2023-02-25,590.5,8.76,67.03,2.548,100.95,1519.8,12.55,0,0
8,2023-02-26,598.8,8.34,66.8,2.42,103.54,1514.4,11.9,0,0
8,2023-02-27,610.0,11.19,67.92,2.414,102.08,1512.3,11.99,0,0
8,2023-02-28,618.6,8.61,66.65,2.385,,1518.2,12.4,0,0
8,2023-03-01,630.1,11.47,66.57,2.383,102.55,1505.8,12.85,0,0
8,2023-03-02,639.0,8.88,66.21,2.532,101.92,1522.2,12.78,0,0
8,2023-03-03,645.0,6.01,66.87,2.34,101.75,1516.8,12.24,0,0
8,2023-03-04,654.6,9.63,66.89,2.715,102.67,1507.6,12.84,0,0
8,2023-03-05,666.7,12.07,66.36,2.412,99.08,1513.3,12.32,0,0
8,2023-03-06,680.4,13.74,67.39,2.573,99.89,1541.8,12.32,0,0
8,2023-03-07,686.7,6.28,65.28,2.138,103.07,1511.7,12.45,0,0
8,2023-03-08,695.3,8.58,68.13,2.3,101.57,1518.5,12.67,0,0
8,2023-03-09,711.1,15.85,67.09,2.524,101.27,1520.7,12.24,0,0
8,2023-03-10,719.8,8.62,67.23,,100.36,1515.5,12.3,0,0
8,2023-03-11,733.5,13.77,68.23,2.391,101.89,1510.8,12.04,0,0
8,2023-03-12,744.6,11.09,68.01,2.545,102.01,1508.2,12.52,0,0
8,2023-03-13,751.8,7.22,67.01,2.705,103.13,1512.6,12.7,0,0
8,2023-03-14,764.3,12.43,68.09,2.213,102.07,1512.9,12.72,0,0
8,2023-03-15,779.9,15.66,69.19,2.537,101.39,1524.2,12.01,0,0
8,2023-03-16,794.8,14.87,66.63,2.32,102.1,1526.8,12.3,0,0
8,2023-03-17,807.7,12.9,68.4,2.515,102.8,1528.5,12.79,0,0
8,2023-03-18,818.8,11.12,66.53,2.318,102.59,1511.2,12.49,0,0
8,2023-03-19,828.0,9.19,68.82,2.466,102.32,1522.4,12.43,0,0
8,2023-03-20,837.6,9.57,66.93,2.48,101.97,1516.2,12.42,0,0
8,2023-03-21,847.1,9.46,66.89,2.282,101.11,1505.4,12.58,0,0
8,2023-03-22,862.3,15.22,68.79,2.315,100.66,1502.1,12.5,0,0
8,2023-03-23,870.4,8.11,68.36,2.358,100.5,1511.4,12.25,0,0
8,2023-03-24,880.2,9.78,66.96,2.143,102.09,1512.9,12.68,0,0
8,2023-03-25,890.5,10.32,67.77,2.455,102.19,1506.9,12.06,0,0
8,2023-03-26,900.6,10.09,66.93,2.607,102.79,1523.9,12.82,0,0
8,2023-03-27,906.6,6.04,66.05,2.198,102.26,1525.9,12.15,0,0
8,2023-03-28,915.3,8.71,67.83,2.485,102.74,1512.5,12.58,0,0
8,2023-03-29,926.3,10.99,67.29,2.438,101.56,1526.3,12.37,0,0
8,2023-03-30,939.9,13.6,66.7,2.283,102.46,1517.4,12.28,0,0
8,2023-03-31,951.6,11.69,68.95,2.693,100.69,1498.3,12.83,0,0
8,2023-04-01,961.5,9.85,66.73,2.559,101.63,1497.8,12.64,0,0
8,2023-04-02,974.1,12.65,67.79,2.572,99.86,1516.7,12.4,0,0
8,2023-04-03,986.8,12.66,68.72,2.393,101.73,1512.8,12.94,0,0
8,2023-04-04,995.3,8.48,67.39,2.16,102.92,1506.6,12.71,0,0
8,2023-04-05,1002.3,7.04,66.91,2.412,101.76,1517.5,12.18,0,0
8,2023-04-06,1016.3,14.03,67.94,2.368,102.42,1531.5,11.74,0,0
8,2023-04-07,1027.6,11.3,68.1,2.54,101.97,1514.6,12.45,0,0
8,2023-04-08,1035.4,7.77,68.52,2.298,101.12,1510.6,12.83,0,0
8,2023-04-09,1044.0,8.62,69.51,2.587,101.51,1508.4,12.6,0,0
8,2023-04-10,1057.7,13.66,67.19,2.293,102.87,1504.5,12.89,0,0
8,2023-04-11,1070.2,12.53,67.84,2.492,102.41,1520.5,12.24,0,0
8,2023-04-12,1085.7,15.45,66.37,2.274,101.08,1510.6,12.38,0,0
8,2023-04-13,1096.3,10.65,68.31,2.381,100.31,1512.9,12.39,0,0
8,2023-04-14,1102.8,6.52,67.83,2.187,101.9,1510.7,12.49,0,0
8,2023-04-15,1115.8,13.0,67.46,2.397,101.11,1526.8,12.65,0,0
8,2023-04-16,1124.4,8.55,67.02,2.235,101.52,1502.6,12.91,0,0
8,2023-04-17,1133.6,9.24,67.29,2.47,100.24,1519.5,12.97,0,0
8,2023-04-18,1141.6,7.97,67.88,2.491,102.73,1521.0,12.92,0,0
8,2023-04-19,1150.7,9.09,66.68,2.385,101.6,1508.1,12.62,0,0
8,2023-04-20,1165.0,14.29,67.34,2.288,101.75,1518.9,12.32,0,0
8,2023-04-21,1176.7,11.77,67.66,2.447,100.86,1512.6,12.49,0,0
8,2023-04-22,1183.8,7.09,66.1,2.529,101.42,1520.5,12.62,0,0
8,2023-04-23,1195.7,11.87,66.59,2.361,101.82,1506.3,12.46,0,0
8,2023-04-24,1208.0,12.34,66.98,2.322,101.08,1516.2,12.14,0,0
8,2023-04-25,1222.9,14.85,69.21,2.197,101.48,1514.6,12.28,0,0
8,2023-04-26,1237.5,14.6,66.81,2.419,103.08,1518.3,12.68,0,0
8,2023-04-27,1244.1,6.63,67.59,2.545,99.94,1495.0,12.35,0,0
8,2023-04-28,1258.8,14.67,66.6,2.601,101.88,1508.3,12.43,0,0
8,2023-04-29,1265.3,6.51,66.87,2.422,100.91,1518.7,12.4,0,0
8,2023-04-30,1272.8,7.54,66.2,2.176,103.03,1528.0,12.15,0,0
8,2023-05-01,1279.9,7.12,68.31,2.316,101.51,1522.4,12.37,0,0
8,2023-05-02,1287.8,7.82,66.32,2.562,100.65,1517.2,12.28,0,0
8,2023-05-03,1301.8,14.03,68.55,2.51,101.48,1507.2,12.21,0,0
8,2023-05-04,1314.7,12.86,68.11,2.231,102.04,1516.4,12.1,0,0
8,2023-05-05,1327.5,12.87,,2.683,104.47,1518.7,12.39,0,0
8,2023-05-06,1342.7,15.22,68.58,2.224,99.58,1528.3,12.6,0,0
8,2023-05-07,1352.7,9.92,70.75,2.328,100.49,1506.9,12.76,0,0
8,2023-05-08,1358.7,6.03,68.12,2.462,103.0,1511.0,12.0,0,0
8,2023-05-09,1371.1,12.4,66.52,2.375,100.19,1530.1,12.9,0,0
8,2023-05-10,1385.8,14.68,69.13,2.338,101.7,1512.4,12.51,0,0
8,2023-05-11,1401.5,15.76,67.83,2.389,101.21,1517.9,12.08,0,0
8,2023-05-12,1411.2,9.64,69.75,2.54,101.05,1505.5,12.3,0,0
8,2023-05-13,1425.4,14.22,67.14,2.675,101.52,1511.3,11.86,0,0
8,2023-05-14,1439.9,14.49,68.92,2.432,101.36,1516.6,11.93,0,0
8,2023-05-15,1447.3,7.44,67.64,2.292,102.75,1511.0,12.94,0,0
8,2023-05-16,1459.6,12.31,70.3,2.402,103.02,1515.5,12.21,0,0
8,2023-05-17,1467.4,7.73,67.36,2.683,102.12,1516.1,12.58,0,0
8,2023-05-18,1477.8,10.47,70.64,2.508,101.46,1514.6,12.39,0,0
8,2023-05-19,1492.6,14.79,68.08,2.587,101.95,1508.0,12.42,0,0
8,2023-05-20,1506.5,13.89,68.49,2.511,102.5,1520.6,12.53,0,0
8,2023-05-21,1518.2,11.7,69.34,2.528,102.7,1515.5,11.79,0,0
8,2023-05-22,1532.3,14.09,66.85,2.394,102.06,1508.7,12.81,0,0
8,2023-05-23,1539.9,7.53,68.61,2.603,103.22,1507.6,12.39,0,0
8,2023-05-24,1547.8,7.95,67.35,1.962,101.08,1505.8,12.27,0,0
8,2023-05-25,1555.9,8.09,67.79,2.472,102.83,1523.6,12.56,0,0
8,2023-05-26,1569.7,13.76,67.73,2.458,102.4,1508.3,12.2,0,0
8,2023-05-27,1584.6,14.91,68.21,,101.08,1506.7,12.48,0,0
8,2023-05-28,1596.2,11.63,68.17,2.438,101.93,1506.1,12.37,0,0
8,2023-05-29,1611.8,15.58,67.07,,102.0,1498.1,12.63,0,0
8,2023-05-30,1625.0,13.28,67.77,2.127,101.55,1531.6,12.35,0,0
8,2023-05-31,1636.7,11.64,65.31,2.441,101.54,1514.7,12.11,0,0
8,2023-06-01,1648.8,12.12,68.63,2.581,100.17,1506.9,12.53,0,0
8,2023-06-02,1663.3,14.5,69.34,2.639,,1511.3,12.34,0,0
8,2023-06-03,1670.2,6.9,67.83,2.481,101.46,1504.0,11.87,0,0
8,2023-06-04,1677.9,7.68,66.04,2.374,101.12,1515.5,12.48,0,0
8,2023-06-05,1686.5,8.66,68.39,2.533,100.84,1512.8,12.26,0,0
8,2023-06-06,1701.5,14.95,66.88,2.261,102.76,1522.9,12.52,0,0
8,2023-06-07,1716.9,15.45,69.03,2.678,100.73,1501.7,12.28,0,0
8,2023-06-08,1726.5,9.56,70.75,2.725,102.14,1503.4,12.28,0,0
8,2023-06-09,1741.7,15.24,71.82,3.081,99.34,1493.9,13.11,0,0
8,2023-06-10,1753.2,11.47,73.56,3.005,99.3,1480.1,13.13,0,0
8,2023-06-11,1763.9,10.73,73.84,3.506,97.19,1483.1,12.99,0,0
8,2023-06-12,1778.3,14.33,75.07,3.602,95.88,1472.8,13.23,0,0
8,2023-06-13,1789.7,11.46,76.85,3.647,95.94,1474.7,13.46,0,0
8,2023-06-14,1800.3,10.54,77.25,3.807,96.11,1463.2,13.33,0,0
8,2023-06-15,1806.4,6.16,77.84,4.191,93.87,1449.4,13.08,0,0
8,2023-06-16,1812.6,6.13,80.19,4.431,93.55,1453.6,13.65,0,0
8,2023-06-17,1824.8,12.28,79.82,4.229,92.5,1442.0,13.97,0,0
8,2023-06-18,1831.6,6.73,82.08,4.407,91.28,1428.8,13.96,0,0
8,2023-06-19,1844.9,13.37,81.99,4.82,90.47,1433.8,13.92,1,0
8,2023-06-20,1857.2,12.22,84.02,4.443,88.66,1426.4,14.18,1,0
8,2023-06-21,1867.7,10.58,85.27,4.586,88.79,1405.5,14.06,1,0
8,2023-06-22,1880.8,13.1,86.01,5.029,88.6,1400.1,14.55,1,0
8,2023-06-23,1896.8,15.93,89.31,5.362,87.38,1400.2,14.76,1,0
8,2023-06-24,1905.2,8.46,90.43,5.322,86.41,1389.6,14.08,1,0
8,2023-06-25,1916.8,11.57,91.94,5.472,86.09,1383.1,14.92,1,0
8,2023-06-26,1931.2,14.43,91.65,5.76,84.7,1372.6,15.37,0,1
8,2023-06-27,1937.4,6.17,67.21,2.598,101.71,1515.4,12.58,0,0
8,2023-06-28,1945.4,8.04,68.45,2.335,102.43,1515.8,12.71,0,0
8,2023-06-29,1956.6,11.21,67.77,2.56,101.83,1502.6,12.22,0,0
8,2023-06-30,1968.2,11.52,67.77,2.41,101.46,1510.9,12.27,0,0
8,2023-07-01,1975.0,6.86,65.1,2.627,102.16,1509.5,12.36,0,0
8,2023-07-02,1985.1,10.07,68.4,2.358,101.66,1516.2,12.3,0,0
8,2023-07-03,1996.3,11.2,68.27,2.457,101.41,1518.6,12.03,0,0
8,2023-07-04,2006.5,10.23,67.64,2.428,101.85,1519.8,12.37,0,0
8,2023-07-05,2019.5,13.01,68.46,2.374,101.86,1511.0,12.67,0,0
8,2023-07-06,2033.3,13.71,68.24,2.515,100.59,1518.3,12.03,0,0
8,2023-07-07,2043.9,10.6,66.95,2.499,102.03,1502.0,12.47,0,0
8,2023-07-08,2054.1,10.26,67.42,2.43,103.54,1524.7,12.46,0,0
8,2023-07-09,2067.2,13.05,66.63,2.108,100.71,1508.4,12.33,0,0
8,2023-07-10,2078.7,11.55,69.1,2.219,101.19,1503.2,12.57,0,0
8,2023-07-11,2093.4,14.7,68.62,2.257,104.47,1508.5,12.54,0,0
8,2023-07-12,2104.2,10.81,66.83,2.431,100.87,1525.6,12.31,0,0
8,2023-07-13,2116.0,11.74,68.26,2.39,102.98,1519.1,12.74,0,0
8,2023-07-14,2123.3,7.29,67.92,2.283,101.47,1528.3,12.59,0,0
8,2023-07-15,2137.6,14.36,66.96,2.272,101.75,1516.4,12.89,0,0
8,2023-07-16,2147.9,10.22,67.77,2.499,101.56,1524.9,12.4,0,0
8,2023-07-17,2161.0,13.19,68.5,2.287,102.12,1511.1,12.32,0,0
8,2023-07-18,2171.3,10.29,68.58,2.025,100.11,1503.5,12.36,0,0
8,2023-07-19,2177.3,6.01,69.97,2.419,101.88,1516.9,12.77,0,0
8,2023-07-20,2187.4,10.0,67.74,2.314,101.29,1514.6,12.37,0,0
8,2023-07-21,2194.8,7.48,67.4,2.509,99.83,1518.0,12.39,0,0
8,2023-07-22,2204.8,9.99,68.2,2.282,102.81,1520.7,13.01,0,0
8,2023-07-23,2214.0,9.21,67.46,2.36,99.59,1517.2,12.02,0,0
8,2023-07-24,2222.1,8.03,67.06,2.437,103.84,1513.2,12.53,0,0
8,2023-07-25,2229.3,7.24,66.72,2.066,102.31,1513.6,12.4,0,0
8,2023-07-26,2242.6,13.29,64.21,2.304,100.33,1517.9,12.34,0,0
8,2023-07-27,2256.1,13.55,68.38,2.278,103.03,1502.3,12.13,0,0
8,2023-07-28,2264.8,8.65,66.0,2.322,100.94,1508.4,12.22,0,0
8,2023-07-29,2275.7,10.95,66.76,2.316,100.99,1530.8,12.3,0,0
8,2023-07-30,2286.4,10.64,67.94,2.393,99.89,1510.2,12.57,0,0
8,2023-07-31,2295.9,9.55,67.32,2.421,100.83,1519.4,12.67,0,0
8,2023-08-01,2304.7,8.78,69.79,2.487,100.95,1510.9,11.89,0,0
8,2023-08-02,2312.6,7.86,66.13,2.47,102.51,1512.4,12.06,0,0
8,2023-08-03,2327.3,14.73,69.88,2.572,,1496.6,12.58,0,0
8,2023-08-04,2341.6,14.33,69.02,2.539,100.45,1519.0,12.61,0,0
8,2023-08-05,2351.8,10.17,68.55,2.602,101.96,1509.7,11.98,0,0
8,2023-08-06,2365.0,13.21,69.08,2.577,99.85,1497.8,12.68,0,0
8,2023-08-07,2376.0,10.98,68.05,2.316,101.97,1502.8,12.41,0,0
8,2023-08-08,2382.8,6.85,65.94,2.347,103.86,1514.9,12.64,0,0
8,2023-08-09,2397.1,14.22,68.16,2.359,99.91,1508.5,12.16,0,0
8,2023-08-10,2405.3,8.19,66.16,2.57,100.68,1507.5,12.0,0,0
8,2023-08-11,2418.3,13.07,67.11,2.359,102.42,1510.5,12.33,0,0
8,2023-08-12,2429.6,11.27,67.56,2.512,102.54,1488.9,12.34,0,0
8,2023-08-13,2442.5,12.91,66.73,2.112,100.75,1501.1,12.32,0,0
8,2023-08-14,2453.2,10.71,68.59,2.082,103.17,1519.1,12.3,0,0
8,2023-08-15,2466.2,13.03,67.43,2.591,100.88,1518.1,12.93,0,0
8,2023-08-16,2472.6,6.33,68.05,2.473,103.37,1518.5,11.91,0,0
8,2023-08-17,2479.0,6.41,67.63,2.577,102.16,1518.9,12.17,0,0
8,2023-08-18,2493.9,14.96,67.77,2.169,102.97,1517.5,12.29,0,0
8,2023-08-19,2507.4,13.5,66.76,2.425,102.06,1525.5,12.43,0,0
8,2023-08-20,2521.7,14.28,66.47,2.176,102.35,1518.8,12.63,0,0
8,2023-08-21,2532.3,10.57,67.49,2.534,102.4,1514.3,12.68,0,0
8,2023-08-22,2542.9,10.6,66.68,2.404,102.84,1526.3,12.74,0,0
8,2023-08-23,2554.2,11.34,69.04,2.382,101.66,1518.3,12.56,0,0
8,2023-08-24,2562.7,8.44,66.27,2.531,100.79,1518.6,11.9,0,0
8,2023-08-25,2576.0,13.34,69.98,2.386,101.62,1510.0,11.92,0,0
8,2023-08-26,2590.3,14.29,67.94,2.381,101.03,1514.3,12.76,0,0
8,2023-08-27,2605.4,15.07,67.71,2.183,101.09,1504.9,12.74,0,0
8,2023-08-28,2616.5,11.17,67.1,2.603,103.35,1501.9,12.61,0,0
8,2023-08-29,2626.7,10.15,68.3,2.417,102.32,1500.3,12.17,0,0
8,2023-08-30,2641.0,14.31,67.44,2.479,102.27,1512.2,12.32,0,0
8,2023-08-31,2654.5,13.53,67.94,2.196,102.77,1525.0,12.3,0,0
8,2023-09-01,2669.2,14.67,68.48,2.609,102.31,1517.5,12.11,0,0
8,2023-09-02,2681.7,12.56,68.31,2.424,103.56,1520.9,12.5,0,0
8,2023-09-03,2696.6,14.83,68.88,2.657,99.6,1507.1,13.07,0,0
8,2023-09-04,2703.5,6.89,68.18,2.549,100.7,1516.4,12.27,0,0
8,2023-09-05,2716.3,12.8,66.69,2.032,100.99,1530.3,12.81,0,0
8,2023-09-06,2723.2,6.89,65.56,2.515,100.32,1520.4,12.15,0,0
8,2023-09-07,2736.6,13.49,67.85,2.535,101.81,1511.0,11.96,0,0
8,2023-09-08,2748.9,12.28,67.87,2.492,101.85,1500.5,12.72,0,0
8,2023-09-09,2755.1,6.16,69.57,2.428,103.67,1503.5,12.35,0,0
8,2023-09-10,2767.1,11.99,67.53,2.367,102.6,1519.3,12.8,0,0
8,2023-09-11,2774.5,7.46,68.02,2.391,101.19,1515.8,12.86,0,0
8,2023-09-12,2782.0,7.42,68.42,2.606,102.19,1528.4,12.34,0,0
8,2023-09-13,2789.5,7.5,68.16,2.616,99.87,1514.5,12.82,0,0
8,2023-09-14,2800.3,10.84,68.49,2.368,101.84,1502.1,12.16,0,0
8,2023-09-15,2807.5,7.16,66.82,2.277,101.78,1512.2,12.15,0,0
8,2023-09-16,2814.7,7.26,66.67,,100.79,1514.3,12.74,0,0
8,2023-09-17,2823.3,8.56,67.36,2.533,101.49,1510.9,11.95,0,0
8,2023-09-18,2829.3,6.01,65.47,2.425,101.0,1514.0,12.42,0,0
8,2023-09-19,2838.0,8.76,67.6,2.249,100.76,1517.0,12.79,0,0
8,2023-09-20,2850.2,12.18,66.98,2.142,102.37,1497.8,12.81,0,0
8,2023-09-21,2862.2,12.02,67.96,2.507,102.73,1508.6,12.29,0,0
8,2023-09-22,2877.9,15.7,67.38,2.31,102.2,1524.1,12.72,0,0
8,2023-09-23,2885.1,7.2,66.63,2.306,101.26,1526.9,12.08,0,0
8,2023-09-24,2899.8,14.66,68.95,2.457,101.03,1503.8,12.22,0,0
8,2023-09-25,2909.7,9.91,67.73,2.312,101.29,1503.8,12.49,0,0
8,2023-09-26,2919.6,9.87,68.51,2.318,101.47,1520.1,12.53,0,0
8,2023-09-27,2929.1,9.49,67.83,2.285,100.82,1530.2,12.1,0,0
8,2023-09-28,2936.3,7.25,68.11,2.493,102.75,1515.8,12.98,0,0
8,2023-09-29,2947.1,10.79,66.28,2.245,101.49,1514.9,11.86,0,0
8,2023-09-30,2961.0,13.87,68.92,2.166,102.46,1508.3,12.44,0,0
8,2023-10-01,2975.7,14.75,68.52,2.244,100.29,1522.1,12.48,0,0
8,2023-10-02,2991.4,15.63,67.62,2.603,101.01,1511.6,11.89,0,0
8,2023-10-03,3005.2,13.85,,2.299,102.55,1526.6,12.82,0,0
8,2023-10-04,3017.4,12.23,68.65,2.46,102.57,1516.9,12.2,0,0
8,2023-10-05,3028.4,10.98,67.27,2.34,100.49,1516.1,12.45,0,0
8,2023-10-06,3043.2,14.75,66.06,2.357,102.0,1507.4,12.52,0,0
8,2023-10-07,3056.6,13.4,67.29,2.593,102.02,1507.7,11.98,0,0
8,2023-10-08,3064.2,7.61,67.79,2.405,100.99,1509.1,12.1,0,0
8,2023-10-09,3077.0,12.83,67.61,2.637,102.05,1513.3,12.89,0,0
8,2023-10-10,3087.3,10.31,68.96,,100.11,1522.8,12.4,0,0
8,2023-10-11,3099.3,11.96,,2.624,100.77,1520.6,11.61,0,0
8,2023-10-12,3114.2,14.98,66.81,2.309,,1510.2,12.33,0,0
8,2023-10-13,3126.8,12.53,66.58,2.413,101.72,1497.3,12.41,0,0
8,2023-10-14,3142.2,15.39,68.07,2.609,101.78,1508.2,12.48,0,0
8,2023-10-15,3156.8,14.66,66.12,2.506,101.52,1515.2,11.82,0,0
8,2023-10-16,3164.1,7.29,68.39,2.561,102.23,1515.9,12.41,0,0
8,2023-10-17,3170.2,6.12,66.71,2.574,102.28,1528.7,12.17,0,0
8,2023-10-18,3180.1,9.84,66.87,2.582,102.49,1525.5,12.49,0,0
8,2023-10-19,3194.7,14.65,69.41,2.239,101.82,1520.4,12.57,0,0
8,2023-10-20,3203.0,8.3,68.88,2.379,101.31,1508.8,12.54,0,0
8,2023-10-21,3215.9,12.91,67.76,2.29,101.14,1516.3,12.84,0,0
8,2023-10-22,3226.7,10.76,66.33,2.37,100.64,1518.1,13.08,0,0
8,2023-10-23,3240.2,13.46,69.66,2.419,101.29,1524.5,12.08,0,0
8,2023-10-24,3247.8,7.65,67.45,2.403,101.09,1506.1,12.3,0,0
8,2023-10-25,3256.2,8.39,67.89,2.299,103.3,1521.1,12.64,0,0
8,2023-10-26,3264.6,8.43,,2.197,100.65,1518.8,12.38,0,0
8,2023-10-27,3276.1,11.48,65.68,2.158,102.73,1509.9,11.6,0,0
8,2023-10-28,3285.0,8.9,67.0,2.661,101.43,1524.4,12.36,0,0
8,2023-10-29,3299.1,14.12,67.57,2.573,101.49,1498.8,12.79,0,0
8,2023-10-30,3308.6,9.47,67.77,2.438,102.1,1531.4,12.0,0,0
8,2023-10-31,3321.2,12.61,66.34,1.958,100.28,1524.5,12.49,0,0
8,2023-11-01,3336.7,15.49,67.97,2.264,100.89,1512.5,11.85,0,0
8,2023-11-02,3348.8,12.07,67.68,2.462,100.45,1510.6,12.68,0,0
8,2023-11-03,3357.2,8.42,69.31,2.514,101.31,1513.7,12.49,0,0
8,2023-11-04,3371.5,14.3,68.64,2.34,100.78,1508.0,12.25,0,0
8,2023-11-05,3377.6,6.13,67.37,2.47,103.01,1512.2,12.29,0,0
8,2023-11-06,3386.2,8.57,67.45,2.372,101.11,1520.6,11.97,0,0
8,2023-11-07,3396.0,9.87,68.66,2.557,99.32,1508.3,12.72,0,0
8,2023-11-08,3404.0,7.96,67.93,2.381,101.36,1521.5,12.18,0,0
8,2023-11-09,3416.0,12.04,66.27,2.376,102.5,1512.0,12.57,0,0
8,2023-11-10,3427.6,11.58,69.74,2.312,103.32,1522.8,12.13,0,0
8,2023-11-11,3437.7,10.06,66.65,2.5,101.46,1524.9,13.08,0,0
8,2023-11-12,3446.6,8.94,70.12,2.449,101.18,1506.0,12.89,0,0
8,2023-11-13,3457.0,10.34,68.07,2.213,101.68,1497.1,13.04,0,0
8,2023-11-14,3465.9,8.91,67.01,2.445,102.11,1515.3,13.08,0,0
8,2023-11-15,3474.1,8.21,65.28,2.415,100.57,1516.1,12.23,0,0
8,2023-11-16,3483.6,9.51,68.42,2.531,101.45,1504.2,12.15,0,0
8,2023-11-17,3495.6,12.02,66.09,2.373,101.64,1527.4,13.03,0,0
8,2023-11-18,3508.1,12.48,68.0,2.24,101.74,1511.1,12.38,0,0
8,2023-11-19,3517.1,8.97,69.58,2.319,101.55,1519.1,12.67,0,0
8,2023-11-20,3532.6,15.47,66.5,2.662,100.76,1508.1,12.23,0,0
8,2023-11-21,3541.2,8.62,68.38,2.355,102.03,1502.1,12.24,0,0
8,2023-11-22,3554.3,13.12,66.83,2.541,101.65,1523.3,12.67,0,0
8,2023-11-23,3561.1,6.81,68.78,2.181,101.65,1506.6,11.83,0,0
8,2023-11-24,3573.8,12.65,67.71,2.446,100.61,1520.3,12.65,0,0
8,2023-11-25,3584.4,10.6,67.62,2.156,102.33,1507.4,12.58,0,0
8,2023-11-26,3596.1,11.69,68.85,2.397,100.75,1512.2,12.26,0,0
8,2023-11-27,3603.9,7.84,68.27,2.275,103.31,1512.7,12.43,0,0
8,2023-11-28,3614.2,10.34,68.05,2.42,99.66,1507.0,12.59,0,0
8,2023-11-29,3627.9,13.66,71.85,2.574,100.74,1495.4,12.72,0,0
8,2023-11-30,3641.6,13.67,69.74,2.87,97.21,1499.5,12.97,0,0
8,2023-12-01,3649.9,8.38,72.76,2.789,96.0,1494.5,12.63,0,0
8,2023-12-02,3659.5,9.53,72.87,3.03,96.84,1490.0,13.8,0,0
8,2023-12-03,3665.5,6.04,73.41,3.432,94.28,1469.9,13.04,0,0
8,2023-12-04,3672.4,6.9,74.98,3.328,96.41,1457.8,13.18,0,0
8,2023-12-05,3679.7,7.27,77.27,3.534,94.8,1461.7,13.91,0,0
8,2023-12-06,3688.6,8.94,78.88,4.202,95.36,1456.2,12.89,0,0
8,2023-12-07,3702.2,13.59,80.8,4.342,92.93,1449.5,14.14,0,0
8,2023-12-08,3713.3,11.1,82.42,4.153,92.48,1452.0,13.7,0,0
8,2023-12-09,3727.2,13.93,82.44,4.499,91.11,1433.9,13.63,0,0
8,2023-12-10,3740.8,13.55,82.92,4.498,89.65,1443.0,13.56,1,0
8,2023-12-11,3752.7,11.87,85.62,4.676,89.26,1426.5,13.63,1,0
8,2023-12-12,3763.7,11.0,85.17,4.495,87.6,1420.0,14.02,1,0
8,2023-12-13,3779.0,15.31,85.4,5.367,88.33,1406.7,14.32,1,0
8,2023-12-14,3790.7,11.69,89.14,5.393,86.78,1396.7,14.54,1,0
8,2023-12-15,3801.5,10.83,90.74,5.593,86.12,1387.6,14.55,1,0
8,2023-12-16,3816.2,14.69,89.8,5.733,88.19,1387.2,14.43,1,0
8,2023-12-17,3822.9,6.71,93.79,5.795,84.1,1385.9,15.1,0,1
8,2023-12-18,3835.5,12.56,68.23,2.314,102.01,1512.4,13.22,0,0
8,2023-12-19,3842.6,7.13,68.08,2.381,101.64,1511.0,12.87,0,0
8,2023-12-20,3856.8,14.2,67.13,2.606,102.85,1505.8,12.31,0,0
8,2023-12-21,3870.7,13.93,68.66,2.39,101.93,1518.1,12.57,0,0
8,2023-12-22,3881.7,11.04,66.12,2.678,101.42,1505.5,12.59,0,0
8,2023-12-23,3894.4,12.61,67.3,2.27,103.99,1517.2,12.9,0,0
8,2023-12-24,3908.1,13.73,66.91,2.163,100.83,1516.3,12.32,0,0
8,2023-12-25,3918.9,10.83,66.33,2.248,101.5,1512.9,12.13,0,0
8,2023-12-26,3934.0,15.06,68.51,,102.61,1523.6,12.76,0,0
8,2023-12-27,3944.3,10.37,67.98,2.595,,1526.7,12.54,0,0
8,2023-12-28,3959.3,14.92,68.45,2.314,102.46,1497.2,12.09,0,0
8,2023-12-29,3971.1,11.83,67.36,2.168,101.21,1502.1,12.63,0,0
8,2023-12-30,3981.4,10.26,68.63,2.388,102.7,1518.7,12.97,0,0
8,2023-12-31,3987.4,6.04,67.72,2.57,102.67,1527.6,12.21,0,0
8,2024-01-01,3996.4,8.96,67.17,2.386,101.6,1503.1,12.15,0,0
8,2024-01-02,4011.0,14.68,67.0,2.417,100.69,1517.4,12.43,0,0
8,2024-01-03,4021.3,10.29,65.66,2.382,101.3,1500.0,12.62,0,0
8,2024-01-04,4031.5,10.21,68.81,2.355,101.68,1499.2,12.4,0,0
8,2024-01-05,4042.4,10.89,68.69,2.747,102.58,1530.6,12.76,0,0
8,2024-01-06,4051.3,8.86,70.57,2.584,102.01,1517.1,12.5,0,0
8,2024-01-07,4062.2,10.92,67.31,2.668,102.23,1501.7,12.72,0,0
8,2024-01-08,4072.0,9.76,66.98,2.819,102.04,1512.3,12.2,0,0
8,2024-01-09,4087.1,15.09,65.94,2.579,102.54,1507.8,12.05,0,0
8,2024-01-10,4098.7,11.64,68.6,2.316,101.49,1510.6,12.32,0,0
8,2024-01-11,4113.0,14.34,68.37,,101.86,1511.5,12.02,0,0
8,2024-01-12,4125.9,12.87,69.19,2.673,101.72,1515.7,12.54,0,0
8,2024-01-13,4134.0,8.13,66.73,2.467,101.26,1517.6,11.81,0,0
8,2024-01-14,4148.7,14.68,68.36,2.335,102.71,1508.5,12.28,0,0
8,2024-01-15,4155.6,6.87,67.12,,102.68,1508.1,12.33,0,0
8,2024-01-16,4166.1,10.49,68.99,2.195,102.9,1517.2,12.1,0,0
8,2024-01-17,4174.5,8.39,68.18,2.408,100.93,1508.8,12.33,0,0
8,2024-01-18,4185.8,11.38,66.09,2.5,102.04,1508.7,12.42,0,0
8,2024-01-19,4194.8,9.0,67.51,2.37,102.79,1514.9,12.8,0,0
8,2024-01-20,4208.1,13.23,65.69,2.48,103.2,1514.3,12.11,0,0
8,2024-01-21,4223.4,15.37,66.48,2.484,100.19,1510.5,12.53,0,0
8,2024-01-22,4236.5,13.09,66.54,2.47,101.69,1522.4,12.59,0,0
8,2024-01-23,4246.1,9.55,67.0,2.358,101.5,1518.0,12.41,0,0
8,2024-01-24,4258.1,12.0,67.38,2.326,103.28,1530.2,12.27,0,0
8,2024-01-25,4273.0,14.89,67.81,2.369,99.48,1512.0,12.08,0,0
8,2024-01-26,4281.7,8.7,67.76,2.181,100.65,1519.6,12.99,0,0
8,2024-01-27,4288.8,7.18,67.62,2.593,103.13,1525.7,12.44,0,0
8,2024-01-28,4296.2,7.31,67.97,2.468,101.22,1506.9,12.32,0,0
8,2024-01-29,4307.1,10.95,66.39,2.412,100.39,1511.1,13.06,0,0
8,2024-01-30,4320.4,13.32,67.72,2.285,103.21,1523.8,12.49,0,0
8,2024-01-31,4333.0,12.57,69.08,2.406,100.26,1519.4,13.18,0,0
8,2024-02-01,4343.5,10.54,67.48,2.403,102.72,1513.8,11.99,0,0
8,2024-02-02,4356.8,13.29,68.14,2.321,100.13,1503.0,12.35,0,0
8,2024-02-03,4369.2,12.34,,2.544,100.25,1503.6,12.01,0,0
8,2024-02-04,4381.5,12.28,68.5,2.217,101.89,1510.4,12.38,0,0
8,2024-02-05,4389.5,8.02,67.93,2.25,100.85,1507.6,12.38,0,0
8,2024-02-06,4398.6,9.13,68.49,2.553,101.97,1507.8,12.28,0,0
8,2024-02-07,4408.0,9.44,68.15,2.612,103.5,1499.3,12.44,0,0
8,2024-02-08,4422.1,14.08,68.3,2.428,101.54,1503.2,12.3,0,0
8,2024-02-09,4435.9,13.75,68.08,2.238,103.32,1507.0,12.39,0,0
8,2024-02-10,4444.4,8.53,66.64,2.585,102.02,1514.9,12.19,0,0
8,2024-02-11,4451.0,6.55,66.47,2.418,102.65,1511.3,12.85,0,0
8,2024-02-12,4464.6,13.68,67.29,2.405,99.34,1514.5,12.09,0,0
8,2024-02-13,4474.7,10.1,69.19,2.618,102.33,1514.1,12.48,0,0
8,2024-02-14,4482.9,8.2,67.47,2.512,102.18,1500.4,12.06,0,0
8,2024-02-15,4490.1,7.17,67.95,2.331,101.33,1522.5,12.17,0,0
8,2024-02-16,4496.2,6.13,65.68,2.151,103.59,1519.9,12.2,0,0
8,2024-02-17,4506.5,10.28,67.84,2.339,101.2,1514.3,12.38,0,0
8,2024-02-18,4515.9,9.4,67.73,2.458,100.09,1509.8,12.47,0,0
8,2024-02-19,4528.9,12.96,64.97,2.482,102.48,1524.9,12.09,0,0
8,2024-02-20,4544.6,15.77,67.93,2.203,100.27,1505.9,12.29,0,0
8,2024-02-21,4552.7,8.07,65.99,2.289,101.77,1521.8,12.12,0,0
8,2024-02-22,4561.1,8.43,66.92,1.943,103.03,1507.1,12.11,0,0
8,2024-02-23,4570.5,9.37,68.64,2.438,102.19,1524.5,12.76,0,0
8,2024-02-24,4581.2,10.66,67.8,2.129,101.45,1517.7,12.0,0,0
8,2024-02-25,4594.1,12.98,67.19,2.318,101.34,1521.2,12.44,0,0
8,2024-02-26,4603.7,9.52,67.11,2.252,102.96,1515.7,12.93,0,0
8,2024-02-27,4610.7,7.04,67.22,2.487,100.47,1517.6,12.78,0,0
8,2024-02-28,4624.0,13.3,67.8,2.444,102.47,1514.3,12.55,0,0
8,2024-02-29,4638.0,13.95,66.44,2.276,103.89,1505.9,12.41,0,0
8,2024-03-01,4646.4,8.48,68.77,2.41,102.24,1522.8,12.64,0,0
8,2024-03-02,4653.8,7.37,66.5,2.488,101.46,1511.9,12.53,0,0
8,2024-03-03,4665.1,11.28,65.92,2.432,101.53,1514.8,12.85,0,0
8,2024-03-04,4673.2,8.08,68.63,1.88,101.21,1501.3,12.38,0,0
8,2024-03-05,4682.9,9.74,67.21,2.733,101.04,1512.6,12.72,0,0
8,2024-03-06,4696.7,13.77,67.71,2.467,101.81,1517.2,12.32,0,0
8,2024-03-07,4704.9,8.2,68.3,2.555,102.37,1527.8,12.99,0,0
8,2024-03-08,4718.9,14.06,66.92,2.278,103.3,1513.5,12.37,0,0
8,2024-03-09,4731.7,12.74,67.78,2.246,99.74,1511.3,11.93,0,0
8,2024-03-10,4739.9,8.2,68.29,2.307,99.25,1508.7,12.44,0,0
8,2024-03-11,4751.1,11.26,69.29,2.687,103.32,1508.9,12.65,0,0
8,2024-03-12,4763.3,12.14,67.13,2.339,101.75,1528.3,12.91,0,0
8,2024-03-13,4771.3,8.0,67.18,2.377,101.8,1505.5,12.12,0,0
8,2024-03-14,4778.7,7.45,68.21,2.665,102.2,1510.7,11.9,0,0
8,2024-03-15,4790.0,11.31,67.85,2.332,101.51,1525.4,12.57,0,0
8,2024-03-16,4803.0,12.94,67.51,2.389,103.67,1523.2,12.56,0,0
8,2024-03-17,4813.6,10.65,,2.188,102.19,1532.5,12.0,0,0
8,2024-03-18,4820.3,6.7,65.96,2.678,101.25,1522.6,12.32,0,0
8,2024-03-19,4835.6,15.25,66.22,2.273,101.34,1516.0,12.33,0,0
8,2024-03-20,4848.5,12.95,65.97,2.361,101.55,1519.0,12.67,0,0
8,2024-03-21,4860.7,12.21,68.84,1.885,100.92,1505.9,12.29,0,0
8,2024-03-22,4873.2,12.44,68.16,2.361,103.38,1513.2,12.29,0,0
8,2024-03-23,4883.2,9.99,66.27,2.375,101.82,1506.3,12.45,0,0
8,2024-03-24,4899.0,15.84,67.52,2.324,100.52,1525.4,12.01,0,0
8,2024-03-25,4906.3,7.33,,2.126,102.1,1502.3,12.99,0,0
8,2024-03-26,4919.7,13.39,65.43,2.468,103.13,1512.0,12.7,0,0
8,2024-03-27,4929.9,10.21,67.83,2.101,102.75,1505.6,12.21,0,0
8,2024-03-28,4944.7,14.81,66.47,2.138,100.93,1522.1,12.08,0,0
8,2024-03-29,4957.9,13.17,68.35,2.347,100.58,1515.4,12.11,0,0
8,2024-03-30,4969.5,11.62,66.5,2.568,103.12,1513.8,12.59,0,0
8,2024-03-31,4984.9,15.38,67.86,2.379,100.07,1504.6,12.12,0,0
8,2024-04-01,5000.0,15.12,68.94,2.431,102.06,1525.4,12.34,0,0
8,2024-04-02,5006.6,6.52,68.62,2.286,101.13,1506.6,11.91,0,0
8,2024-04-03,5014.5,7.93,68.15,2.285,103.01,1510.8,12.58,0,0
8,2024-04-04,5027.3,12.76,,2.519,100.64,1514.0,12.59,0,0
8,2024-04-05,5042.5,15.22,66.14,2.571,100.9,1518.3,12.36,0,0
8,2024-04-06,5052.8,10.3,67.2,2.553,102.31,1511.7,12.48,0,0
8,2024-04-07,5059.2,6.38,67.42,2.479,102.49,1525.5,12.66,0,0
8,2024-04-08,5071.6,12.43,67.34,2.436,103.05,1514.5,12.47,0,0
8,2024-04-09,5079.5,7.95,66.11,2.171,102.17,1527.3,12.65,0,0
8,2024-04-10,5091.1,11.52,68.08,2.301,102.04,1506.6,12.07,0,0
8,2024-04-11,5100.9,9.85,66.46,2.279,102.74,1518.2,12.53,0,0
8,2024-04-12,5112.5,11.58,69.19,2.397,100.32,1508.1,12.48,0,0
8,2024-04-13,5127.8,15.32,67.79,2.503,100.81,1512.8,12.78,0,0
8,2024-04-14,5138.7,10.86,68.62,2.336,100.41,1503.3,12.43,0,0
8,2024-04-15,5145.0,6.35,68.6,2.013,99.01,1525.0,12.39,0,0
8,2024-04-16,5156.8,11.81,69.72,2.576,102.54,1525.0,12.25,0,0
8,2024-04-17,5166.1,9.26,67.82,2.252,103.12,1523.8,12.87,0,0
8,2024-04-18,5179.9,13.78,67.25,2.26,102.25,1521.7,11.71,0,0
8,2024-04-19,5190.6,10.7,67.27,2.483,102.07,1536.0,12.57,0,0
8,2024-04-20,5204.0,13.41,69.14,2.309,101.78,1515.7,12.41,0,0
8,2024-04-21,5219.1,15.09,66.32,2.39,101.75,1527.5,12.36,0,0
8,2024-04-22,5228.7,9.62,66.76,2.436,103.39,1513.9,12.32,0,0
8,2024-04-23,5244.6,15.89,67.88,2.409,103.24,1518.9,12.4,0,0
8,2024-04-24,5252.1,7.5,67.49,2.349,101.11,1520.6,12.56,0,0
8,2024-04-25,5264.5,12.44,68.61,2.405,102.8,1499.5,12.18,0,0
8,2024-04-26,5270.9,6.35,66.3,2.735,102.92,1513.1,12.46,0,0
8,2024-04-27,5279.0,8.13,67.58,2.581,102.34,1512.2,12.52,0,0
8,2024-04-28,5291.3,12.34,67.46,2.531,102.08,1513.8,12.13,0,0
8,2024-04-29,5297.8,6.46,66.57,2.459,102.05,1508.3,12.57,0,0
8,2024-04-30,5304.8,7.02,68.52,2.64,100.21,1515.3,12.53,0,0
8,2024-05-01,5313.7,8.91,67.55,2.532,100.12,1516.9,12.18,0,0
8,2024-05-02,5325.5,11.76,67.51,2.596,102.48,1506.0,12.06,0,0
8,2024-05-03,5331.6,6.16,66.82,2.601,100.59,1514.3,12.18,0,0
8,2024-05-04,5342.5,10.82,67.27,2.502,100.3,1512.0,12.46,0,0
8,2024-05-05,5354.7,12.26,66.62,2.48,99.62,1523.7,12.4,0,0
8,2024-05-06,5364.7,10.03,68.51,2.351,101.22,1518.6,12.84,0,0
8,2024-05-07,5371.4,6.68,68.68,2.69,102.07,1507.9,12.31,0,0
8,2024-05-08,5383.5,12.11,69.32,2.391,,1521.8,12.15,0,0
8,2024-05-09,5395.6,12.06,68.08,2.232,102.54,1513.6,12.62,0,0
8,2024-05-10,5406.7,11.06,67.3,2.454,101.3,1514.5,12.12,0,0
8,2024-05-11,5419.6,12.93,67.17,2.369,101.8,1506.6,12.18,0,0
8,2024-05-12,5427.7,8.08,68.13,2.246,102.54,1515.6,12.19,0,0
8,2024-05-13,5440.4,12.79,67.84,2.254,102.16,1521.6,11.52,0,0
8,2024-05-14,5448.1,7.61,67.47,2.402,101.11,1512.1,12.59,0,0
8,2024-05-15,5458.0,9.93,67.38,2.411,101.99,1526.7,12.7,0,0
8,2024-05-16,5464.7,6.68,68.81,2.182,99.71,1521.2,12.69,0,0
8,2024-05-17,5478.9,14.19,67.21,2.335,101.69,1507.3,12.98,0,0
8,2024-05-18,5490.2,11.38,68.99,2.537,101.08,1516.1,12.87,0,0
8,2024-05-19,5505.9,15.71,67.82,2.004,103.21,1503.0,12.32,0,0
8,2024-05-20,5521.4,15.42,67.27,2.35,100.72,1506.3,12.75,0,0
8,2024-05-21,5537.4,15.99,66.86,2.391,101.81,1500.1,12.39,0,0
8,2024-05-22,5544.4,7.01,67.49,2.486,101.27,1501.2,12.29,0,0
8,2024-05-23,5556.4,12.07,68.15,2.355,101.14,1511.6,12.19,0,0
8,2024-05-24,5566.5,10.08,67.27,2.328,102.07,1512.5,12.34,0,0
8,2024-05-25,5577.8,11.33,68.49,2.478,101.28,1515.8,12.52,0,0
8,2024-05-26,5586.9,9.09,67.22,2.379,103.55,1506.8,12.89,0,0
8,2024-05-27,5593.4,6.48,67.52,2.652,99.72,1520.7,12.64,0,0
8,2024-05-28,5606.5,13.08,66.36,2.48,102.33,1512.3,12.19,0,0
8,2024-05-29,5622.1,15.66,68.2,2.509,101.61,1516.5,12.11,0,0
8,2024-05-30,5633.5,11.32,67.38,2.398,101.64,1488.2,12.59,0,0
8,2024-05-31,5642.8,9.3,69.22,2.669,102.0,1514.0,12.69,0,0
8,2024-06-01,5658.1,15.38,68.35,2.302,102.69,1520.3,12.79,0,0
8,2024-06-02,5667.8,9.65,67.73,2.214,101.96,1495.8,12.34,0,0
8,2024-06-03,5682.9,15.15,68.87,2.372,102.7,1514.3,12.56,0,0
8,2024-06-04,5697.5,14.56,68.05,2.347,101.74,1507.7,12.68,0,0
8,2024-06-05,5708.8,11.29,68.65,2.366,100.66,1526.3,12.01,0,0
8,2024-06-06,5721.5,12.77,66.78,2.683,101.6,1503.7,12.5,0,0
8,2024-06-07,5734.6,13.0,68.1,2.268,102.85,1531.3,12.69,0,0
8,2024-06-08,5747.0,12.41,68.15,2.377,101.28,1524.3,12.57,0,0
8,2024-06-09,5754.6,7.61,66.1,2.142,100.61,1514.9,12.39,0,0
8,2024-06-10,5767.5,12.93,69.15,2.67,102.31,1502.5,13.2,0,0
8,2024-06-11,5773.5,6.03,66.48,2.038,102.03,1510.3,13.0,0,0
8,2024-06-12,5786.6,13.1,66.34,2.408,100.92,1519.5,12.42,0,0
8,2024-06-13,5798.2,11.55,64.79,,101.46,1514.9,12.36,0,0
8,2024-06-14,5806.8,8.6,68.12,2.178,101.51,1505.2,12.63,0,0
8,2024-06-15,5820.8,14.04,66.0,2.254,101.7,1522.9,12.4,0,0
8,2024-06-16,5830.9,10.05,67.13,2.221,102.34,1513.2,12.8,0,0
8,2024-06-17,5841.7,10.86,68.48,2.427,101.29,1516.3,12.04,0,0
8,2024-06-18,5848.0,6.28,67.83,2.195,102.39,1522.0,12.35,0,0
8,2024-06-19,5858.0,10.01,67.02,2.543,101.16,1521.1,12.62,0,0
8,2024-06-20,5865.7,7.67,66.05,2.586,103.36,1522.6,12.72,0,0
8,2024-06-21,5874.5,8.76,67.53,,103.38,1519.6,11.97,0,0
8,2024-06-22,5883.0,8.52,,2.157,100.84,1508.6,12.13,0,0
8,2024-06-23,5889.4,6.46,68.34,2.269,100.47,1513.7,11.92,0,0
8,2024-06-24,5900.0,10.6,69.43,2.314,102.67,1524.8,12.16,0,0
8,2024-06-25,5911.3,11.23,66.99,2.302,101.95,1503.2,12.04,0,0
8,2024-06-26,5923.0,11.71,66.33,2.507,102.25,1505.0,12.58,0,0
8,2024-06-27,5933.6,10.62,67.95,2.434,101.04,1518.3,12.49,0,0
8,2024-06-28,5948.3,14.7,67.85,2.247,101.56,1513.3,12.37,0,0
8,2024-06-29,5954.7,6.38,67.64,2.344,101.35,1500.6,12.43,0,0
8,2024-06-30,5966.8,12.14,68.11,2.553,101.14,1512.8,12.89,0,0
8,2024-07-01,5981.5,14.66,67.41,2.705,98.73,1504.1,12.33,0,0
8,2024-07-02,5987.9,6.41,70.26,2.792,99.02,1514.8,12.18,0,0
8,2024-07-03,5998.8,10.96,73.04,2.908,97.0,1488.5,13.09,0,0
8,2024-07-04,6010.7,11.89,73.97,3.359,96.88,1497.2,12.87,0,0
8,2024-07-05,6018.6,7.91,75.87,3.241,96.44,1481.4,12.8,0,0
8,2024-07-06,6027.2,8.53,76.45,3.696,96.19,1451.7,13.38,0,0
8,2024-07-07,6041.0,13.86,78.06,3.798,95.41,1460.2,12.74,0,0
8,2024-07-08,6052.7,11.67,79.29,3.806,94.72,1452.7,13.19,0,0
8,2024-07-09,6061.9,9.16,79.76,4.182,91.62,1445.8,12.84,0,0
8,2024-07-10,6075.5,13.65,,4.17,93.5,1432.8,13.75,0,0
8,2024-07-11,6089.0,13.47,79.25,4.535,90.74,1439.4,14.26,0,0
8,2024-07-12,6098.4,9.45,82.71,4.504,89.95,1423.5,13.73,1,0
8,2024-07-13,6109.3,10.89,83.96,4.81,89.93,1428.9,13.77,1,0
8,2024-07-14,6122.0,12.65,85.68,4.958,88.47,1420.9,14.66,1,0
8,2024-07-15,6131.4,9.43,86.07,5.045,88.31,1404.0,14.43,1,0
8,2024-07-16,6143.7,12.29,89.14,5.262,87.63,1394.3,15.07,1,0
8,2024-07-17,6152.2,8.51,88.53,5.385,85.46,1388.0,14.52,1,0
8,2024-07-18,6161.1,8.92,91.73,5.829,85.18,1385.9,14.65,1,0
8,2024-07-19,6170.2,9.11,90.87,5.72,84.35,1381.5,15.13,0,1
8,2024-07-20,6185.6,15.36,67.04,2.376,102.65,1510.4,12.37,0,0
8,2024-07-21,6199.9,14.34,66.96,2.073,101.23,1510.7,12.49,0,0
8,2024-07-22,6211.6,11.65,67.15,2.283,101.19,1516.3,11.69,0,0
8,2024-07-23,6223.2,11.64,68.82,2.482,100.67,1522.3,12.94,0,0
8,2024-07-24,6229.8,6.56,67.32,2.458,100.78,1516.0,12.54,0,0
8,2024-07-25,6242.3,12.5,67.34,2.452,100.34,1513.8,12.39,0,0
8,2024-07-26,6251.5,9.28,66.9,2.382,100.99,1515.9,12.69,0,0
8,2024-07-27,6263.7,12.12,67.38,2.424,103.29,1499.6,12.06,0,0
8,2024-07-28,6278.1,14.4,67.86,2.603,102.38,1512.2,12.25,0,0
8,2024-07-29,6284.5,6.45,67.43,2.248,102.97,1504.0,12.58,0,0
8,2024-07-30,6296.6,12.07,67.49,2.57,100.74,1509.6,12.43,0,0
8,2024-07-31,6308.2,11.64,68.66,2.254,99.75,1506.7,12.55,0,0
8,2024-08-01,6316.3,8.07,67.92,2.432,102.01,1506.6,12.49,0,0
8,2024-08-02,6328.8,12.46,66.49,2.258,103.55,1506.1,12.61,0,0
8,2024-08-03,6340.3,11.55,67.56,2.514,101.21,1532.6,12.02,0,0
8,2024-08-04,6354.0,13.67,67.1,2.193,101.8,1513.6,12.8,0,0
8,2024-08-05,6361.1,7.11,68.16,2.236,100.12,1523.6,12.27,0,0
8,2024-08-06,6371.5,10.44,67.75,2.37,101.72,1520.1,12.44,0,0
8,2024-08-07,6387.5,15.98,68.77,2.268,101.57,1519.5,12.24,0,0
8,2024-08-08,6400.4,12.89,66.9,2.28,99.6,1518.4,12.33,0,0
8,2024-08-09,6413.2,12.84,,2.369,100.66,1530.7,12.49,0,0
8,2024-08-10,6422.4,9.18,66.58,2.199,100.58,1517.4,12.64,0,0
8,2024-08-11,6429.4,6.94,67.6,2.406,100.11,1499.8,12.69,0,0
8,2024-08-12,6444.9,15.49,66.11,2.442,100.97,1512.6,12.55,0,0
8,2024-08-13,6451.9,7.05,67.96,2.15,102.2,1505.6,12.24,0,0
8,2024-08-14,6467.8,15.93,67.59,2.423,101.06,1502.8,12.53,0,0
8,2024-08-15,6475.1,7.26,67.8,2.417,102.84,1517.5,12.49,0,0
8,2024-08-16,6482.8,7.71,68.43,2.452,101.33,1497.4,12.44,0,0
8,2024-08-17,6491.9,9.08,67.87,2.404,102.02,1514.9,12.58,0,0
8,2024-08-18,6503.0,11.12,66.37,2.439,102.19,1500.8,12.04,0,0
8,2024-08-19,6516.9,13.9,67.09,2.439,103.23,1512.6,11.81,0,0
8,2024-08-20,6532.6,15.71,67.56,2.423,100.98,1520.2,12.78,0,0
8,2024-08-21,6542.2,9.59,67.31,2.442,102.14,1508.8,12.38,0,0
8,2024-08-22,6548.4,6.2,67.44,2.618,100.75,1504.5,12.54,0,0
8,2024-08-23,6560.6,12.17,69.26,2.583,103.42,1511.3,12.16,0,0
8,2024-08-24,6573.7,13.11,67.74,2.369,100.65,1519.0,12.8,0,0
8,2024-08-25,6583.7,9.97,68.02,2.293,102.08,1516.4,12.52,0,0
8,2024-08-26,6591.5,7.83,65.63,2.577,103.25,1513.4,12.37,0,0
8,2024-08-27,6600.6,9.06,68.39,2.73,100.5,1507.3,12.5,0,0
8,2024-08-28,6613.1,12.56,70.49,2.382,102.29,1510.8,11.9,0,0
8,2024-08-29,6624.1,10.94,68.99,2.461,100.7,1519.5,12.53,0,0
8,2024-08-30,6637.5,13.43,67.2,2.338,104.02,1512.9,12.87,0,0
8,2024-08-31,6645.7,8.18,69.92,2.466,99.8,1515.9,12.51,0,0
8,2024-09-01,6660.1,14.42,67.67,2.089,100.18,1511.1,12.47,0,0
8,2024-09-02,6667.7,7.56,67.95,2.308,100.57,1505.0,12.32,0,0
8,2024-09-03,6677.0,9.3,67.38,2.495,100.6,1530.0,12.74,0,0
8,2024-09-04,6688.9,11.91,67.35,,102.21,1520.3,12.79,0,0
8,2024-09-05,6702.2,13.37,65.39,2.47,103.49,1516.2,12.29,0,0
8,2024-09-06,6710.9,8.66,68.43,2.465,102.85,1512.7,12.53,0,0
8,2024-09-07,6726.4,15.48,67.35,2.473,101.93,1525.4,12.49,0,0
8,2024-09-08,6739.4,13.06,67.45,2.31,101.7,1507.6,12.54,0,0
8,2024-09-09,6747.6,8.18,67.92,2.501,101.09,1519.4,12.19,0,0
8,2024-09-10,6760.9,13.26,67.23,2.664,102.09,1514.3,12.76,0,0
8,2024-09-11,6773.8,12.96,67.91,2.313,101.49,1511.9,12.59,0,0
8,2024-09-12,6787.4,13.53,68.85,2.286,101.88,1511.8,12.78,0,0
8,2024-09-13,6802.5,15.16,68.05,2.361,100.95,1524.5,12.08,0,0
8,2024-09-14,6815.6,13.12,67.49,2.428,100.49,1499.0,12.1,0,0
8,2024-09-15,6825.2,9.52,67.52,2.232,101.72,1527.3,13.04,0,0
8,2024-09-16,6839.1,13.91,67.84,2.318,101.7,1522.2,12.76,0,0
8,2024-09-17,6852.0,12.96,66.81,2.605,101.1,1514.3,12.17,0,0
8,2024-09-18,6863.8,11.74,67.85,2.557,100.93,1512.1,12.68,0,0
8,2024-09-19,6873.3,9.54,68.33,2.238,102.25,1513.9,12.28,0,0
8,2024-09-20,6888.5,15.21,67.73,2.666,102.15,1517.9,11.91,0,0
8,2024-09-21,6899.6,11.13,67.22,2.322,103.57,1523.9,11.79,0,0
8,2024-09-22,6911.9,12.28,67.36,2.437,103.07,1517.9,12.41,0,0
8,2024-09-23,6922.1,10.15,68.29,2.393,100.5,1516.2,12.89,0,0
8,2024-09-24,6935.9,13.81,66.54,2.524,101.5,1514.2,12.88,0,0
8,2024-09-25,6945.3,9.41,66.83,2.215,100.33,1499.3,12.8,0,0
8,2024-09-26,6959.4,14.11,66.04,2.307,99.85,1500.7,12.67,0,0
8,2024-09-27,6966.5,7.08,67.68,2.249,103.89,1522.8,12.51,0,0
8,2024-09-28,6979.6,13.09,68.5,2.228,103.17,1517.8,12.76,0,0
8,2024-09-29,6990.3,10.77,68.97,2.275,101.06,1520.6,11.82,0,0
8,2024-09-30,7003.3,12.99,69.19,2.261,102.94,1520.5,12.72,0,0
8,2024-10-01,7014.6,11.31,66.95,2.483,103.09,1518.9,12.08,0,0
8,2024-10-02,7022.0,7.34,67.89,2.328,99.77,1521.0,12.15,0,0
8,2024-10-03,7032.8,10.77,67.24,2.348,102.54,1507.2,12.63,0,0
8,2024-10-04,7048.4,15.65,69.29,2.111,101.2,1518.5,12.7,0,0
8,2024-10-05,7061.9,13.55,68.95,2.535,102.08,1517.6,12.24,0,0
8,2024-10-06,7071.0,9.0,67.81,2.13,104.7,1524.6,12.61,0,0
8,2024-10-07,7086.4,15.44,67.02,2.401,103.28,1485.1,12.59,0,0
8,2024-10-08,7100.2,13.79,64.19,2.586,101.57,1533.1,12.33,0,0
8,2024-10-09,7109.8,9.64,66.21,2.617,103.12,1520.8,12.47,0,0
8,2024-10-10,7121.9,12.04,65.79,2.179,99.77,1516.1,13.04,0,0
8,2024-10-11,7132.1,10.27,66.2,2.36,102.2,1506.4,12.33,0,0
8,2024-10-12,7139.1,6.97,69.52,2.502,102.22,1511.7,12.34,0,0
8,2024-10-13,7153.2,14.06,66.35,2.326,102.4,1516.8,12.46,0,0
8,2024-10-14,7161.1,7.91,66.58,2.549,101.19,1527.4,12.36,0,0
8,2024-10-15,7171.6,10.58,66.72,2.081,102.08,1526.2,12.66,0,0
8,2024-10-16,7184.7,13.03,70.24,2.409,102.55,1519.0,12.86,0,0
8,2024-10-17,7200.0,15.32,67.58,2.454,99.37,1519.9,12.34,0,0
8,2024-10-18,7206.6,6.63,68.64,2.215,101.38,1515.6,12.16,0,0
8,2024-10-19,7216.6,9.93,67.82,2.507,100.79,1505.9,13.01,0,0
8,2024-10-20,7228.7,12.15,65.66,2.233,102.36,1507.7,12.45,0,0
8,2024-10-21,7242.5,13.79,69.18,2.63,103.07,1521.7,11.91,0,0
8,2024-10-22,7257.7,15.21,68.04,2.338,101.08,1519.7,12.98,0,0
8,2024-10-23,7263.7,6.0,67.52,2.363,100.61,1509.1,12.76,0,0
8,2024-10-24,7276.0,12.28,69.4,2.231,101.81,1508.0,12.9,0,0
8,2024-10-25,7282.1,6.07,67.3,2.334,100.54,1519.2,12.85,0,0
8,2024-10-26,7295.9,13.87,67.5,2.28,101.47,1511.6,13.21,0,0
8,2024-10-27,7303.4,7.5,67.3,2.432,101.36,1507.7,12.11,0,0
8,2024-10-28,7318.4,14.95,68.72,2.425,102.27,1516.7,12.18,0,0
8,2024-10-29,7325.9,7.55,68.46,2.373,102.01,1519.4,12.27,0,0
8,2024-10-30,7339.6,13.64,67.92,2.412,101.86,1505.2,12.26,0,0
8,2024-10-31,7348.5,8.89,66.59,2.222,103.33,1511.3,12.46,0,0
8,2024-11-01,7360.0,11.57,67.27,2.232,101.96,1519.9,12.27,0,0
8,2024-11-02,7372.1,12.08,66.59,2.567,101.28,1526.6,12.06,0,0
8,2024-11-03,7380.2,8.07,68.8,2.275,101.4,1516.3,12.16,0,0
8,2024-11-04,7389.2,8.99,66.07,2.431,100.93,1509.9,12.33,0,0
8,2024-11-05,7396.2,7.08,69.24,2.041,100.68,1507.4,12.76,0,0
8,2024-11-06,7402.3,6.05,68.93,2.45,100.3,1514.0,12.25,0,0
8,2024-11-07,7410.7,8.39,66.72,2.561,102.83,1513.7,12.66,0,0
8,2024-11-08,7421.9,11.16,67.23,2.405,100.98,1496.7,12.02,0,0
8,2024-11-09,7435.0,13.14,66.93,2.412,102.01,1500.4,11.46,0,0
8,2024-11-10,7448.9,13.94,68.07,2.622,101.39,1495.7,12.38,0,0
8,2024-11-11,7455.6,6.7,69.06,2.429,101.66,1514.1,12.24,0,0
8,2024-11-12,7464.3,8.72,68.83,2.284,102.85,1522.4,12.15,0,0
8,2024-11-13,7478.0,13.7,67.21,2.321,101.87,1521.3,12.12,0,0
8,2024-11-14,7488.9,10.81,68.9,2.295,100.77,1503.8,12.21,0,0
8,2024-11-15,7496.7,7.82,68.81,2.533,101.13,1506.7,12.12,0,0
8,2024-11-16,7506.6,9.92,67.45,2.58,102.55,1503.6,12.15,0,0
8,2024-11-17,7515.3,8.7,67.63,2.547,102.18,1514.7,12.01,0,0
8,2024-11-18,7521.8,6.51,69.18,2.277,102.62,1521.4,11.78,0,0
8,2024-11-19,7535.4,13.64,68.7,2.397,101.46,1523.1,11.76,0,0
8,2024-11-20,7544.4,8.92,68.87,2.492,100.3,1508.6,13.16,0,0
8,2024-11-21,7559.8,15.45,70.23,2.211,102.2,1514.9,12.4,0,0
8,2024-11-22,7574.7,14.88,68.19,2.523,101.95,1508.1,12.88,0,0
8,2024-11-23,7587.9,13.16,67.97,2.514,101.97,1514.2,12.37,0,0
8,2024-11-24,7597.1,9.27,69.0,2.477,100.31,1508.9,12.38,0,0
8,2024-11-25,7605.9,8.8,,2.51,101.05,1509.5,12.51,0,0
8,2024-11-26,7616.7,10.75,67.03,2.374,100.76,1503.4,12.61,0,0
8,2024-11-27,7626.2,9.55,67.44,2.261,102.09,1490.0,12.04,0,0
8,2024-11-28,7641.2,15.01,66.62,2.562,102.13,1511.0,12.31,0,0
8,2024-11-29,7648.5,7.23,67.99,2.393,101.65,1516.7,12.51,0,0
8,2024-11-30,7661.7,13.24,68.53,2.308,102.66,1515.6,11.84,0,0
8,2024-12-01,7673.8,12.11,66.69,2.406,103.18,1502.0,12.81,0,0
8,2024-12-02,7687.9,14.06,68.78,2.405,102.05,1496.0,12.74,0,0
8,2024-12-03,7699.3,11.42,67.19,2.317,102.37,1513.4,11.79,0,0
8,2024-12-04,7711.6,12.3,67.11,2.468,101.15,1504.7,12.16,0,0
8,2024-12-05,7727.2,15.63,68.77,2.674,100.97,1510.4,12.45,0,0
8,2024-12-06,7734.2,6.92,67.02,2.2,,1504.7,12.67,0,0
8,2024-12-07,7741.2,7.05,66.24,2.204,100.82,1501.6,12.88,0,0
8,2024-12-08,7751.1,9.94,68.39,2.572,102.39,1523.4,12.23,0,0
8,2024-12-09,7761.9,10.73,67.51,2.505,103.41,1517.7,13.12,0,0
8,2024-12-10,7769.9,8.0,68.84,2.637,102.35,1513.8,12.4,0,0
8,2024-12-11,7776.7,6.83,68.48,2.67,,1521.1,12.35,0,0
8,2024-12-12,7782.9,6.22,65.89,2.503,100.35,1514.1,12.59,0,0
8,2024-12-13,7796.6,13.65,68.96,2.215,101.86,1511.0,12.51,0,0
8,2024-12-14,7807.4,10.85,69.54,2.44,102.7,1527.3,12.5,0,0
8,2024-12-15,7821.8,14.43,68.68,2.334,101.52,1527.8,13.02,0,0
8,2024-12-16,7831.4,9.61,68.72,2.462,102.72,1505.9,12.49,0,0
8,2024-12-17,7844.5,13.03,67.39,2.277,102.06,1516.2,12.12,0,0
8,2024-12-18,7855.4,10.89,67.17,2.469,101.99,1515.2,12.17,0,0
8,2024-12-19,7867.5,12.12,67.86,2.497,101.38,1520.9,12.86,0,0
8,2024-12-20,7877.2,9.7,68.56,2.431,100.24,1505.5,12.62,0,0
8,2024-12-21,7884.0,6.81,68.54,2.452,101.27,1524.2,11.95,0,0
8,2024-12-22,7899.5,15.47,67.2,2.499,101.26,1506.6,11.94,0,0
8,2024-12-23,7913.8,14.36,67.1,2.276,102.27,1512.9,12.43,0,0
8,2024-12-24,7923.0,9.12,66.15,2.435,101.68,1504.9,12.6,0,0
8,2024-12-25,7938.5,15.59,68.29,2.377,102.78,1509.7,12.22,0,0
8,2024-12-26,7947.5,9.0,67.25,2.557,101.98,1505.7,11.91,0,0
8,2024-12-27,7958.0,10.43,67.34,2.508,101.19,1506.4,12.08,0,0
8,2024-12-28,7971.5,13.55,69.37,2.304,100.88,1520.2,12.91,0,0
8,2024-12-29,7980.6,9.09,68.24,2.495,101.09,1513.7,12.57,0,0
8,2024-12-30,7989.9,9.25,67.97,2.597,101.85,1530.0,12.72,0,0
9,2023-01-01,11.5,11.52,67.24,2.147,,1451.9,11.16,0,0
9,2023-01-02,25.9,14.41,66.97,2.377,100.05,1446.4,10.4,0,0
9,2023-01-03,32.8,6.88,67.36,2.008,100.36,1441.7,10.02,0,0
9,2023-01-04,43.0,10.19,68.74,2.359,99.71,1454.1,9.95,0,0
9,2023-01-05,58.7,15.7,68.79,2.473,100.87,1449.4,10.62,0,0
9,2023-01-06,72.1,13.39,68.78,2.264,100.99,1447.3,10.71,0,0
9,2023-01-07,80.1,7.98,67.95,2.427,99.59,1441.0,10.65,0,0
9,2023-01-08,88.9,8.85,70.83,2.419,99.87,1451.1,10.93,0,0
9,2023-01-09,104.4,15.48,65.75,2.423,98.32,1447.6,10.23,0,0
9,2023-01-10,112.6,8.21,67.2,2.287,99.35,1448.4,9.98,0,0
9,2023-01-11,123.0,10.41,68.46,2.353,99.96,1468.1,11.13,0,0
9,2023-01-12,132.6,9.56,67.54,2.375,100.37,1454.0,10.16,0,0
9,2023-01-13,143.5,10.9,67.93,2.358,100.09,1452.9,10.55,0,0
9,2023-01-14,151.8,8.37,68.25,2.323,99.38,1460.6,10.11,0,0
9,2023-01-15,164.5,12.68,67.91,2.618,101.33,1450.3,10.68,0,0
9,2023-01-16,172.9,8.35,66.83,2.396,101.23,1458.0,9.98,0,0
9,2023-01-17,184.9,12.02,69.03,2.41,101.33,1459.6,11.13,0,0
9,2023-01-18,194.5,9.58,69.04,2.164,101.78,1446.4,10.48,0,0
9,2023-01-19,203.0,8.51,69.78,2.692,99.24,1452.2,9.96,0,0
9,2023-01-20,215.9,12.95,66.32,2.479,100.65,1442.4,9.73,0,0
9,2023-01-21,231.6,15.65,68.98,2.397,101.14,1445.3,10.34,0,0
9,2023-01-22,246.3,14.69,67.34,2.605,102.5,1448.3,10.69,0,0
9,2023-01-23,253.1,6.87,68.08,2.171,101.72,1457.0,10.22,0,0
9,2023-01-24,263.7,10.54,67.55,2.182,99.97,1445.6,10.75,0,0
9,2023-01-25,276.6,12.95,67.25,2.506,98.64,1455.2,10.06,0,0
9,2023-01-26,288.3,11.63,68.83,2.536,99.01,1451.9,10.59,0,0
9,2023-01-27,301.5,13.26,69.89,2.069,100.9,1451.8,10.28,0,0
9,2023-01-28,317.3,15.75,70.18,2.199,100.29,1460.2,10.58,0,0
9,2023-01-29,326.7,9.42,69.24,2.12,99.53,1467.8,10.12,0,0
9,2023-01-30,340.4,13.71,67.09,2.493,98.24,1441.2,10.19,0,0
9,2023-01-31,347.3,6.94,68.08,2.362,101.11,1458.5,9.95,0,0
9,2023-02-01,362.0,14.7,68.15,2.416,99.07,1470.1,10.71,0,0
9,2023-02-02,375.8,13.78,68.74,2.191,101.64,1461.9,10.22,0,0
9,2023-02-03,387.0,11.21,68.94,2.387,99.23,1458.9,10.22,0,0
9,2023-02-04,401.2,14.21,67.74,2.116,99.78,1439.7,10.21,0,0
9,2023-02-05,413.9,12.67,69.46,2.471,99.56,1464.1,10.53,0,0
9,2023-02-06,425.4,11.52,70.56,2.617,100.86,1467.4,9.69,0,0
9,2023-02-07,440.9,15.46,68.56,2.007,99.55,1459.4,9.98,0,0
9,2023-02-08,448.2,7.3,67.64,2.554,,1461.6,10.77,0,0
9,2023-02-09,464.1,15.93,69.28,2.333,99.88,1462.6,10.43,0,0
9,2023-02-10,471.7,7.54,69.32,2.401,99.35,1459.6,10.18,0,0
9,2023-02-11,482.5,10.8,68.9,2.29,100.24,1460.6,10.63,0,0
9,2023-02-12,490.8,8.31,68.2,2.187,100.49,1441.2,10.42,0,0
9,2023-02-13,499.5,8.72,69.61,2.599,100.93,1474.1,10.77,0,0
9,2023-02-14,511.8,12.32,67.24,2.254,100.84,1461.9,10.18,0,0
9,2023-02-15,518.2,6.35,68.14,2.579,100.94,1461.5,10.12,0,0
9,2023-02-16,533.6,15.41,70.11,2.467,98.45,1457.1,9.95,0,0
9,2023-02-17,542.4,8.8,68.18,2.313,100.2,1438.7,10.69,0,0
9,2023-02-18,551.1,8.73,68.23,2.604,99.33,1435.7,10.68,0,0
9,2023-02-19,565.7,14.64,68.43,2.342,100.23,1458.2,10.57,0,0
9,2023-02-20,579.4,13.65,67.3,2.546,100.36,1453.8,10.07,0,0
9,2023-02-21,592.1,12.72,67.06,2.536,100.43,1460.2,9.93,0,0
9,2023-02-22,599.6,7.46,67.67,2.158,98.62,1451.8,10.63,0,0
9,2023-02-23,613.3,13.7,68.02,2.232,102.62,1451.3,10.44,0,0
9,2023-02-24,622.9,9.61,69.38,2.319,102.53,1452.1,10.09,0,0
9,2023-02-25,638.8,15.94,68.47,2.322,99.6,1450.5,10.55,0,0
9,2023-02-26,651.5,12.71,69.72,2.417,99.11,1445.7,10.92,0,0
9,2023-02-27,665.9,14.36,68.74,2.091,103.07,1444.2,10.26,0,0
9,2023-02-28,679.2,13.34,69.07,2.341,101.33,1458.1,10.34,0,0
9,2023-03-01,691.2,11.94,68.84,2.431,100.97,1459.1,10.65,0,0
9,2023-03-02,704.3,13.16,69.8,2.478,99.0,1430.5,10.73,0,0
9,2023-03-03,716.3,11.97,68.27,2.261,101.84,1452.5,10.38,0,0
9,2023-03-04,722.8,6.51,68.3,2.195,99.36,1452.4,9.83,0,0
9,2023-03-05,732.3,9.46,67.14,2.299,100.04,1457.8,10.68,0,0
9,2023-03-06,741.4,9.16,69.1,2.43,101.6,1458.1,10.17,0,0
9,2023-03-07,754.6,13.14,67.72,2.168,99.81,1459.7,10.49,0,0
9,2023-03-08,766.3,11.76,68.93,2.306,100.46,1451.4,10.7,0,0
9,2023-03-09,778.4,12.1,68.4,2.28,101.4,1448.5,10.57,0,0
9,2023-03-10,792.9,14.47,67.06,2.117,99.01,1440.4,10.4,0,0
9,2023-03-11,804.2,11.25,68.3,2.11,101.39,1453.3,10.35,0,0
9,2023-03-12,812.3,8.18,67.78,2.571,101.83,1441.6,10.14,0,0
9,2023-03-13,818.5,6.12,66.78,2.469,100.16,1448.5,10.44,0,0
9,2023-03-14,826.1,7.59,68.54,2.499,101.46,1443.0,10.04,0,0
9,2023-03-15,832.4,6.31,,2.297,99.45,1465.0,10.62,0,0
9,2023-03-16,840.7,8.37,67.23,2.37,98.69,1443.9,10.64,0,0
9,2023-03-17,853.1,12.35,65.53,2.434,98.24,1447.3,10.34,0,0
9,2023-03-18,860.6,7.51,70.24,2.584,100.74,1458.6,10.15,0,0
9,2023-03-19,867.4,6.82,66.6,2.406,100.68,1463.3,9.84,0,0
9,2023-03-20,883.1,15.71,69.97,2.247,99.64,1448.3,10.12,0,0
9,2023-03-21,899.1,15.97,69.53,2.447,101.4,1466.4,10.15,0,0
9,2023-03-22,911.5,12.37,68.29,1.922,99.58,1451.9,10.38,0,0
9,2023-03-23,918.6,7.09,67.56,2.214,98.98,1463.5,10.1,0,0
9,2023-03-24,932.8,14.22,69.35,2.363,99.28,1454.5,10.63,0,0
9,2023-03-25,944.2,11.39,68.37,2.444,101.64,1443.6,10.79,0,0
9,2023-03-26,952.0,7.82,70.05,2.452,101.07,1447.2,10.4,0,0
9,2023-03-27,963.7,11.76,68.75,2.288,100.06,1453.2,9.96,0,0
9,2023-03-28,970.1,6.39,69.98,2.328,99.95,1462.6,9.69,0,0
9,2023-03-29,985.9,15.72,69.01,2.298,99.66,1458.6,10.38,0,0
9,2023-03-30,1000.1,14.26,69.53,2.451,97.79,1464.3,10.24,0,0
9,2023-03-31,1008.7,8.61,68.57,2.427,98.63,1448.6,10.05,0,0
9,2023-04-01,1018.9,10.19,68.15,2.333,100.09,1441.5,10.28,0,0
9,2023-04-02,1028.9,9.95,67.79,2.252,100.81,1459.0,11.1,0,0
9,2023-04-03,1043.5,14.61,67.3,2.406,99.9,1457.8,10.91,0,0
9,2023-04-04,1053.0,9.55,68.09,2.362,98.67,1452.9,10.89,0,0
9,2023-04-05,1059.5,6.48,67.2,2.574,101.85,1450.1,10.23,0,0
9,2023-04-06,1067.7,8.15,67.8,2.34,98.85,1450.9,10.27,0,0
9,2023-04-07,1075.8,8.16,68.44,2.315,100.24,1448.1,10.66,0,0
9,2023-04-08,1091.3,15.49,68.74,2.223,100.38,1456.9,10.38,0,0
9,2023-04-09,1106.5,15.24,69.58,2.577,,1459.3,10.54,0,0
9,2023-04-10,1115.5,9.01,68.46,2.36,99.28,1464.6,9.98,0,0
9,2023-04-11,1121.6,6.03,68.69,2.383,100.27,1454.2,10.49,0,0
9,2023-04-12,1132.7,11.17,68.0,2.604,100.4,1456.8,9.91,0,0
9,2023-04-13,1146.7,13.97,68.21,2.522,99.09,1440.9,9.66,0,0
9,2023-04-14,1155.4,8.69,68.28,2.14,100.53,1455.0,10.25,0,0
9,2023-04-15,1165.8,10.39,70.31,2.528,99.79,1459.1,10.65,0,0
9,2023-04-16,1173.5,7.73,68.63,2.521,99.91,1447.7,10.48,0,0
9,2023-04-17,1182.8,9.27,67.01,2.085,99.5,1465.5,10.31,0,0
9,2023-04-18,1196.4,13.59,68.44,2.574,101.4,1447.8,9.73,0,0
9,2023-04-19,1206.7,10.28,67.36,2.261,100.1,1456.3,9.88,0,0
9,2023-04-20,1217.1,10.47,67.56,2.461,99.42,1455.6,10.28,0,0
9,2023-04-21,1231.0,13.9,68.26,2.27,98.06,1447.2,10.26,0,0
9,2023-04-22,1244.7,13.63,68.65,2.688,102.11,1452.9,10.35,0,0
9,2023-04-23,1252.5,7.87,68.59,2.379,100.3,1454.6,10.9,0,0
9,2023-04-24,1262.7,10.15,67.53,2.483,101.51,1455.0,10.41,0,0
9,2023-04-25,1277.2,14.49,66.67,2.371,101.46,1441.8,10.77,0,0
9,2023-04-26,1287.7,10.57,68.08,2.19,100.6,1457.0,10.15,0,0
9,2023-04-27,1300.4,12.62,68.14,2.334,101.14,1462.1,9.69,0,0
9,2023-04-28,1309.4,9.06,68.12,2.137,101.49,1461.2,10.69,0,0
9,2023-04-29,1316.0,6.6,68.42,2.392,,1460.2,10.76,0,0
9,2023-04-30,1323.7,7.65,67.78,2.316,101.12,1446.3,10.8,0,0
9,2023-05-01,1333.7,10.02,69.12,2.139,100.51,1459.7,10.08,0,0
9,2023-05-02,1343.2,9.53,68.88,2.279,99.33,1442.1,10.19,0,0
9,2023-05-03,1358.2,14.96,69.03,2.185,101.09,1452.7,10.2,0,0
9,2023-05-04,1369.6,11.46,69.67,2.279,99.26,1445.1,10.52,0,0
9,2023-05-05,1381.9,12.27,68.68,2.325,100.78,1462.0,10.08,0,0
9,2023-05-06,1394.8,12.89,,2.456,100.51,1455.0,10.46,0,0
9,2023-05-07,1406.1,11.32,68.11,2.216,99.58,1438.5,10.64,0,0
9,2023-05-08,1419.8,13.7,68.91,2.224,102.11,1451.4,10.58,0,0
9,2023-05-09,1433.6,13.83,68.28,2.398,101.09,1442.6,10.06,0,0
9,2023-05-10,1443.1,9.51,66.38,2.357,99.42,1449.7,10.65,0,0
9,2023-05-11,1450.0,6.85,67.61,2.46,101.48,1451.4,10.38,0,0
9,2023-05-12,1465.9,15.86,69.68,2.317,99.88,1459.4,10.19,0,0
9,2023-05-13,1478.3,12.43,66.35,2.43,99.82,1461.4,10.67,0,0
9,2023-05-14,1491.4,13.09,68.55,1.912,101.18,1442.8,10.38,0,0
9,2023-05-15,1504.9,13.57,68.75,2.237,100.88,1451.8,10.79,0,0
9,2023-05-16,1517.1,12.13,68.12,2.352,99.98,1451.0,10.68,0,0
9,2023-05-17,1527.8,10.71,67.53,2.331,101.8,1443.9,10.57,0,0
9,2023-05-18,1543.6,15.85,67.15,2.369,99.44,1451.9,10.35,0,0
9,2023-05-19,1556.9,13.28,68.4,2.479,101.65,1461.1,9.94,0,0
9,2023-05-20,1571.4,14.46,67.9,2.268,99.47,1445.8,9.92,0,0
9,2023-05-21,1581.8,10.4,69.75,2.392,100.59,1461.0,11.14,0,0
9,2023-05-22,1596.8,15.05,68.68,2.312,99.87,1443.2,10.52,0,0
9,2023-05-23,1610.1,13.32,67.81,2.417,101.02,1466.8,10.76,0,0
9,2023-05-24,1623.6,13.46,68.5,2.421,98.19,1453.9,10.41,0,0
9,2023-05-25,1630.5,6.87,67.53,2.182,99.18,1448.1,10.33,0,0
9,2023-05-26,1642.6,12.17,68.02,2.399,100.8,1459.2,10.39,0,0
9,2023-05-27,1652.0,9.35,66.43,2.436,101.11,1474.0,10.43,0,0
9,2023-05-28,1664.7,12.69,67.85,2.369,99.59,1465.0,10.38,0,0
9,2023-05-29,1676.4,11.68,69.73,2.57,100.58,1447.6,11.0,0,0
9,2023-05-30,1683.5,7.11,70.0,2.705,98.1,1452.3,10.92,0,0
9,2023-05-31,1694.8,11.3,72.05,2.729,98.6,1454.0,10.93,0,0
9,2023-06-01,1705.3,10.51,73.4,2.942,97.22,1426.7,11.22,0,0
9,2023-06-02,1719.0,13.76,73.84,3.204,95.14,1424.9,11.41,0,0
9,2023-06-03,1730.1,11.03,76.09,3.333,97.69,1410.9,11.37,0,0
9,2023-06-04,1740.9,10.81,76.12,3.412,94.65,1408.2,11.6,0,0
9,2023-06-05,1754.1,13.19,76.11,3.574,93.76,1403.0,11.79,0,0
9,2023-06-06,1766.8,12.69,76.85,3.833,93.4,1395.6,11.93,0,0
9,2023-06-07,1782.7,15.92,77.63,,92.64,1402.4,11.87,0,0
9,2023-06-08,1792.2,9.52,78.31,4.102,92.55,1371.8,12.27,0,0
9,2023-06-09,1805.1,12.88,80.33,4.529,91.16,1380.9,11.85,0,0
9,2023-06-10,1812.8,7.67,80.62,4.55,90.39,1374.2,12.37,1,0
9,2023-06-11,1826.8,14.05,80.63,4.607,90.68,1364.7,12.47,1,0
9,2023-06-12,1840.7,13.86,83.75,4.773,89.49,1369.0,12.85,1,0
9,2023-06-13,1853.9,13.26,83.35,5.368,89.23,1362.6,12.57,1,0
9,2023-06-14,1861.1,7.19,83.41,5.169,87.77,1350.5,12.76,1,0
9,2023-06-15,1877.0,15.88,87.02,5.421,87.64,1346.5,12.83,1,0
9,2023-06-16,1892.4,15.43,88.04,5.398,85.1,1337.5,13.42,1,0
9,2023-06-17,1902.1,9.7,86.72,5.747,87.0,1336.8,12.87,0,1
9,2023-06-18,1913.9,11.77,67.67,2.141,99.81,1466.8,10.09,0,0
9,2023-06-19,1928.8,14.89,67.4,2.288,100.01,1462.7,9.76,0,0
9,2023-06-20,1939.7,10.95,,2.304,100.77,1472.1,10.16,0,0
9,2023-06-21,1951.7,11.99,66.13,2.024,100.47,1460.9,10.37,0,0
9,2023-06-22,1963.8,12.03,67.79,2.417,100.86,1439.5,10.72,0,0
9,2023-06-23,1976.2,12.49,,2.272,101.59,1459.3,10.76,0,0
9,2023-06-24,1988.0,11.76,69.79,2.471,99.98,1448.3,9.94,0,0
9,2023-06-25,1998.1,10.06,68.35,2.309,100.18,1464.7,10.25,0,0
9,2023-06-26,2009.5,11.39,67.67,2.201,102.91,1452.0,10.49,0,0
9,2023-06-27,2024.2,14.71,68.43,2.426,99.75,1443.6,10.27,0,0
9,2023-06-28,2038.8,14.64,66.86,2.327,99.55,1456.9,10.11,0,0
9,2023-06-29,2052.5,13.73,68.28,2.354,101.02,1452.0,9.84,0,0
9,2023-06-30,2062.7,10.14,67.54,2.425,101.16,1457.6,10.03,0,0
9,2023-07-01,2076.5,13.86,68.33,2.38,101.07,1457.0,10.75,0,0
9,2023-07-02,2086.4,9.88,68.67,2.252,99.56,1457.1,10.7,0,0
9,2023-07-03,2099.1,12.64,67.65,2.092,100.08,1457.2,11.17,0,0
9,2023-07-04,2110.7,11.67,68.48,2.205,100.22,1461.2,10.63,0,0
9,2023-07-05,2119.7,9.0,67.51,2.32,99.93,1455.6,10.07,0,0
9,2023-07-06,2130.3,10.53,67.15,2.344,100.39,1453.2,10.5,0,0
9,2023-07-07,2144.6,14.3,69.12,2.564,99.91,1452.1,10.53,0,0
9,2023-07-08,2159.7,15.13,69.23,2.66,101.75,1451.3,10.56,0,0
9,2023-07-09,2167.7,8.05,68.41,2.33,99.23,1452.0,10.32,0,0
9,2023-07-10,2178.3,10.56,68.99,2.413,101.97,1461.1,10.28,0,0
9,2023-07-11,2188.6,10.34,66.66,2.278,98.97,1464.8,10.51,0,0
9,2023-07-12,2199.5,10.89,69.03,2.246,102.21,1460.6,10.11,0,0
9,2023-07-13,2215.3,15.77,69.63,2.315,101.15,1456.7,10.69,0,0
9,2023-07-14,2226.5,11.19,68.81,2.257,99.53,1454.9,10.04,0,0
9,2023-07-15,2240.8,14.3,68.08,2.234,100.22,1456.1,10.01,0,0
9,2023-07-16,2253.4,12.64,66.87,2.265,100.93,1456.2,10.24,0,0
9,2023-07-17,2260.5,7.07,68.75,2.245,100.94,1449.5,10.53,0,0
9,2023-07-18,2273.5,12.96,68.76,2.349,100.11,1448.5,10.67,0,0
9,2023-07-19,2285.9,12.47,69.3,2.369,99.21,1454.9,10.5,0,0
9,2023-07-20,2299.5,13.58,67.88,2.176,101.28,1447.4,10.18,0,0
9,2023-07-21,2306.3,6.74,67.64,2.4,100.5,1447.9,10.32,0,0
9,2023-07-22,2314.7,8.41,67.45,2.335,101.63,1448.8,10.23,0,0
9,2023-07-23,2328.4,13.69,67.28,2.317,100.12,1463.7,10.68,0,0
9,2023-07-24,2338.1,9.71,68.7,2.397,100.43,1466.1,10.43,0,0
9,2023-07-25,2353.2,15.11,68.17,2.573,101.65,1454.2,10.78,0,0
9,2023-07-26,2364.3,11.18,68.67,2.326,100.47,1454.7,10.59,0,0
9,2023-07-27,2370.4,6.01,68.36,2.208,98.93,1460.0,10.28,0,0
9,2023-07-28,2383.3,12.99,67.79,2.425,98.78,1447.0,10.32,0,0
9,2023-07-29,2394.5,11.13,67.33,2.429,98.5,1455.2,10.39,0,0
9,2023-07-30,2403.7,9.17,69.53,2.387,99.35,1470.1,10.35,0,0
9,2023-07-31,2409.9,6.2,68.43,2.343,99.8,1453.7,10.59,0,0
9,2023-08-01,2417.8,7.99,69.39,2.182,101.12,1453.3,10.49,0,0
9,2023-08-02,2425.5,7.62,68.68,2.175,101.24,1453.5,10.2,0,0
9,2023-08-03,2437.3,11.83,67.84,2.29,98.13,1452.3,10.98,0,0
9,2023-08-04,2451.0,13.7,67.79,2.194,100.84,1457.6,10.43,0,0
9,2023-08-05,2459.3,8.35,67.4,2.468,99.86,1456.6,10.07,0,0
9,2023-08-06,2472.3,12.98,69.48,2.111,100.57,1437.8,10.55,0,0
9,2023-08-07,2487.3,15.0,69.61,2.338,102.15,1458.8,10.05,0,0
9,2023-08-08,2499.5,12.22,67.9,2.326,99.4,1446.5,10.46,0,0
9,2023-08-09,2513.3,13.76,68.87,2.431,100.72,1459.5,10.35,0,0
9,2023-08-10,2521.3,8.04,67.85,2.455,101.29,1454.5,10.38,0,0
9,2023-08-11,2528.1,6.75,66.72,2.232,100.31,1455.3,10.11,0,0
9,2023-08-12,2537.7,9.65,67.64,2.541,99.61,1455.9,10.33,0,0
9,2023-08-13,2550.8,13.09,68.93,2.189,99.59,1449.9,10.33,0,0
9,2023-08-14,2563.7,12.86,69.22,2.477,99.74,1449.4,10.36,0,0
9,2023-08-15,2579.2,15.55,68.2,2.437,100.46,1460.2,10.92,0,0
9,2023-08-16,2591.5,12.3,67.52,2.075,99.54,1450.0,10.2,0,0
9,2023-08-17,2601.6,10.11,67.08,2.188,100.82,1445.7,10.43,0,0
9,2023-08-18,2615.6,13.97,67.89,2.483,100.64,1458.0,9.97,0,0
9,2023-08-19,2623.1,7.53,67.96,2.372,98.51,1457.7,9.74,0,0
9,2023-08-20,2637.3,14.13,67.96,2.357,101.35,1453.9,10.27,0,0
9,2023-08-21,2646.9,9.66,67.03,1.959,102.43,1455.9,10.79,0,0
9,2023-08-22,2654.5,7.54,68.56,2.322,99.74,1455.1,9.99,0,0
9,2023-08-23,2662.1,7.62,68.31,2.247,101.14,1459.1,10.58,0,0
9,2023-08-24,2677.9,15.84,67.93,2.161,101.57,1460.9,10.72,0,0
9,2023-08-25,2690.2,12.23,68.21,2.45,100.94,1458.4,10.79,0,0
9,2023-08-26,2697.9,7.74,68.74,2.354,100.79,1461.3,10.56,0,0
9,2023-08-27,2706.6,8.69,68.76,2.219,98.53,1467.2,10.12,0,0
9,2023-08-28,2716.3,9.72,69.47,2.233,99.94,1457.9,10.0,0,0
9,2023-08-29,2722.9,6.56,69.48,2.363,100.07,1453.7,9.8,0,0
9,2023-08-30,2730.0,7.08,68.72,2.417,101.56,1441.7,10.92,0,0
9,2023-08-31,2743.6,13.62,68.05,2.459,98.94,1443.8,10.62,0,0
9,2023-09-01,2757.4,13.87,67.56,2.427,102.17,1457.2,10.56,0,0
9,2023-09-02,2773.3,15.88,69.06,2.343,101.86,1452.1,9.65,0,0
9,2023-09-03,2780.0,6.68,67.02,2.221,99.23,1450.3,10.55,0,0
9,2023-09-04,2794.9,14.89,68.29,2.399,98.98,1458.8,10.42,0,0
9,2023-09-05,2804.1,9.17,67.27,2.199,101.31,1459.9,10.46,0,0
9,2023-09-06,2813.3,9.28,69.18,2.363,99.93,1456.9,10.24,0,0
9,2023-09-07,2820.6,7.27,69.02,2.323,99.98,1451.0,10.41,0,0
9,2023-09-08,2836.5,15.86,,2.467,101.2,1470.0,10.05,0,0
9,2023-09-09,2852.3,15.81,71.1,2.456,99.05,1453.5,10.39,0,0
9,2023-09-10,2866.9,14.65,67.46,2.435,101.19,1461.5,9.98,0,0
9,2023-09-11,2873.8,6.91,68.65,2.419,98.99,1452.4,10.67,0,0
9,2023-09-12,2888.3,14.42,68.76,2.333,98.93,1445.8,10.62,0,0
9,2023-09-13,2900.6,12.35,68.44,2.58,101.14,1454.8,10.58,0,0
9,2023-09-14,2907.9,7.29,67.93,2.436,100.92,1474.1,9.91,0,0
9,2023-09-15,2916.5,8.62,68.32,2.57,98.04,1462.0,10.39,0,0
9,2023-09-16,2929.4,12.89,69.99,2.506,101.11,1453.4,10.58,0,0
9,2023-09-17,2943.4,14.03,68.25,,102.15,1458.7,10.59,0,0
9,2023-09-18,2957.9,14.48,68.86,2.264,100.33,1451.6,10.9,0,0
9,2023-09-19,2969.4,11.44,66.6,2.421,101.51,1459.7,10.07,0,0
9,2023-09-20,2980.7,11.35,68.06,2.168,100.0,1469.7,10.27,0,0
9,2023-09-21,2993.5,12.84,70.49,2.295,101.31,1450.0,10.49,0,0
9,2023-09-22,3007.3,13.78,67.7,2.245,97.59,1456.4,10.41,0,0
9,2023-09-23,3015.0,7.71,67.65,2.344,99.61,1457.2,10.62,0,0
9,2023-09-24,3028.4,13.4,69.94,2.029,103.07,1451.1,9.81,0,0
9,2023-09-25,3037.8,9.42,67.6,2.668,101.73,1450.8,10.26,0,0
9,2023-09-26,3047.7,9.84,67.48,2.453,99.92,1455.6,10.27,0,0
9,2023-09-27,3054.5,6.78,68.91,2.503,100.2,1449.1,10.6,0,0
9,2023-09-28,3066.3,11.88,70.59,2.371,99.11,1462.4,10.72,0,0
9,2023-09-29,3073.3,6.93,69.13,2.527,100.24,1452.9,10.46,0,0
9,2023-09-30,3088.4,15.13,,2.432,98.5,1453.2,10.96,0,0
9,2023-10-01,3100.6,12.21,69.55,2.471,100.76,1446.7,10.34,0,0
9,2023-10-02,3116.5,15.9,68.02,2.421,99.67,1447.6,10.18,0,0
9,2023-10-03,3125.0,8.46,,2.551,100.93,1450.3,10.85,0,0
9,2023-10-04,3137.8,12.8,69.71,2.243,99.66,1450.3,10.31,0,0
9,2023-10-05,3153.4,15.64,69.53,2.582,99.59,1446.0,10.14,0,0
9,2023-10-06,3162.4,8.99,67.85,2.323,101.14,1461.0,10.67,0,0
9,2023-10-07,3169.4,6.96,69.25,2.227,99.79,1465.7,10.15,0,0
9,2023-10-08,3181.7,12.34,69.51,2.413,99.85,1453.0,10.53,0,0
9,2023-10-09,3191.4,9.66,68.05,2.182,101.74,1447.0,10.77,0,0
9,2023-10-10,3200.1,8.73,68.37,2.275,101.72,1447.6,10.36,0,0
9,2023-10-11,3216.0,15.94,67.02,2.306,101.08,1455.9,10.76,0,0
9,2023-10-12,3229.6,13.54,68.19,2.315,100.25,1455.0,10.49,0,0
9,2023-10-13,3240.4,10.85,67.62,2.493,102.71,1441.8,9.9,0,0
9,2023-10-14,3246.9,6.5,68.0,2.471,101.61,1437.4,10.65,0,0
9,2023-10-15,3254.8,7.92,66.89,2.301,99.58,1455.0,10.83,0,0
9,2023-10-16,3263.8,8.99,69.52,2.414,100.97,1460.1,10.52,0,0
9,2023-10-17,3274.7,10.87,69.29,2.664,99.26,1463.8,10.27,0,0
9,2023-10-18,3285.7,10.97,69.52,2.167,100.68,1449.3,10.46,0,0
9,2023-10-19,3291.9,6.25,68.25,2.197,100.05,1463.3,10.21,0,0
9,2023-10-20,3307.4,15.43,67.89,2.355,99.69,1452.2,10.79,0,0
9,2023-10-21,3318.8,11.43,68.51,2.754,100.7,1444.9,10.45,0,0
9,2023-10-22,3325.0,6.2,68.58,2.224,99.37,1468.7,10.48,0,0
9,2023-10-23,3338.0,13.01,69.7,2.26,99.98,1441.3,10.33,0,0
9,2023-10-24,3344.7,6.71,68.39,2.431,100.7,1452.8,10.7,0,0
9,2023-10-25,3357.9,13.21,68.32,2.49,100.33,1449.1,10.1,0,0
9,2023-10-26,3370.9,13.01,69.01,2.348,100.05,1457.3,11.09,0,0
9,2023-10-27,3386.8,15.85,66.35,2.382,99.93,1461.8,10.39,0,0
9,2023-10-28,3396.2,9.42,69.7,2.345,99.96,1439.7,10.44,0,0
9,2023-10-29,3403.6,7.44,68.97,,101.83,1449.2,10.09,0,0
9,2023-10-30,3410.6,6.92,68.67,2.13,101.27,1461.8,10.87,0,0
9,2023-10-31,3417.3,6.72,68.84,2.374,98.56,1447.4,10.51,0,0
9,2023-11-01,3431.4,14.1,69.14,2.353,99.21,1441.9,10.61,0,0
9,2023-11-02,3444.6,13.19,70.86,2.402,99.01,1450.7,10.21,0,0
9,2023-11-03,3460.3,15.76,67.85,2.266,99.79,1449.4,10.78,0,0
9,2023-11-04,3469.4,9.09,69.36,2.423,101.46,1460.5,10.19,0,0
9,2023-11-05,3483.5,14.03,68.65,2.469,99.42,1454.8,10.65,0,0
9,2023-11-06,3490.4,6.93,68.43,2.892,99.97,1442.3,10.41,0,0
9,2023-11-07,3505.4,15.04,71.33,2.61,99.9,1449.7,10.32,0,0
9,2023-11-08,3511.9,6.52,71.53,2.699,95.91,1435.9,10.68,0,0
9,2023-11-09,3525.8,13.88,72.54,3.039,96.82,1418.7,10.63,0,0
9,2023-11-10,3534.9,9.07,73.38,3.257,95.05,1418.3,11.11,0,0
9,2023-11-11,3542.7,7.81,74.59,3.363,95.3,1413.5,11.75,0,0
9,2023-11-12,3555.7,13.05,75.98,3.53,95.7,1427.2,11.96,0,0
9,2023-11-13,3570.7,14.96,75.68,3.594,92.77,1403.9,12.32,0,0
9,2023-11-14,3584.3,13.64,77.02,3.61,93.79,1388.9,11.65,0,0
9,2023-11-15,3593.5,9.13,79.13,4.197,91.3,1391.8,11.85,0,0
9,2023-11-16,3603.0,9.54,78.09,4.418,91.08,1392.4,12.11,0,0
9,2023-11-17,3610.9,7.89,81.11,4.233,92.83,1380.2,11.68,0,0
9,2023-11-18,3625.2,14.24,81.03,4.418,91.61,1383.3,12.16,1,0
9,2023-11-19,3632.2,7.07,83.07,4.438,88.93,1374.6,12.3,1,0
9,2023-11-20,3647.3,15.03,83.54,4.782,89.48,1367.9,12.36,1,0
9,2023-11-21,3659.3,12.01,83.55,5.059,88.53,1361.7,12.67,1,0
9,2023-11-22,3671.2,11.89,84.53,5.077,88.33,1360.4,12.5,1,0
9,2023-11-23,3685.5,14.38,85.26,5.453,88.22,1352.7,13.11,1,0
9,2023-11-24,3698.2,12.68,85.78,5.366,89.15,1329.2,12.75,1,0
9,2023-11-25,3707.2,9.04,88.04,5.767,85.56,1323.1,13.2,0,1
9,2023-11-26,3716.7,9.5,68.46,2.394,102.22,1458.9,9.86,0,0
9,2023-11-27,3724.5,7.73,68.89,2.296,99.35,1447.0,10.71,0,0
9,2023-11-28,3735.1,10.64,67.99,2.309,100.1,1445.3,10.97,0,0
9,2023-11-29,3742.2,7.1,68.86,2.454,99.74,1461.3,10.2,0,0
9,2023-11-30,3754.7,12.53,69.37,2.756,99.79,1450.8,10.11,0,0
9,2023-12-01,3762.4,7.69,70.15,2.328,100.46,1459.9,10.56,0,0
9,2023-12-02,3777.1,14.64,67.39,2.497,100.99,1459.0,10.18,0,0
9,2023-12-03,3790.1,13.0,69.58,2.592,100.58,1454.4,10.0,0,0
9,2023-12-04,3805.0,14.92,68.66,2.249,101.0,1461.2,9.84,0,0
9,2023-12-05,3811.9,6.87,68.59,2.215,100.92,1458.2,9.99,0,0
9,2023-12-06,3825.9,13.99,67.93,2.349,100.55,1461.1,10.72,0,0
9,2023-12-07,3840.7,14.81,69.49,2.374,100.11,1443.1,10.73,0,0
9,2023-12-08,3847.1,6.45,68.59,2.423,99.61,1452.9,10.21,0,0
9,2023-12-09,3863.1,15.99,67.06,2.228,99.76,1443.1,10.5,0,0
9,2023-12-10,3872.1,9.01,66.59,2.459,101.59,1451.5,10.75,0,0
9,2023-12-11,3880.2,8.12,68.37,2.18,,1446.1,9.98,0,0
9,2023-12-12,3890.4,10.15,68.8,2.345,100.81,1446.3,10.43,0,0
9,2023-12-13,3896.5,6.09,,,101.75,1454.6,9.83,0,0
9,2023-12-14,3911.3,14.86,67.96,2.142,100.75,1467.1,10.3,0,0
9,2023-12-15,3920.0,8.68,69.36,2.412,100.48,1456.9,10.6,0,0
9,2023-12-16,3931.2,11.22,67.99,2.314,101.97,1456.3,10.78,0,0
9,2023-12-17,3943.5,12.24,68.81,2.279,100.39,1442.8,10.56,0,0
9,2023-12-18,3957.4,13.91,67.79,2.393,99.84,1467.9,9.69,0,0
9,2023-12-19,3965.9,8.5,69.46,2.128,101.89,1455.9,10.03,0,0
9,2023-12-20,3979.0,13.17,68.64,2.408,99.85,1463.1,10.29,0,0
9,2023-12-21,3986.2,7.18,68.44,2.167,100.3,1450.7,10.44,0,0
9,2023-12-22,3999.3,13.04,,2.4,99.73,1459.5,10.42,0,0
9,2023-12-23,4014.4,15.19,66.88,2.364,98.12,1442.9,10.15,0,0
9,2023-12-24,4021.3,6.85,68.97,2.573,98.64,1456.8,10.66,0,0
9,2023-12-25,4028.5,7.17,66.78,2.573,99.16,1460.1,10.38,0,0
9,2023-12-26,4040.0,11.57,68.46,2.463,100.27,1467.6,10.02,0,0
9,2023-12-27,4046.5,6.46,68.42,2.336,100.39,1470.5,10.19,0,0
9,2023-12-28,4054.4,7.87,68.71,2.346,100.58,1460.7,11.18,0,0
9,2023-12-29,4062.3,7.9,66.64,2.176,99.56,1444.7,10.75,0,0
9,2023-12-30,4073.1,10.81,68.61,2.078,99.48,1450.3,10.64,0,0
9,2023-12-31,4081.6,8.48,69.59,2.509,103.37,1450.5,10.46,0,0
9,2024-01-01,4092.3,10.76,67.76,2.282,99.55,1463.9,10.07,0,0
9,2024-01-02,4103.5,11.21,67.69,2.215,100.68,1454.1,10.34,0,0
9,2024-01-03,4116.8,13.31,67.85,2.081,101.32,1456.5,10.17,0,0
9,2024-01-04,4132.3,15.46,69.2,2.367,100.69,1470.4,10.33,0,0
9,2024-01-05,4143.3,11.04,67.56,2.307,99.97,1453.3,10.09,0,0
9,2024-01-06,4152.9,9.55,67.99,2.245,99.09,1446.1,10.53,0,0
9,2024-01-07,4161.5,8.59,69.17,2.237,99.06,1458.4,10.13,0,0
9,2024-01-08,4173.8,12.35,67.54,2.387,99.8,1447.0,10.16,0,0
9,2024-01-09,4189.3,15.43,69.32,2.354,100.09,1448.0,10.5,0,0
9,2024-01-10,4202.9,13.65,67.8,2.089,100.18,1454.0,10.96,0,0
9,2024-01-11,4211.0,8.06,68.21,2.213,99.5,1472.0,10.05,0,0
9,2024-01-12,4225.9,14.93,69.22,2.476,99.74,1451.6,10.16,0,0
9,2024-01-13,4239.3,13.36,69.19,2.233,101.61,1459.2,10.38,0,0
9,2024-01-14,4246.5,7.28,,2.484,99.2,1452.3,10.22,0,0
9,2024-01-15,4259.7,13.13,67.44,2.347,99.54,1455.5,9.7,0,0
9,2024-01-16,4268.6,8.89,69.75,2.274,98.92,1465.3,10.85,0,0
9,2024-01-17,4279.5,10.91,68.11,2.286,103.08,1460.2,10.05,0,0
9,2024-01-18,4288.5,9.0,68.76,2.433,98.27,1454.5,10.46,0,0
9,2024-01-19,4295.3,6.84,69.03,2.205,99.87,1452.1,10.59,0,0
9,2024-01-20,4309.0,13.69,67.6,2.145,102.04,1466.4,10.03,0,0
9,2024-01-21,4323.3,14.29,67.01,2.238,101.61,1468.3,10.45,0,0
9,2024-01-22,4331.6,8.32,68.92,,,1454.9,10.56,0,0
9,2024-01-23,4340.0,8.4,66.9,2.186,100.72,1461.3,9.75,0,0
9,2024-01-24,4350.3,10.3,67.32,2.183,99.14,1463.0,10.31,0,0
9,2024-01-25,4364.4,14.11,68.96,2.367,98.7,1448.4,10.48,0,0
9,2024-01-26,4371.2,6.77,68.69,2.051,99.57,1452.8,10.65,0,0
9,2024-01-27,4385.3,14.09,68.65,2.361,99.71,1460.1,9.84,0,0
9,2024-01-28,4400.5,15.23,67.8,2.328,100.74,1456.5,10.39,0,0
9,2024-01-29,4412.1,11.62,69.52,2.453,100.13,1449.3,10.64,0,0
9,2024-01-30,4418.7,6.6,67.38,2.392,101.89,1449.4,10.46,0,0
9,2024-01-31,4427.4,8.7,66.27,2.387,100.49,1460.6,10.59,0,0
9,2024-02-01,4434.5,7.11,66.56,2.196,98.6,1446.7,10.58,0,0
9,2024-02-02,4443.1,8.59,68.39,2.283,98.79,1451.3,10.09,0,0
9,2024-02-03,4457.2,14.12,68.21,2.117,99.84,1447.6,10.64,0,0
9,2024-02-04,4463.8,6.56,68.97,2.521,99.51,1458.4,10.59,0,0
9,2024-02-05,4472.6,8.84,68.87,2.548,100.21,1463.5,10.22,0,0
9,2024-02-06,4483.8,11.17,68.18,2.414,101.01,1434.2,10.34,0,0
9,2024-02-07,4498.5,14.74,66.86,2.162,100.83,1445.8,10.61,0,0
9,2024-02-08,4507.0,8.5,67.67,2.441,99.13,1451.4,10.75,0,0
9,2024-02-09,4520.8,13.78,67.74,2.275,101.41,1461.3,10.31,0,0
9,2024-02-10,4532.7,11.84,69.82,2.095,99.88,1442.9,10.48,0,0
9,2024-02-11,4545.4,12.76,68.11,2.289,100.27,1460.1,10.77,0,0
9,2024-02-12,4560.0,14.62,69.23,2.499,99.32,1465.9,10.21,0,0
9,2024-02-13,4566.3,6.26,68.42,2.313,100.64,1455.0,10.83,0,0
9,2024-02-14,4577.6,11.3,68.13,2.362,100.58,1457.4,10.1,0,0
9,2024-02-15,4591.1,13.47,67.74,2.165,101.7,1453.8,10.31,0,0
9,2024-02-16,4605.9,14.85,68.73,2.309,99.59,1441.8,10.59,0,0
9,2024-02-17,4613.3,7.33,67.19,2.305,100.32,1450.3,10.72,0,0
9,2024-02-18,4622.7,9.41,68.18,2.192,100.6,1461.7,10.43,0,0
9,2024-02-19,4629.5,6.79,68.32,2.373,100.53,1460.9,9.81,0,0
9,2024-02-20,4643.8,14.35,68.41,2.305,101.52,1459.8,10.3,0,0
9,2024-02-21,4658.4,14.57,67.37,2.427,99.44,1453.0,10.3,0,0
9,2024-02-22,4669.2,10.84,67.82,2.267,100.7,1459.5,10.33,0,0
9,2024-02-23,4675.4,6.21,68.52,2.367,100.79,1454.6,10.73,0,0
9,2024-02-24,4682.4,7.02,68.43,2.234,99.86,1440.5,10.03,0,0
9,2024-02-25,4694.7,12.24,69.46,2.106,100.46,1447.1,10.34,0,0
9,2024-02-26,4710.5,15.83,68.0,2.505,100.42,1449.1,10.31,0,0
9,2024-02-27,4724.9,14.39,67.03,2.274,100.68,1444.1,10.3,0,0
9,2024-02-28,4738.9,13.98,67.74,2.208,99.91,1453.5,10.09,0,0
9,2024-02-29,4749.1,10.18,67.16,2.423,99.44,1460.1,10.43,0,0
9,2024-03-01,4764.9,15.85,69.78,2.347,100.39,1468.9,10.25,0,0
9,2024-03-02,4779.2,14.25,69.01,2.146,100.91,1449.1,10.16,0,0
9,2024-03-03,4788.5,9.36,68.57,2.313,99.26,1449.2,10.22,0,0
9,2024-03-04,4802.0,13.48,68.6,2.096,101.09,1461.6,10.19,0,0
9,2024-03-05,4812.3,10.33,68.13,2.245,100.4,1449.0,10.07,0,0
9,2024-03-06,4824.9,12.6,66.85,2.548,100.09,1463.2,10.13,0,0
9,2024-03-07,4840.6,15.7,67.77,2.186,100.17,1454.4,9.92,0,0
9,2024-03-08,4849.1,8.46,65.81,2.238,99.08,1451.6,10.89,0,0
9,2024-03-09,4863.0,13.95,68.9,2.376,100.43,1452.4,10.42,0,0
9,2024-03-10,4875.0,11.9,68.34,2.184,100.02,1468.2,10.33,0,0
9,2024-03-11,4890.5,15.5,68.28,2.237,100.49,1453.7,10.67,0,0
9,2024-03-12,4897.8,7.34,67.49,2.501,100.08,1444.0,10.44,0,0
9,2024-03-13,4911.0,13.2,68.11,2.207,99.71,1468.9,10.55,0,0
9,2024-03-14,4917.4,6.37,68.81,2.308,99.1,1460.5,10.41,0,0
9,2024-03-15,4925.8,8.47,68.6,2.239,98.5,1455.9,10.89,0,0
9,2024-03-16,4935.0,9.21,67.11,2.269,99.86,1431.0,11.14,0,0
9,2024-03-17,4945.4,10.32,67.51,2.367,97.73,1449.0,10.92,0,0
9,2024-03-18,4961.0,15.65,68.87,2.347,98.79,1453.6,9.44,0,0
9,2024-03-19,4967.7,6.68,,2.256,101.08,1443.7,10.18,0,0
9,2024-03-20,4975.4,7.69,70.02,2.328,99.34,1450.4,10.2,0,0
9,2024-03-21,4983.4,8.03,67.24,2.485,100.88,1445.9,10.76,0,0
9,2024-03-22,4993.7,10.24,68.01,2.332,100.78,1456.7,10.24,0,0
9,2024-03-23,5000.3,6.61,67.83,2.344,99.45,1460.9,10.27,0,0
9,2024-03-24,5015.9,15.65,67.99,2.237,101.18,1460.3,10.22,0,0
9,2024-03-25,5027.5,11.6,67.22,2.424,101.57,1460.3,10.27,0,0
9,2024-03-26,5041.6,14.13,66.36,2.196,98.76,1448.9,10.36,0,0
9,2024-03-27,5055.4,13.72,68.78,2.546,101.11,1467.9,10.53,0,0
9,2024-03-28,5068.0,12.61,69.7,,99.58,1456.3,10.33,0,0
9,2024-03-29,5083.0,15.04,67.74,2.301,,1438.4,10.32,0,0
9,2024-03-30,5098.0,15.02,68.49,2.524,100.47,1458.7,10.22,0,0
9,2024-03-31,5105.3,7.28,68.04,2.453,100.77,1447.7,10.43,0,0
9,2024-04-01,5120.3,15.02,68.03,2.557,100.16,1452.2,9.8,0,0
9,2024-04-02,5131.6,11.24,67.59,2.482,102.03,1456.3,9.84,0,0
9,2024-04-03,5140.3,8.68,68.9,2.256,100.97,1457.4,10.06,0,0
9,2024-04-04,5152.3,12.09,68.46,2.272,100.16,1462.7,10.55,0,0
9,2024-04-05,5161.2,8.81,,2.382,100.39,1455.8,9.86,0,0
9,2024-04-06,5171.9,10.79,68.98,2.298,103.25,1464.8,10.65,0,0
9,2024-04-07,5186.1,14.16,69.64,2.491,100.7,1450.9,10.4,0,0
9,2024-04-08,5192.4,6.32,69.38,2.206,101.62,1462.8,10.03,0,0
9,2024-04-09,5200.3,7.83,68.06,2.327,101.18,1443.9,10.52,0,0
9,2024-04-10,5215.8,15.57,67.36,2.291,99.08,1443.8,10.08,0,0
9,2024-04-11,5226.3,10.45,67.34,2.288,99.17,1458.2,10.37,0,0
9,2024-04-12,5235.3,9.03,67.73,2.343,100.2,1444.5,10.21,0,0
9,2024-04-13,5250.5,15.23,67.8,2.285,100.12,1461.3,10.66,0,0
9,2024-04-14,5265.7,15.11,69.08,2.287,100.52,1457.4,10.61,0,0
9,2024-04-15,5272.1,6.44,66.34,2.181,101.48,1462.3,10.66,0,0
9,2024-04-16,5281.7,9.62,69.13,2.505,100.34,1453.7,10.89,0,0
9,2024-04-17,5296.9,15.13,69.66,2.572,97.32,1450.9,10.89,0,0
9,2024-04-18,5304.7,7.8,70.43,2.735,97.43,1444.4,10.9,0,0
9,2024-04-19,5316.4,11.78,72.66,2.995,99.0,1431.6,10.41,0,0
9,2024-04-20,5325.6,9.21,72.46,3.217,97.27,1422.9,11.13,0,0
9,2024-04-21,5339.0,13.37,73.97,3.602,94.36,1426.4,10.66,0,0
9,2024-04-22,5346.6,7.58,75.95,3.413,95.03,1425.7,11.04,0,0
9,2024-04-23,5358.6,11.96,75.78,3.785,92.6,1403.2,11.8,0,0
9,2024-04-24,5364.6,6.0,78.3,3.802,94.86,1408.2,11.36,0,0
9,2024-04-25,5373.1,8.53,77.24,4.232,93.6,1391.2,12.01,0,0
9,2024-04-26,5380.7,7.62,76.16,4.47,92.15,1384.2,11.96,0,0
9,2024-04-27,5388.8,8.1,80.5,4.196,91.56,1385.6,12.11,0,0
9,2024-04-28,5403.4,14.6,81.3,4.529,,1381.1,12.22,1,0
9,2024-04-29,5418.5,15.15,82.99,4.727,91.45,1373.2,12.62,1,0
9,2024-04-30,5432.1,13.55,83.38,5.05,89.92,1363.7,12.53,1,0
9,2024-05-01,5444.0,11.9,85.43,4.868,89.49,1357.8,12.64,1,0
9,2024-05-02,5452.3,8.31,85.23,5.326,88.45,1339.9,13.04,1,0
9,2024-05-03,5461.1,8.75,86.92,5.346,88.71,1345.0,13.05,1,0
9,2024-05-04,5470.2,9.1,87.72,5.23,88.44,1348.8,12.88,1,0
9,2024-05-05,5483.9,13.77,87.28,5.661,85.24,1341.1,13.35,0,1
9,2024-05-06,5492.5,8.53,67.76,,100.03,1449.4,9.97,0,0
9,2024-05-07,5508.2,15.73,67.96,2.552,100.28,1459.1,10.36,0,0
9,2024-05-08,5522.2,13.96,70.36,2.372,99.54,1458.2,10.73,0,0
9,2024-05-09,5538.1,16.0,67.64,2.337,99.86,1467.8,10.08,0,0
9,2024-05-10,5548.7,10.59,68.63,2.078,100.15,1461.7,10.62,0,0
9,2024-05-11,5560.6,11.89,68.31,2.398,100.24,1457.0,10.55,0,0
9,2024-05-12,5569.4,8.8,68.44,2.251,99.81,1459.8,9.9,0,0
9,2024-05-13,5581.5,12.04,68.26,2.304,99.69,1448.8,10.39,0,0
9,2024-05-14,5597.2,15.74,67.84,2.48,100.28,1456.7,10.71,0,0
9,2024-05-15,5603.5,6.3,67.08,2.428,99.42,1470.6,10.18,0,0
9,2024-05-16,5612.4,8.89,67.27,2.418,100.59,1454.8,10.17,0,0
9,2024-05-17,5621.2,8.81,68.95,2.214,98.99,1451.3,10.11,0,0
9,2024-05-18,5637.0,15.82,68.68,2.135,100.2,1464.5,10.44,0,0
9,2024-05-19,5644.4,7.33,68.42,2.242,101.89,1451.6,9.88,0,0
9,2024-05-20,5658.5,14.12,70.01,2.159,99.98,1447.0,10.0,0,0
9,2024-05-21,5667.2,8.75,70.66,2.51,101.11,1466.6,10.1,0,0
9,2024-05-22,5681.8,14.61,67.27,2.375,99.1,1450.7,9.79,0,0
9,2024-05-23,5692.7,10.88,69.62,2.625,99.81,1453.8,9.87,0,0
9,2024-05-24,5701.1,8.42,67.01,2.414,100.88,1452.4,10.09,0,0
9,2024-05-25,5714.2,13.1,67.77,2.561,97.71,1469.6,10.26,0,0
9,2024-05-26,5728.7,14.42,68.37,2.412,100.84,1438.1,10.75,0,0
9,2024-05-27,5739.4,10.7,69.05,2.513,100.15,1459.0,10.68,0,0
9,2024-05-28,5752.5,13.14,66.94,2.349,99.88,1444.1,10.5,0,0
9,2024-05-29,5760.3,7.82,68.29,2.536,101.68,1462.8,11.0,0,0
9,2024-05-30,5775.7,15.38,68.32,2.477,98.76,1449.9,10.34,0,0
9,2024-05-31,5782.7,6.96,66.74,2.139,100.62,1452.1,10.61,0,0
9,2024-06-01,5790.9,8.22,68.64,2.482,101.06,1452.2,10.24,0,0
9,2024-06-02,5799.8,8.88,68.08,2.449,99.5,1455.0,10.56,0,0
9,2024-06-03,5807.3,7.53,68.78,2.058,98.17,1446.7,10.17,0,0
9,2024-06-04,5817.4,10.07,67.74,2.327,100.52,1462.8,9.8,0,0
9,2024-06-05,5827.9,10.58,67.83,2.505,101.06,1449.3,10.28,0,0
9,2024-06-06,5839.1,11.19,70.48,2.021,101.71,1450.9,10.75,0,0
9,2024-06-07,5845.5,6.41,67.42,2.448,98.6,1446.1,9.83,0,0
9,2024-06-08,5853.7,8.19,68.02,2.403,99.95,1462.4,10.06,0,0
9,2024-06-09,5867.8,14.08,67.69,2.355,102.43,1452.8,10.44,0,0
9,2024-06-10,5881.9,14.11,68.34,2.822,100.48,1466.6,10.54,0,0
9,2024-06-11,5891.2,9.3,68.5,2.456,100.52,1429.7,10.65,0,0
9,2024-06-12,5901.8,10.61,69.42,2.267,100.81,1460.7,10.67,0,0
9,2024-06-13,5909.6,7.83,67.66,2.304,100.26,1444.7,10.36,0,0
9,2024-06-14,5923.9,14.22,67.95,2.483,99.94,1448.4,9.99,0,0
9,2024-06-15,5939.4,15.57,68.45,2.439,100.03,1454.2,10.65,0,0
9,2024-06-16,5948.4,8.91,66.41,2.308,101.67,1459.5,10.1,0,0
9,2024-06-17,5962.2,13.82,69.37,2.498,100.98,1476.8,10.07,0,0
9,2024-06-18,5971.7,9.52,64.96,2.191,100.59,1448.2,10.85,0,0
9,2024-06-19,5977.7,6.03,68.93,2.481,98.33,1448.9,10.27,0,0
9,2024-06-20,5989.7,12.0,71.68,2.279,99.7,1449.1,10.44,0,0
9,2024-06-21,5999.8,10.1,68.81,2.446,102.34,1451.0,10.64,0,0
9,2024-06-22,6013.4,13.58,68.91,,99.43,1462.5,10.39,0,0
9,2024-06-23,6026.9,13.49,68.31,2.069,100.3,1454.9,10.39,0,0
9,2024-06-24,6042.4,15.46,67.37,2.294,100.13,1467.4,10.84,0,0
9,2024-06-25,6052.7,10.38,69.0,2.02,98.78,1465.1,10.07,0,0
9,2024-06-26,6063.6,10.83,66.8,2.443,99.28,1459.8,10.41,0,0
9,2024-06-27,6073.6,10.0,67.02,2.522,98.63,1451.4,10.48,0,0
9,2024-06-28,6082.5,8.97,67.75,2.248,98.53,1439.7,9.71,0,0
9,2024-06-29,6094.9,12.38,68.73,2.414,100.71,1453.4,10.15,0,0
9,2024-06-30,6109.2,14.28,66.97,2.397,99.46,1448.1,9.98,0,0
9,2024-07-01,6116.8,7.58,68.88,2.4,102.1,1453.7,10.63,0,0
9,2024-07-02,6132.6,15.82,68.65,2.445,101.04,1451.6,10.39,0,0
9,2024-07-03,6145.4,12.84,68.29,,100.18,1451.2,10.31,0,0
9,2024-07-04,6159.2,13.8,66.54,2.279,,1454.1,10.3,0,0
9,2024-07-05,6175.2,15.99,69.13,2.293,98.02,1440.2,10.7,0,0
9,2024-07-06,6186.3,11.04,67.96,2.124,100.12,1450.2,10.33,0,0
9,2024-07-07,6193.0,6.71,68.14,2.028,101.29,1464.3,10.45,0,0
9,2024-07-08,6206.9,13.9,67.72,2.342,98.9,1462.2,10.12,0,0
9,2024-07-09,6221.6,14.71,66.64,2.604,100.92,1454.0,10.63,0,0
9,2024-07-10,6229.2,7.62,,2.201,100.48,1440.9,10.68,0,0
9,2024-07-11,6235.4,6.24,69.16,2.259,98.65,1451.8,9.87,0,0
9,2024-07-12,6242.8,7.36,69.8,2.357,101.81,1449.8,10.21,0,0
9,2024-07-13,6252.0,9.24,68.76,2.296,101.37,1455.6,10.07,0,0
9,2024-07-14,6267.3,15.24,68.96,2.343,100.85,1455.4,10.42,0,0
9,2024-07-15,6273.3,6.02,69.86,2.4,98.87,1458.1,10.4,0,0
9,2024-07-16,6287.3,14.04,69.84,2.378,99.37,1443.0,10.55,0,0
9,2024-07-17,6301.9,14.55,68.8,2.204,100.11,1439.1,10.16,0,0
9,2024-07-18,6316.0,14.11,67.61,2.189,101.66,1450.7,10.34,0,0
9,2024-07-19,6322.8,6.82,66.23,2.379,100.0,1445.8,10.24,0,0
9,2024-07-20,6335.6,12.79,68.27,2.144,100.41,1455.7,9.95,0,0
9,2024-07-21,6351.2,15.54,68.38,2.51,99.5,1454.7,10.02,0,0
9,2024-07-22,6358.4,7.2,70.82,2.39,101.98,1444.2,9.78,0,0
9,2024-07-23,6364.7,6.32,68.87,2.516,99.2,1456.4,10.74,0,0
9,2024-07-24,6379.4,14.74,68.41,2.424,100.39,1459.7,9.99,0,0
9,2024-07-25,6391.9,12.45,67.32,2.336,101.53,1467.0,10.25,0,0
9,2024-07-26,6404.3,12.46,68.29,2.499,99.67,1445.1,10.83,0,0
9,2024-07-27,6420.0,15.64,69.46,2.344,99.96,1452.5,10.2,0,0
9,2024-07-28,6433.7,13.7,68.0,2.286,99.33,1449.4,10.62,0,0
9,2024-07-29,6443.6,9.97,66.92,2.1,98.83,1469.3,10.24,0,0
9,2024-07-30,6454.0,10.36,67.35,2.325,98.97,1440.1,10.45,0,0
9,2024-07-31,6461.5,7.45,66.85,2.227,101.81,1460.2,10.28,0,0
9,2024-08-01,6470.5,9.04,67.52,2.236,98.63,1450.9,9.99,0,0
9,2024-08-02,6480.9,10.45,67.07,2.272,99.48,1446.1,10.93,0,0
9,2024-08-03,6489.6,8.61,68.76,2.425,,1452.6,10.66,0,0
9,2024-08-04,6504.7,15.16,68.89,2.193,99.43,1455.8,10.3,0,0
9,2024-08-05,6510.8,6.12,,2.151,99.94,1439.2,10.08,0,0
9,2024-08-06,6522.7,11.87,68.16,2.078,100.38,1452.0,10.1,0,0
9,2024-08-07,6536.4,13.72,68.14,2.411,101.65,1451.7,10.27,0,0
9,2024-08-08,6549.7,13.32,68.55,2.449,101.16,1441.5,10.07,0,0
9,2024-08-09,6562.2,12.44,67.64,2.266,100.93,1460.8,10.35,0,0
9,2024-08-10,6572.3,10.1,67.08,2.276,100.98,1446.1,10.74,0,0
9,2024-08-11,6587.5,15.18,67.3,2.478,98.5,1464.3,10.2,0,0
9,2024-08-12,6596.8,9.29,68.81,2.325,100.29,1449.5,10.76,0,0
9,2024-08-13,6610.3,13.5,69.12,2.403,101.54,1437.0,10.03,0,0
9,2024-08-14,6625.5,15.27,70.6,2.382,102.13,1466.2,10.67,0,0
9,2024-08-15,6632.8,7.28,67.18,2.197,101.45,1444.2,10.7,0,0
9,2024-08-16,6648.3,15.47,67.13,2.411,99.72,1449.3,10.68,0,0
9,2024-08-17,6662.0,13.76,66.3,,100.94,1448.4,10.49,0,0
9,2024-08-18,6674.2,12.17,68.36,2.262,99.38,1449.8,10.34,0,0
9,2024-08-19,6683.9,9.73,68.75,2.296,101.62,1455.5,10.64,0,0
9,2024-08-20,6699.0,15.04,67.57,2.141,99.3,1463.5,10.41,0,0
9,2024-08-21,6705.4,6.44,66.68,2.467,99.2,1438.0,10.4,0,0
9,2024-08-22,6715.7,10.32,70.21,2.376,101.37,1452.6,10.07,0,0
9,2024-08-23,6729.3,13.57,68.57,2.367,100.24,1462.4,10.08,0,0
9,2024-08-24,6743.4,14.11,66.98,2.36,100.98,1454.5,10.51,0,0
9,2024-08-25,6751.4,8.02,67.85,2.405,101.06,1456.5,10.26,0,0
9,2024-08-26,6757.9,6.48,70.5,2.122,99.06,1462.7,10.58,0,0
9,2024-08-27,6771.9,14.03,69.15,2.759,100.3,1441.9,10.65,0,0
9,2024-08-28,6782.2,10.22,67.88,2.455,99.44,1455.5,9.96,0,0
9,2024-08-29,6789.6,7.44,67.25,2.402,98.26,1460.7,10.15,0,0
9,2024-08-30,6796.5,6.86,69.57,2.625,100.12,1457.7,10.13,0,0
9,2024-08-31,6808.9,12.41,66.78,2.4,99.54,1449.4,10.82,0,0
9,2024-09-01,6820.7,11.83,68.71,,100.82,1439.8,10.32,0,0
9,2024-09-02,6835.2,14.54,68.69,2.665,101.36,1456.5,10.47,0,0
9,2024-09-03,6841.5,6.32,69.31,2.552,99.49,1449.6,10.13,0,0
9,2024-09-04,6856.2,14.68,68.77,2.347,99.1,1458.9,10.38,0,0
9,2024-09-05,6871.1,14.87,68.83,2.337,100.15,1447.8,10.19,0,0
9,2024-09-06,6881.6,10.46,68.54,2.293,100.53,1465.2,9.82,0,0
9,2024-09-07,6888.3,6.77,68.51,2.469,100.74,1462.4,10.18,0,0
9,2024-09-08,6903.8,15.47,70.08,2.193,102.26,1444.1,10.43,0,0
9,2024-09-09,6910.5,6.72,68.22,2.325,101.39,1467.4,11.38,0,0
9,2024-09-10,6922.4,11.91,69.07,2.02,100.21,1443.5,9.98,0,0
9,2024-09-11,6933.4,10.93,67.81,2.191,102.57,1459.0,10.33,0,0
9,2024-09-12,6947.7,14.35,67.18,2.362,101.09,1452.2,10.44,0,0
9,2024-09-13,6958.7,11.03,67.73,2.435,101.21,1453.1,10.61,0,0
9,2024-09-14,6969.4,10.69,67.96,2.499,102.23,1462.9,10.25,0,0
9,2024-09-15,6984.2,14.81,67.16,2.359,100.68,1457.1,10.19,0,0
9,2024-09-16,6999.9,15.64,66.72,2.264,100.41,1444.2,10.59,0,0
9,2024-09-17,7011.4,11.49,69.4,2.259,100.56,1450.0,10.58,0,0
9,2024-09-18,7021.9,10.55,67.61,2.249,100.19,1458.0,10.63,0,0
9,2024-09-19,7036.2,14.31,67.92,2.653,99.72,1462.8,10.57,0,0
9,2024-09-20,7050.5,14.31,67.63,,99.03,1461.0,9.89,0,0
9,2024-09-21,7059.7,9.19,65.89,2.405,101.36,1452.5,10.58,0,0
9,2024-09-22,7071.5,11.76,69.84,2.312,101.41,1451.3,10.41,0,0
9,2024-09-23,7079.0,7.54,67.28,2.437,99.71,1470.2,9.69,0,0
9,2024-09-24,7091.4,12.36,69.22,2.201,100.28,1461.4,10.54,0,0
9,2024-09-25,7105.7,14.34,67.21,2.267,99.61,1452.6,10.23,0,0
9,2024-09-26,7113.6,7.88,68.43,2.415,100.79,1454.5,10.67,0,0
9,2024-09-27,7122.8,9.23,69.16,,100.8,1445.8,10.29,0,0
9,2024-09-28,7133.3,10.49,67.03,2.448,99.88,1451.5,10.54,0,0
9,2024-09-29,7147.8,14.45,67.8,2.426,99.97,1449.5,10.51,0,0
9,2024-09-30,7161.1,13.31,67.59,2.348,100.01,1451.1,10.04,0,0
9,2024-10-01,7170.3,9.17,67.76,2.315,99.64,1463.1,10.76,0,0
9,2024-10-02,7178.7,8.43,68.98,2.32,100.59,1444.0,10.12,0,0
9,2024-10-03,7191.6,12.96,69.59,2.47,98.08,1452.6,10.09,0,0
9,2024-10-04,7202.4,10.8,67.85,2.425,100.3,1446.6,10.66,0,0
9,2024-10-05,7214.4,11.94,68.48,2.583,101.97,1456.2,10.42,0,0
9,2024-10-06,7226.9,12.49,66.9,2.161,100.9,1465.0,11.02,0,0
9,2024-10-07,7238.5,11.59,70.68,2.132,99.27,1459.9,10.03,0,0
9,2024-10-08,7250.6,12.13,68.71,2.294,99.3,1456.0,10.56,0,0
9,2024-10-09,7265.5,14.88,69.05,2.313,99.7,1462.3,10.5,0,0
9,2024-10-10,7280.1,14.68,67.72,2.335,99.58,1461.4,10.74,0,0
9,2024-10-11,7287.6,7.49,69.28,2.576,100.91,1450.7,10.8,0,0
9,2024-10-12,7299.5,11.86,68.35,2.398,99.44,1440.5,10.59,0,0
9,2024-10-13,7309.9,10.39,69.17,2.38,100.89,1463.5,10.52,0,0
9,2024-10-14,7318.7,8.86,67.28,2.265,100.08,1444.8,10.36,0,0
9,2024-10-15,7331.1,12.31,68.39,2.325,100.54,1444.9,10.37,0,0
9,2024-10-16,7342.2,11.11,66.18,2.369,100.88,1452.0,10.63,0,0
9,2024-10-17,7355.9,13.75,68.83,2.326,100.71,1449.5,10.54,0,0
9,2024-10-18,7362.8,6.93,68.76,2.372,101.9,1444.8,10.54,0,0
9,2024-10-19,7371.9,9.03,66.36,2.41,101.6,1453.5,10.34,0,0
9,2024-10-20,7378.1,6.26,67.07,2.485,99.44,1451.8,9.95,0,0
9,2024-10-21,7391.6,13.46,67.39,2.485,102.41,1458.0,10.17,0,0
9,2024-10-22,7406.7,15.12,68.7,2.403,100.41,1454.3,10.19,0,0
9,2024-10-23,7418.6,11.87,65.39,2.537,100.64,1456.8,10.43,0,0
9,2024-10-24,7430.8,12.17,70.16,2.396,101.18,1453.0,10.69,0,0
9,2024-10-25,7437.2,6.46,67.46,2.23,99.27,1456.8,10.34,0,0
9,2024-10-26,7448.3,11.04,71.19,2.107,101.98,1450.9,10.1,0,0
9,2024-10-27,7459.5,11.27,68.22,2.554,100.56,1453.2,9.82,0,0
9,2024-10-28,7465.9,6.39,65.85,2.262,101.65,1447.4,10.23,0,0
9,2024-10-29,7479.7,13.82,66.63,2.486,100.2,1447.2,10.07,0,0
9,2024-10-30,7488.5,8.78,68.23,2.571,99.41,1454.6,10.61,0,0
9,2024-10-31,7501.8,13.23,66.84,2.209,100.93,1468.8,10.57,0,0
9,2024-11-01,7511.8,10.03,68.19,2.389,98.64,1451.5,10.28,0,0
9,2024-11-02,7527.7,15.96,67.7,2.819,98.45,1438.0,10.77,0,0
9,2024-11-03,7535.9,8.12,70.7,2.912,95.61,1424.1,10.84,0,0
9,2024-11-04,7542.5,6.58,73.61,2.974,98.86,1435.4,10.66,0,0
9,2024-11-05,7558.2,15.8,72.4,3.224,96.25,1432.8,11.23,0,0
9,2024-11-06,7566.7,8.44,74.64,3.457,95.74,1421.6,11.29,0,0
9,2024-11-07,7579.0,12.35,74.01,3.639,95.38,1415.0,11.67,0,0
9,2024-11-08,7588.8,9.75,77.08,3.899,95.17,1393.9,11.54,0,0
9,2024-11-09,7601.2,12.4,76.54,3.748,92.63,1400.1,12.15,0,0
9,2024-11-10,7613.1,11.96,78.29,4.189,91.74,1388.3,11.7,0,0
9,2024-11-11,7626.2,13.07,78.23,4.471,93.58,1391.8,11.6,0,0
9,2024-11-12,7632.4,6.18,79.66,4.423,91.22,1372.2,12.23,0,0
9,2024-11-13,7646.8,14.36,79.65,4.74,91.37,1374.0,12.68,1,0
9,2024-11-14,7657.5,10.79,83.57,4.648,89.83,1374.5,12.14,1,0
9,2024-11-15,7668.7,11.19,83.0,4.871,90.25,1356.6,12.55,1,0
9,2024-11-16,7678.8,10.11,83.14,5.086,88.38,1353.3,12.95,1,0
9,2024-11-17,7694.7,15.89,84.65,5.201,88.36,1357.1,12.26,1,0
9,2024-11-18,7708.8,14.02,86.32,5.236,87.96,1358.1,13.74,1,0
9,2024-11-19,7717.9,9.11,87.56,5.344,86.9,1343.7,13.31,1,0
9,2024-11-20,7731.7,13.83,87.28,5.82,86.36,1332.4,13.25,0,1
9,2024-11-21,7742.1,10.37,68.91,2.482,100.2,1449.2,10.62,0,0
9,2024-11-22,7756.8,14.7,68.19,2.096,98.84,1452.4,10.37,0,0
9,2024-11-23,7763.1,6.31,67.38,2.453,98.67,1459.4,10.21,0,0
9,2024-11-24,7772.6,9.55,67.82,2.406,99.03,1450.1,10.6,0,0
9,2024-11-25,7782.9,10.3,67.58,2.269,99.52,1450.5,10.48,0,0
9,2024-11-26,7796.4,13.44,70.08,2.404,101.18,1443.9,9.79,0,0
9,2024-11-27,7804.2,7.82,68.32,,98.19,1470.3,10.26,0,0
9,2024-11-28,7813.1,8.86,68.95,2.286,100.69,1461.9,10.2,0,0
9,2024-11-29,7826.3,13.24,69.41,2.226,99.59,1451.0,10.26,0,0
9,2024-11-30,7833.1,6.77,68.3,2.481,100.71,1465.0,10.46,0,0
9,2024-12-01,7841.1,8.01,69.15,2.301,101.79,1457.3,9.7,0,0
9,2024-12-02,7854.6,13.53,68.23,2.276,100.42,1446.8,10.65,0,0
9,2024-12-03,7869.4,14.76,68.11,2.243,101.13,1449.8,10.2,0,0
9,2024-12-04,7882.7,13.29,67.89,2.46,99.55,1446.1,10.59,0,0
9,2024-12-05,7893.9,11.27,67.75,2.441,99.63,1456.9,10.2,0,0
9,2024-12-06,7900.9,6.99,68.73,2.294,101.37,1471.4,10.27,0,0
9,2024-12-07,7915.2,14.27,67.14,2.414,102.33,1454.1,10.93,0,0
9,2024-12-08,7922.4,7.24,67.04,1.913,101.04,1449.2,10.05,0,0
9,2024-12-09,7932.3,9.85,69.09,2.222,98.42,1452.8,10.21,0,0
9,2024-12-10,7938.8,6.5,69.37,2.528,99.15,1467.8,10.17,0,0
9,2024-12-11,7951.9,13.1,69.9,2.313,99.86,1460.2,10.85,0,0
9,2024-12-12,7962.9,11.03,67.8,2.177,100.66,1455.5,9.97,0,0
9,2024-12-13,7978.0,15.08,66.48,2.612,99.62,1441.6,10.62,0,0
9,2024-12-14,7985.4,7.39,66.31,2.103,100.82,1456.1,9.88,0,0
9,2024-12-15,7999.6,14.19,69.54,2.164,99.16,1448.4,9.98,0,0
9,2024-12-16,8010.7,11.11,69.07,2.216,101.23,1465.3,10.13,0,0
9,2024-12-17,8020.3,9.66,68.67,2.238,100.4,1446.4,10.26,0,0
9,2024-12-18,8032.8,12.44,68.84,2.551,100.92,1447.5,10.67,0,0
9,2024-12-19,8046.7,13.9,68.89,2.318,98.37,1458.8,10.29,0,0
9,2024-12-20,8057.1,10.4,70.1,2.696,100.53,1454.8,10.52,0,0
9,2024-12-21,8065.4,8.33,67.12,2.056,99.47,1447.7,10.17,0,0
9,2024-12-22,8080.6,15.16,67.33,2.498,100.24,1445.3,10.38,0,0
9,2024-12-23,8089.7,9.13,68.69,2.288,99.78,1468.8,10.67,0,0
9,2024-12-24,8105.7,15.98,68.98,2.288,99.46,1453.5,10.55,0,0
9,2024-12-25,8119.4,13.67,67.0,2.278,100.18,1455.0,10.53,0,0
9,2024-12-26,8132.2,12.88,69.03,2.304,100.87,1455.1,9.81,0,0
9,2024-12-27,8138.4,6.12,67.76,2.481,101.61,1439.4,10.18,0,0
9,2024-12-28,8148.8,10.49,68.72,2.249,99.72,1461.0,10.4,0,0
9,2024-12-29,8159.9,11.02,66.91,2.348,101.29,1449.2,10.3,0,0
9,2024-12-30,8169.6,9.76,66.28,2.511,101.48,1449.1,10.21,0,0
10,2023-01-01,15.2,15.2,63.04,3.073,96.9,1464.0,11.23,0,0
10,2023-01-02,27.8,12.59,62.38,3.019,97.01,1475.6,10.99,0,0
10,2023-01-03,38.3,10.56,62.95,3.094,95.69,1470.1,11.09,0,0
10,2023-01-04,53.6,15.25,64.99,3.304,97.74,1464.3,11.8,0,0
10,2023-01-05,68.6,15.0,61.62,3.433,96.48,1451.5,10.84,0,0
10,2023-01-06,78.6,10.02,64.46,2.978,96.84,1470.2,10.97,0,0
10,2023-01-07,90.3,11.64,,3.268,97.24,1481.3,10.84,0,0
10,2023-01-08,105.3,15.05,62.81,2.926,,1471.8,10.72,0,0
10,2023-01-09,114.5,9.19,62.45,2.873,96.76,1467.7,10.96,0,0
10,2023-01-10,124.6,10.08,62.32,2.667,95.89,1459.1,11.02,0,0
10,2023-01-11,138.5,13.93,61.04,3.013,98.35,1451.8,10.84,0,0
10,2023-01-12,151.5,12.99,62.9,2.95,98.25,1472.7,11.84,0,0
10,2023-01-13,158.0,6.49,63.63,,97.95,1468.0,11.05,0,0
10,2023-01-14,165.2,7.17,62.59,3.002,96.87,1456.0,10.79,0,0
10,2023-01-15,179.6,14.46,62.29,3.002,97.42,1462.5,11.34,0,0
10,2023-01-16,185.9,6.3,61.99,3.015,95.79,1462.6,10.79,0,0
10,2023-01-17,201.1,15.2,62.81,2.672,96.84,1469.2,11.02,0,0
10,2023-01-18,209.8,8.72,63.31,2.812,95.15,1465.5,10.58,0,0
10,2023-01-19,221.8,11.98,63.76,3.01,96.28,1473.9,11.28,0,0
10,2023-01-20,233.5,11.65,60.86,2.759,97.42,1480.3,11.27,0,0
10,2023-01-21,243.4,9.96,62.26,3.068,97.87,1468.7,11.24,0,0
10,2023-01-22,249.7,6.31,63.46,2.913,95.93,1448.3,11.3,0,0
10,2023-01-23,257.7,7.92,61.56,2.939,96.07,1471.4,10.99,0,0
10,2023-01-24,269.8,12.15,62.55,3.024,97.26,1471.0,11.3,0,0
10,2023-01-25,280.3,10.46,63.49,3.112,95.06,1471.9,11.73,0,0
10,2023-01-26,290.4,10.14,62.65,3.067,98.31,1477.1,11.19,0,0
10,2023-01-27,297.4,6.98,62.8,2.954,95.97,1474.7,11.08,0,0
10,2023-01-28,306.9,9.47,61.59,3.053,,1468.1,10.65,0,0
10,2023-01-29,318.1,11.26,62.2,2.884,,1449.4,11.16,0,0
10,2023-01-30,324.9,6.78,63.03,2.758,96.64,1470.1,10.79,0,0
10,2023-01-31,331.6,6.67,63.51,2.749,96.49,1472.4,11.08,0,0
10,2023-02-01,342.5,10.92,62.37,,97.33,1479.2,10.8,0,0
10,2023-02-02,354.1,11.61,63.91,3.021,96.34,1476.0,10.78,0,0
10,2023-02-03,362.7,8.58,62.76,2.886,97.14,1475.8,11.05,0,0
10,2023-02-04,371.9,9.26,62.73,2.849,96.83,1459.4,11.64,0,0
10,2023-02-05,385.9,13.97,64.15,2.889,95.63,1466.5,10.88,0,0
10,2023-02-06,400.6,14.69,60.67,2.891,98.1,1449.4,10.77,0,0
10,2023-02-07,409.8,9.25,60.27,2.849,96.48,1457.7,11.76,0,0
10,2023-02-08,419.4,9.56,63.62,3.023,97.32,1467.4,10.92,0,0
10,2023-02-09,433.7,14.3,62.46,2.993,96.03,1462.5,11.03,0,0
10,2023-02-10,449.4,15.74,63.19,3.36,94.93,1463.5,11.04,0,0
10,2023-02-11,458.7,9.21,62.76,2.932,97.93,1477.2,11.23,0,0
10,2023-02-12,472.5,13.89,63.21,2.916,96.86,1443.7,10.77,0,0
10,2023-02-13,483.3,10.8,63.42,3.125,97.03,1472.6,11.01,0,0
10,2023-02-14,492.0,8.64,63.79,2.944,96.91,1478.5,11.2,0,0
10,2023-02-15,504.8,12.82,63.16,2.793,98.98,1468.0,11.08,0,0
10,2023-02-16,515.4,10.63,63.88,3.105,97.63,1467.0,10.82,0,0
10,2023-02-17,524.1,8.68,62.21,2.924,97.5,1472.9,10.74,0,0
10,2023-02-18,531.2,7.07,63.17,3.179,96.28,1467.7,11.23,0,0
10,2023-02-19,545.8,14.67,61.33,3.124,96.69,1461.5,10.96,0,0
10,2023-02-20,560.6,14.79,62.05,3.319,96.87,1476.5,11.47,0,0
10,2023-02-21,567.4,6.75,63.43,2.9,97.47,1453.8,11.05,0,0
10,2023-02-22,580.0,12.63,63.51,2.982,96.58,1461.3,11.21,0,0
10,2023-02-23,587.6,7.63,62.55,2.866,96.52,1461.7,11.27,0,0
10,2023-02-24,600.1,12.46,63.93,2.923,97.67,1464.0,11.21,0,0
10,2023-02-25,615.2,15.08,61.09,2.961,98.45,1462.4,10.84,0,0
10,2023-02-26,623.8,8.6,63.75,2.668,94.69,1451.8,11.33,0,0
10,2023-02-27,633.3,9.48,62.56,3.085,97.72,1472.2,11.31,0,0
10,2023-02-28,647.2,13.95,60.86,3.04,96.6,1471.8,10.89,0,0
10,2023-03-01,660.6,13.35,61.72,3.371,97.47,1461.8,10.94,0,0
10,2023-03-02,670.6,10.09,62.26,3.031,96.72,1470.7,11.14,0,0
10,2023-03-03,685.1,14.49,61.69,2.722,96.49,1476.6,11.25,0,0
10,2023-03-04,700.3,15.21,61.75,3.089,96.96,1464.1,10.95,0,0
10,2023-03-05,710.9,10.53,63.25,2.954,95.44,1472.0,11.15,0,0
10,2023-03-06,717.3,6.39,62.17,2.92,95.83,1463.4,10.88,0,0
10,2023-03-07,728.4,11.09,60.53,2.967,96.4,1470.8,11.04,0,0
10,2023-03-08,741.8,13.4,63.02,3.142,96.9,1482.2,11.03,0,0
10,2023-03-09,750.0,8.2,62.11,3.037,98.09,1471.6,11.72,0,0
10,2023-03-10,756.9,6.99,64.1,3.328,97.65,1462.8,11.35,0,0
10,2023-03-11,765.8,8.85,61.98,2.908,96.65,1465.4,11.04,0,0
10,2023-03-12,771.9,6.12,60.99,3.045,95.73,1460.7,11.11,0,0
10,2023-03-13,785.1,13.15,62.48,3.007,96.9,1465.4,10.93,0,0
10,2023-03-14,792.5,7.46,61.66,2.818,97.32,1460.3,11.0,0,0
10,2023-03-15,805.8,13.24,61.75,2.866,96.38,1464.6,11.1,0,0
10,2023-03-16,814.1,8.35,62.42,3.112,96.6,1450.1,10.93,0,0
10,2023-03-17,830.0,15.92,62.57,2.939,98.04,1461.7,11.2,0,0
10,2023-03-18,841.4,11.32,62.42,3.078,97.03,1464.1,11.21,0,0
10,2023-03-19,847.8,6.41,62.51,2.976,96.88,1477.4,11.79,0,0
10,2023-03-20,861.5,13.73,63.33,2.869,96.82,1472.5,10.39,0,0
10,2023-03-21,871.6,10.1,62.53,2.878,98.17,1465.3,10.99,0,0
10,2023-03-22,883.7,12.07,62.98,2.807,94.98,1455.3,10.85,0,0
10,2023-03-23,899.2,15.51,,3.135,97.29,1464.6,10.3,0,0
10,2023-03-24,910.4,11.17,62.14,2.937,95.0,1462.4,11.19,0,0
10,2023-03-25,924.4,14.04,62.73,2.843,96.39,1459.7,11.02,0,0
10,2023-03-26,933.4,9.03,62.82,2.897,95.17,1471.3,11.29,0,0
10,2023-03-27,946.6,13.15,61.34,2.75,97.26,1460.5,11.31,0,0
10,2023-03-28,953.6,6.99,60.58,3.053,94.77,1463.2,10.8,0,0
10,2023-03-29,968.5,14.93,62.78,3.045,95.33,1453.9,10.95,0,0
10,2023-03-30,976.5,8.0,61.69,3.1,96.81,1465.8,11.47,0,0
10,2023-03-31,985.5,9.02,64.35,2.918,96.89,1472.1,10.51,0,0
10,2023-04-01,1001.1,15.58,63.44,2.891,98.44,1460.2,10.94,0,0
10,2023-04-02,1008.6,7.55,61.71,3.003,98.53,1473.6,11.08,0,0
10,2023-04-03,1017.2,8.54,60.94,2.957,95.45,1473.0,10.89,0,0
10,2023-04-04,1029.0,11.8,61.49,2.808,96.27,1462.3,10.98,0,0
10,2023-04-05,1044.8,15.81,62.84,3.177,96.42,1475.4,11.47,0,0
10,2023-04-06,1057.7,12.91,62.43,2.915,97.86,1474.2,11.38,0,0
10,2023-04-07,1064.9,7.14,63.44,3.205,96.5,1470.1,10.68,0,0
10,2023-04-08,1078.3,13.48,61.67,2.781,94.95,1482.1,11.33,0,0
10,2023-04-09,1088.6,10.26,63.21,3.134,97.66,1473.0,11.12,0,0
10,2023-04-10,1104.5,15.92,63.06,2.983,96.34,1474.5,11.31,0,0
10,2023-04-11,1116.8,12.29,,3.004,98.43,1464.8,11.44,0,0
10,2023-04-12,1128.1,11.32,62.92,3.401,97.27,1458.2,11.19,0,0
10,2023-04-13,1139.7,11.57,61.86,2.882,97.68,1459.8,11.6,0,0
10,2023-04-14,1152.1,12.42,64.06,3.074,97.56,1465.0,11.5,0,0
10,2023-04-15,1165.4,13.32,62.47,3.146,95.86,1472.1,11.53,0,0
10,2023-04-16,1172.2,6.78,62.32,3.116,94.78,1463.8,11.02,0,0
10,2023-04-17,1179.5,7.31,62.86,2.975,98.51,1472.5,11.14,0,0
10,2023-04-18,1188.5,9.0,63.94,2.921,97.54,1450.7,11.05,0,0
10,2023-04-19,1199.3,10.78,63.79,3.016,95.81,1457.7,10.87,0,0
10,2023-04-20,1208.4,9.11,63.31,3.127,94.27,1460.6,11.4,0,0
10,2023-04-21,1216.6,8.14,63.62,,98.29,1458.3,11.27,0,0
10,2023-04-22,1231.8,15.25,63.15,2.908,97.08,1470.4,10.9,0,0
10,2023-04-23,1238.1,6.33,61.81,2.951,98.08,1464.2,11.18,0,0
10,2023-04-24,1253.5,15.39,63.68,2.983,97.31,1459.1,10.68,0,0
10,2023-04-25,1268.6,15.07,60.27,3.057,96.22,1470.2,10.26,0,0
10,2023-04-26,1281.4,12.84,62.71,3.058,96.25,1478.5,11.16,0,0
10,2023-04-27,1287.8,6.33,62.78,2.948,96.78,1470.7,11.59,0,0
10,2023-04-28,1296.0,8.25,64.9,3.166,96.8,1460.5,10.89,0,0
10,2023-04-29,1311.8,15.79,61.76,2.901,95.81,1467.3,11.01,0,0
10,2023-04-30,1326.9,15.06,63.73,3.166,96.74,1459.7,10.82,0,0
10,2023-05-01,1342.5,15.65,62.95,3.037,97.68,1471.8,11.06,0,0
10,2023-05-02,1358.5,15.96,62.39,3.141,96.88,1466.9,10.96,0,0
10,2023-05-03,1365.1,6.64,60.86,3.18,97.49,1475.7,11.06,0,0
10,2023-05-04,1376.8,11.71,62.95,2.871,97.19,1466.0,10.77,0,0
10,2023-05-05,1391.2,14.34,62.96,2.833,98.05,1466.9,11.0,0,0
10,2023-05-06,1400.4,9.2,62.48,3.236,97.35,1453.3,10.82,0,0
10,2023-05-07,1410.7,10.36,64.38,3.233,95.93,1450.2,10.43,0,0
10,2023-05-08,1419.5,8.84,63.87,3.037,95.42,1467.4,11.29,0,0
10,2023-05-09,1425.9,6.38,62.56,2.987,98.71,1452.4,11.15,0,0
10,2023-05-10,1432.7,6.73,63.84,2.763,95.92,1458.5,11.09,0,0
10,2023-05-11,1438.9,6.21,64.04,2.941,96.61,1468.3,11.19,0,0
10,2023-05-12,1450.1,11.27,,2.913,96.81,1462.3,10.61,0,0
10,2023-05-13,1462.3,12.18,61.71,3.101,96.25,1456.4,11.49,0,0
10,2023-05-14,1471.4,9.08,61.52,3.047,97.97,1460.2,11.04,0,0
10,2023-05-15,1485.7,14.26,63.75,3.245,96.9,1477.1,11.39,0,0
10,2023-05-16,1500.5,14.88,62.4,2.681,95.31,1466.1,10.65,0,0
10,2023-05-17,1507.9,7.4,62.02,3.076,97.17,1468.9,10.97,0,0
10,2023-05-18,1514.5,6.52,63.7,2.891,96.7,1465.9,11.6,0,0
10,2023-05-19,1523.7,9.19,62.42,2.978,97.4,1477.0,11.3,0,0
10,2023-05-20,1536.8,13.13,61.69,3.134,98.8,1468.0,10.66,0,0
10,2023-05-21,1547.9,11.07,64.23,2.953,96.13,1469.9,11.24,0,0
10,2023-05-22,1558.7,10.88,63.79,3.468,95.59,1451.6,10.88,0,0
10,2023-05-23,1566.3,7.52,62.1,2.93,99.79,1464.2,10.73,0,0
10,2023-05-24,1575.8,9.51,61.97,2.921,95.72,1463.5,10.89,0,0
10,2023-05-25,1591.4,15.59,62.56,2.719,98.76,1456.1,11.12,0,0
10,2023-05-26,1600.8,9.41,63.39,3.042,98.92,1453.8,11.11,0,0
10,2023-05-27,1612.7,11.91,63.87,2.995,96.53,1462.7,10.82,0,0
10,2023-05-28,1619.3,6.58,61.65,2.766,98.06,1486.7,11.02,0,0
10,2023-05-29,1625.9,6.64,61.11,2.92,95.82,1456.9,10.77,0,0
10,2023-05-30,1636.2,10.24,62.53,3.085,97.43,1466.9,11.04,0,0
10,2023-05-31,1648.2,12.04,61.66,2.805,97.84,1464.1,11.19,0,0
10,2023-06-01,1657.9,9.72,63.49,3.004,94.98,1463.1,10.78,0,0
10,2023-06-02,1665.7,7.79,64.19,3.286,96.45,1466.9,11.09,0,0
10,2023-06-03,1679.1,13.36,64.19,3.477,,1428.3,11.46,0,0
10,2023-06-04,1686.5,7.4,68.54,3.724,95.2,1430.6,12.0,0,0
10,2023-06-05,1699.1,12.68,68.0,,92.84,1443.7,11.68,0,0
10,2023-06-06,1714.7,15.57,69.77,3.765,89.4,1427.6,12.45,0,0
10,2023-06-07,1725.4,10.71,67.73,3.654,91.14,1414.0,12.06,0,0
10,2023-06-08,1733.4,8.0,70.21,3.812,89.92,1408.0,12.31,0,0
10,2023-06-09,1747.8,14.42,71.3,4.669,90.33,1391.3,12.67,0,0
10,2023-06-10,1758.9,11.05,74.0,4.312,87.09,1400.4,12.82,0,0
10,2023-06-11,1774.1,15.23,75.73,4.723,89.93,1391.7,12.94,0,0
10,2023-06-12,1787.3,13.21,73.87,4.727,86.86,1384.3,12.97,0,0
10,2023-06-13,1797.6,10.31,76.24,4.539,87.3,1373.2,13.09,1,0
10,2023-06-14,1809.8,12.17,78.4,4.767,83.25,1372.5,13.99,1,0
10,2023-06-15,1817.5,7.7,77.45,5.357,83.88,1356.6,13.95,1,0
10,2023-06-16,1827.4,9.87,78.39,5.051,85.12,1352.2,14.64,1,0
10,2023-06-17,1839.3,11.94,80.71,5.343,81.56,1353.3,14.32,1,0
10,2023-06-18,1851.2,11.9,79.62,5.423,80.2,1340.4,14.64,1,0
10,2023-06-19,1863.1,11.87,80.2,5.214,80.7,1337.5,15.13,1,0
10,2023-06-20,1876.5,13.44,80.16,6.013,80.83,1327.0,15.08,0,1
10,2023-06-21,1883.6,7.06,63.42,2.778,96.52,1468.9,10.97,0,0
10,2023-06-22,1890.3,6.74,64.1,2.985,96.74,1460.9,10.91,0,0
10,2023-06-23,1897.8,7.48,62.74,2.841,96.97,1467.5,11.18,0,0
10,2023-06-24,1911.7,13.92,63.75,3.136,96.57,1471.3,11.22,0,0
10,2023-06-25,1918.4,6.65,60.59,3.006,97.45,1464.7,11.2,0,0
10,2023-06-26,1926.6,8.25,63.33,3.205,95.55,1463.4,11.02,0,0
10,2023-06-27,1935.2,8.55,62.88,3.316,95.66,1461.6,10.95,0,0
10,2023-06-28,1947.7,12.47,61.87,3.149,97.24,1463.5,11.22,0,0
10,2023-06-29,1957.7,10.02,63.1,3.062,96.31,1477.0,11.04,0,0
10,2023-06-30,1965.7,7.99,64.53,,97.94,1473.8,10.67,0,0
10,2023-07-01,1976.2,10.5,63.65,2.916,96.46,1469.3,10.86,0,0
10,2023-07-02,1989.0,12.85,62.13,3.114,97.4,1461.1,10.75,0,0
10,2023-07-03,2002.9,13.86,62.13,2.988,97.45,1475.7,11.19,0,0
10,2023-07-04,2010.1,7.24,63.16,3.219,96.43,1479.6,10.86,0,0
10,2023-07-05,2023.3,13.15,63.33,3.221,96.83,1450.9,11.73,0,0
10,2023-07-06,2029.3,6.05,61.94,3.037,96.95,1464.4,11.24,0,0
10,2023-07-07,2042.5,13.24,64.52,2.863,95.87,1466.4,11.56,0,0
10,2023-07-08,2055.2,12.61,62.68,2.958,97.94,1461.5,11.56,0,0
10,2023-07-09,2065.8,10.69,63.87,3.128,96.42,1452.9,10.97,0,0
10,2023-07-10,2073.2,7.37,62.4,2.81,95.97,1458.5,11.41,0,0
10,2023-07-11,2086.9,13.65,64.93,3.138,97.01,1476.1,11.1,0,0
10,2023-07-12,2093.6,6.72,63.1,2.864,98.19,1457.5,11.43,0,0
10,2023-07-13,2108.5,14.96,60.9,2.896,96.78,1460.0,10.65,0,0
10,2023-07-14,2122.3,13.73,61.88,2.873,96.72,1466.3,11.18,0,0
10,2023-07-15,2135.7,13.41,63.2,2.802,97.04,1465.0,11.19,0,0
10,2023-07-16,2149.2,13.54,64.26,3.2,96.64,1460.8,11.49,0,0
10,2023-07-17,2155.9,6.68,62.91,3.035,96.04,1471.2,10.74,0,0
10,2023-07-18,2171.8,15.9,61.52,2.86,97.0,1471.0,11.0,0,0
10,2023-07-19,2186.4,14.59,62.65,2.905,96.62,1458.0,11.15,0,0
10,2023-07-20,2197.5,11.08,63.12,3.199,95.49,1454.6,11.2,0,0
10,2023-07-21,2210.7,13.19,63.55,2.947,96.63,1468.6,11.64,0,0
10,2023-07-22,2224.0,13.39,64.17,3.098,96.58,1464.5,11.16,0,0
10,2023-07-23,2238.3,14.3,63.99,2.953,96.68,1468.8,11.22,0,0
10,2023-07-24,2246.9,8.55,62.69,3.107,95.67,1464.7,11.35,0,0
10,2023-07-25,2256.6,9.72,61.1,2.864,97.49,1460.9,11.14,0,0
10,2023-07-26,2270.6,14.0,63.68,2.838,98.01,1463.5,10.87,0,0
10,2023-07-27,2284.3,13.69,62.24,2.972,96.81,1475.8,10.85,0,0
10,2023-07-28,2295.5,11.23,64.35,3.091,96.58,1459.6,11.31,0,0
10,2023-07-29,2305.5,9.96,63.39,2.919,97.14,1463.4,11.03,0,0
10,2023-07-30,2321.2,15.68,62.52,2.953,97.13,1454.2,10.75,0,0
10,2023-07-31,2331.3,10.15,64.85,3.009,96.23,1453.0,10.77,0,0
10,2023-08-01,2345.0,13.64,63.2,2.902,97.52,1455.2,11.1,0,0
10,2023-08-02,2355.1,10.13,63.96,2.881,96.21,1450.6,11.25,0,0
10,2023-08-03,2364.2,9.1,61.99,3.013,95.71,1455.5,11.33,0,0
10,2023-08-04,2376.6,12.41,61.77,3.181,96.65,1468.7,11.15,0,0
10,2023-08-05,2390.7,14.08,60.56,2.877,97.07,1470.5,10.66,0,0
10,2023-08-06,2406.5,15.81,63.65,2.943,96.64,1455.1,10.88,0,0
10,2023-08-07,2414.0,7.49,62.43,3.052,97.58,1455.2,10.5,0,0
10,2023-08-08,2428.7,14.76,65.06,3.017,96.8,1464.1,11.53,0,0
10,2023-08-09,2440.0,11.24,63.04,3.194,98.14,1483.4,10.46,0,0
10,2023-08-10,2447.1,7.08,63.05,2.981,97.77,1459.5,11.17,0,0
10,2023-08-11,2461.0,13.94,64.11,2.78,95.28,1462.7,11.33,0,0
10,2023-08-12,2470.3,9.32,62.54,2.807,96.41,1475.3,11.3,0,0
10,2023-08-13,2485.0,14.68,62.25,3.176,96.05,1474.3,11.66,0,0
10,2023-08-14,2492.6,7.58,61.55,2.802,97.42,1471.0,10.82,0,0
10,2023-08-15,2505.7,13.11,62.8,2.962,97.6,1473.1,10.94,0,0
10,2023-08-16,2514.7,9.01,63.12,2.822,97.55,1475.0,10.49,0,0
10,2023-08-17,2523.3,8.57,62.21,2.989,95.52,1460.9,11.12,0,0
10,2023-08-18,2529.8,6.5,64.15,3.025,96.61,1469.1,10.81,0,0
10,2023-08-19,2540.6,10.82,60.78,3.033,97.87,1461.9,11.31,0,0
10,2023-08-20,2550.5,9.92,63.52,2.968,97.24,1458.4,10.86,0,0
10,2023-08-21,2557.1,6.62,61.68,2.779,94.44,1469.4,11.18,0,0
10,2023-08-22,2565.4,8.27,63.55,2.9,98.72,1463.3,11.58,0,0
10,2023-08-23,2576.3,10.87,62.87,2.893,96.9,1464.0,10.84,0,0
10,2023-08-24,2590.3,14.08,62.89,3.133,97.27,1474.4,11.48,0,0
10,2023-08-25,2605.6,15.29,63.3,2.896,96.88,1468.0,10.54,0,0
10,2023-08-26,2616.8,11.15,63.53,2.699,96.34,1463.9,11.2,0,0
10,2023-08-27,2626.8,10.03,62.45,3.113,95.1,1464.3,11.2,0,0
10,2023-08-28,2642.4,15.55,63.1,3.057,96.41,1454.1,10.98,0,0
10,2023-08-29,2658.0,15.63,63.46,2.89,97.35,1470.5,11.3,0,0
10,2023-08-30,2665.9,7.9,64.3,2.796,96.67,1464.0,11.17,0,0
10,2023-08-31,2677.2,11.31,63.25,2.915,97.25,1463.2,11.18,0,0
10,2023-09-01,2691.4,14.21,62.36,,96.36,1477.9,10.89,0,0
10,2023-09-02,2705.7,14.22,64.62,3.073,96.61,1471.5,10.96,0,0
10,2023-09-03,2718.5,12.85,64.04,3.251,97.31,1466.7,11.36,0,0
10,2023-09-04,2729.2,10.71,63.73,3.031,96.69,1468.2,10.78,0,0
10,2023-09-05,2739.3,10.04,63.03,3.085,96.45,1474.1,10.91,0,0
10,2023-09-06,2753.3,14.06,62.69,2.746,97.47,1463.4,10.64,0,0
10,2023-09-07,2761.6,8.26,61.2,2.819,96.78,1470.9,11.05,0,0
10,2023-09-08,2771.9,10.28,63.94,3.15,96.02,1456.6,11.69,0,0
10,2023-09-09,2783.5,11.67,59.66,2.787,96.73,1467.0,11.22,0,0
10,2023-09-10,2797.8,14.32,62.95,2.87,96.47,1452.0,10.7,0,0
10,2023-09-11,2807.6,9.74,62.45,3.041,95.92,1466.3,11.5,0,0
10,2023-09-12,2819.1,11.49,63.27,3.04,98.85,1475.1,10.76,0,0
10,2023-09-13,2827.9,8.79,62.48,2.846,96.19,1461.0,11.35,0,0
10,2023-09-14,2842.2,14.37,62.89,3.217,97.14,1465.5,11.05,0,0
10,2023-09-15,2856.1,13.86,62.22,2.814,96.62,1459.5,11.22,0,0
10,2023-09-16,2870.3,14.2,62.87,3.029,98.08,1466.9,11.41,0,0
10,2023-09-17,2876.9,6.57,61.96,3.248,98.15,1456.2,10.63,0,0
10,2023-09-18,2887.7,10.87,62.7,3.036,97.37,1456.1,10.98,0,0
10,2023-09-19,2895.1,7.36,61.91,2.739,97.66,1468.8,11.33,0,0
10,2023-09-20,2907.8,12.74,64.51,3.124,95.24,1457.4,11.02,0,0
10,2023-09-21,2916.9,9.11,61.16,2.956,98.09,1477.2,10.9,0,0
10,2023-09-22,2930.7,13.75,61.8,3.089,97.56,1476.8,11.03,0,0
10,2023-09-23,2937.3,6.65,62.36,3.196,96.19,1457.3,10.91,0,0
10,2023-09-24,2948.5,11.13,62.25,2.743,96.27,1483.3,10.95,0,0
10,2023-09-25,2955.7,7.24,63.57,3.05,96.72,1464.7,11.5,0,0
10,2023-09-26,2967.3,11.58,62.74,3.169,99.0,1465.2,10.96,0,0
10,2023-09-27,2979.4,12.07,61.97,3.037,96.6,1471.8,11.49,0,0
10,2023-09-28,2990.0,10.62,62.37,3.211,96.17,1476.1,11.4,0,0
10,2023-09-29,2998.8,8.8,63.37,3.016,96.17,1475.9,11.22,0,0
10,2023-09-30,3005.1,6.32,60.53,3.238,94.96,1481.4,10.91,0,0
10,2023-10-01,3017.7,12.62,61.62,2.739,97.61,1468.5,11.15,0,0
10,2023-10-02,3032.4,14.7,62.4,3.12,97.64,1468.4,11.1,0,0
10,2023-10-03,3045.8,13.34,62.95,2.605,93.95,1468.7,10.91,0,0
10,2023-10-04,3060.7,14.93,62.7,3.036,98.35,1466.4,11.11,0,0
10,2023-10-05,3076.0,15.3,62.97,2.81,96.69,1454.0,10.93,0,0
10,2023-10-06,3086.5,10.5,62.6,3.107,96.24,1448.7,11.63,0,0
10,2023-10-07,3099.5,12.98,63.45,,95.3,1457.1,10.74,0,0
10,2023-10-08,3109.4,9.97,62.44,2.999,95.57,1471.8,11.28,0,0
10,2023-10-09,3124.6,15.2,61.99,2.891,97.28,1463.5,11.09,0,0
10,2023-10-10,3136.3,11.63,61.5,3.257,97.79,1456.6,11.3,0,0
10,2023-10-11,3149.8,13.52,62.42,2.953,95.81,1474.6,11.33,0,0
10,2023-10-12,3155.9,6.15,62.59,2.855,95.01,1460.3,11.42,0,0
10,2023-10-13,3167.7,11.76,62.39,2.761,96.62,1446.8,10.96,0,0
10,2023-10-14,3181.1,13.42,61.08,2.849,95.84,1455.3,10.63,0,0
10,2023-10-15,3189.7,8.57,63.0,2.831,96.95,1460.6,11.87,0,0
10,2023-10-16,3195.8,6.14,62.71,2.985,,1458.7,10.99,0,0
10,2023-10-17,3209.3,13.44,63.32,2.943,95.85,1464.1,10.63,0,0
10,2023-10-18,3218.6,9.38,62.5,2.657,97.31,1467.2,11.17,0,0
10,2023-10-19,3228.9,10.29,61.71,2.923,98.03,1467.4,11.04,0,0
10,2023-10-20,3240.5,11.62,62.62,2.644,97.03,1464.0,11.32,0,0
10,2023-10-21,3247.7,7.1,64.6,3.11,97.34,1472.7,11.06,0,0
10,2023-10-22,3254.7,7.04,62.01,2.954,96.12,1473.8,11.47,0,0
10,2023-10-23,3270.3,15.61,62.43,2.786,98.17,1469.3,11.0,0,0
10,2023-10-24,3279.7,9.39,61.82,2.947,97.35,1473.3,10.7,0,0
10,2023-10-25,3288.2,8.56,62.64,3.132,,1453.6,11.26,0,0
10,2023-10-26,3294.7,6.48,61.87,2.945,98.66,1448.9,10.73,0,0
10,2023-10-27,3302.5,7.74,,2.994,94.63,1457.1,11.12,0,0
10,2023-10-28,3312.8,10.31,63.84,3.112,97.98,1467.8,11.41,0,0
10,2023-10-29,3322.2,9.42,63.45,2.897,95.66,1473.0,10.89,0,0
10,2023-10-30,3332.4,10.25,62.6,2.849,96.92,1456.6,11.26,0,0
10,2023-10-31,3345.5,13.04,62.65,2.853,98.08,1468.1,11.17,0,0
10,2023-11-01,3357.9,12.42,63.51,3.108,95.51,1472.9,10.91,0,0
10,2023-11-02,3368.8,10.93,60.77,3.016,97.24,1461.5,11.51,0,0
10,2023-11-03,3383.0,14.15,62.22,3.064,94.9,1460.9,11.26,0,0
10,2023-11-04,3397.5,14.57,64.15,2.793,96.59,1471.1,11.47,0,0
10,2023-11-05,3409.5,11.91,63.47,3.235,98.31,1458.7,10.86,0,0
10,2023-11-06,3416.6,7.18,62.49,3.142,96.66,1458.8,11.12,0,0
10,2023-11-07,3426.7,10.06,61.75,2.96,96.95,1455.9,11.6,0,0
10,2023-11-08,3439.0,12.34,62.87,3.332,95.98,1449.9,11.49,0,0
10,2023-11-09,3445.7,6.63,64.05,3.25,93.02,1441.7,12.18,0,0
10,2023-11-10,3451.9,6.2,65.68,3.289,91.98,1414.9,11.68,0,0
10,2023-11-11,3467.3,15.48,66.93,3.721,93.26,1432.3,12.06,0,0
10,2023-11-12,3480.6,13.3,69.88,3.83,92.18,1436.6,12.5,0,0
10,2023-11-13,3488.2,7.53,68.46,4.018,89.96,1416.3,12.56,0,0
10,2023-11-14,3498.6,10.45,70.14,4.206,89.73,1403.0,12.71,0,0
10,2023-11-15,3506.6,7.94,72.5,4.323,89.42,1410.1,12.92,0,0
10,2023-11-16,3512.7,6.1,73.08,4.352,87.67,1394.6,12.43,0,0
10,2023-11-17,3522.6,9.92,74.41,4.462,88.43,1385.4,13.13,0,0
10,2023-11-18,3535.1,12.48,74.97,4.806,86.63,1391.9,13.47,0,0
10,2023-11-19,3550.6,15.54,77.2,4.692,85.59,1373.5,13.69,1,0
10,2023-11-20,3564.3,13.7,77.7,5.042,84.54,1372.6,13.5,1,0
10,2023-11-21,3572.6,8.3,77.0,4.719,84.55,1372.5,14.04,1,0
10,2023-11-22,3582.0,9.36,78.48,5.065,83.12,1358.2,14.28,1,0
10,2023-11-23,3593.2,11.21,80.35,5.278,80.49,1347.2,14.41,1,0
10,2023-11-24,3601.1,7.91,81.24,5.515,83.33,1347.5,14.53,1,0
10,2023-11-25,3615.4,14.33,83.25,5.677,78.48,1318.0,14.46,1,0
10,2023-11-26,3623.1,7.68,84.43,5.849,81.21,1336.4,14.69,0,1
10,2023-11-27,3632.0,8.9,63.76,3.017,96.0,1458.9,11.17,0,0
10,2023-11-28,3643.8,11.78,62.6,,96.3,1466.0,10.46,0,0
10,2023-11-29,3651.0,7.23,63.8,3.156,98.74,1465.4,11.42,0,0
10,2023-11-30,3663.3,12.25,63.93,3.006,94.48,1467.8,10.96,0,0
10,2023-12-01,3678.7,15.44,62.89,3.174,,1467.6,11.2,0,0
10,2023-12-02,3691.6,12.92,61.08,3.063,98.19,1458.2,11.43,0,0
10,2023-12-03,3705.7,14.13,61.7,2.986,96.26,1460.5,10.72,0,0
10,2023-12-04,3716.1,10.38,62.22,3.12,97.23,1458.7,11.21,0,0
10,2023-12-05,3725.8,9.65,62.29,3.025,98.02,1461.9,11.0,0,0
10,2023-12-06,3735.1,9.29,61.97,3.022,96.75,1451.9,10.57,0,0
10,2023-12-07,3747.7,12.6,62.34,2.861,98.25,1443.6,11.54,0,0
10,2023-12-08,3758.9,11.19,63.23,2.956,96.84,1468.7,10.79,0,0
10,2023-12-09,3769.6,10.72,62.97,2.91,96.31,1477.0,11.45,0,0
10,2023-12-10,3776.6,7.01,62.22,3.023,97.33,1456.2,10.74,0,0
10,2023-12-11,3789.3,12.73,63.22,3.013,98.02,1470.5,10.64,0,0
10,2023-12-12,3802.6,13.25,63.27,2.958,96.13,1454.3,10.72,0,0
10,2023-12-13,3810.5,7.96,63.17,2.964,96.61,1464.8,10.76,0,0
10,2023-12-14,3824.1,13.6,62.78,3.051,95.71,1469.8,10.8,0,0
10,2023-12-15,3838.9,14.79,63.04,2.72,96.49,1479.2,11.31,0,0
10,2023-12-16,3846.7,7.75,62.71,2.765,96.34,1465.8,11.71,0,0
10,2023-12-17,3857.2,10.52,62.42,2.958,97.13,1455.7,11.5,0,0
10,2023-12-18,3871.9,14.76,63.37,3.169,95.06,1465.3,11.09,0,0
10,2023-12-19,3882.8,10.87,63.67,3.199,96.66,1466.6,11.0,0,0
10,2023-12-20,3897.0,14.15,61.93,2.764,97.64,1484.6,11.0,0,0
10,2023-12-21,3905.1,8.16,65.06,3.455,97.33,1483.2,10.41,0,0
10,2023-12-22,3911.8,6.64,61.65,2.85,97.69,1470.7,11.13,0,0
10,2023-12-23,3918.4,6.59,62.67,2.836,97.57,1460.4,11.24,0,0
10,2023-12-24,3934.1,15.72,63.35,2.635,97.62,1466.3,10.8,0,0
10,2023-12-25,3941.7,7.65,63.0,2.886,95.84,1455.6,10.64,0,0
10,2023-12-26,3956.4,14.65,61.76,2.933,96.1,1458.2,11.07,0,0
10,2023-12-27,3965.5,9.16,62.95,3.215,97.71,1474.3,11.35,0,0
10,2023-12-28,3971.9,6.4,64.24,3.106,94.81,1472.1,10.79,0,0
10,2023-12-29,3980.4,8.41,62.53,3.15,95.07,1469.5,10.76,0,0
10,2023-12-30,3991.4,11.05,61.31,3.268,96.56,1461.2,10.89,0,0
10,2023-12-31,3998.5,7.07,61.33,3.319,96.81,1451.3,11.21,0,0
10,2024-01-01,4013.7,15.22,63.85,3.279,96.28,1464.2,10.85,0,0
10,2024-01-02,4028.7,15.0,62.38,3.039,95.0,1456.6,11.54,0,0
10,2024-01-03,4036.2,7.49,62.7,2.923,98.0,1457.9,10.94,0,0
10,2024-01-04,4049.6,13.37,63.05,3.137,96.21,1470.0,10.91,0,0
10,2024-01-05,4060.2,10.61,60.15,2.873,95.42,1484.2,11.09,0,0
10,2024-01-06,4076.0,15.82,63.77,3.076,94.17,1464.2,11.37,0,0
10,2024-01-07,4082.5,6.55,64.54,2.952,,1466.7,11.26,0,0
10,2024-01-08,4093.3,10.71,62.33,2.9,96.78,1456.8,10.52,0,0
10,2024-01-09,4102.1,8.85,62.62,2.734,95.98,1458.4,11.23,0,0
10,2024-01-10,4115.4,13.26,63.44,3.053,97.7,1464.2,11.38,0,0
10,2024-01-11,4122.5,7.11,62.27,2.843,97.44,1444.7,11.4,0,0
10,2024-01-12,4134.8,12.28,63.83,3.077,97.01,1456.8,11.52,0,0
10,2024-01-13,4150.2,15.48,63.25,2.963,96.86,1469.6,11.75,0,0
10,2024-01-14,4160.8,10.54,63.99,2.979,96.44,1478.5,11.1,0,0
10,2024-01-15,4171.3,10.54,61.57,2.962,97.4,1468.4,10.98,0,0
10,2024-01-16,4182.3,10.96,63.09,2.773,95.05,1459.3,10.83,0,0
10,2024-01-17,4192.4,10.16,63.15,2.879,96.49,1455.1,10.72,0,0
10,2024-01-18,4202.9,10.47,63.45,2.855,95.38,1463.1,10.94,0,0
10,2024-01-19,4213.5,10.63,62.61,2.852,97.15,1463.6,10.92,0,0
10,2024-01-20,4229.5,15.98,61.82,2.847,,1458.7,10.76,0,0
10,2024-01-21,4236.7,7.16,61.26,2.837,96.91,1471.4,11.14,0,0
10,2024-01-22,4245.5,8.85,62.19,2.865,96.63,1454.4,11.06,0,0
10,2024-01-23,4253.7,8.11,62.1,2.874,95.35,1459.5,11.1,0,0
10,2024-01-24,4265.1,11.44,62.31,3.065,97.2,1462.1,10.78,0,0
10,2024-01-25,4271.1,6.03,62.55,3.012,97.71,1482.6,11.21,0,0
10,2024-01-26,4286.3,15.21,61.46,2.841,96.75,1472.3,10.88,0,0
10,2024-01-27,4297.6,11.31,61.71,2.922,96.27,1468.7,11.52,0,0
10,2024-01-28,4312.6,14.96,62.28,2.706,95.94,1471.3,10.42,0,0
10,2024-01-29,4322.1,9.45,63.14,3.007,98.05,1466.9,10.91,0,0
10,2024-01-30,4329.6,7.5,62.09,2.945,98.73,1467.2,11.22,0,0
10,2024-01-31,4337.5,7.92,63.13,2.844,96.81,1463.4,10.68,0,0
10,2024-02-01,4348.2,10.71,64.47,3.299,96.8,1474.8,11.47,0,0
10,2024-02-02,4354.6,6.4,62.71,2.945,97.08,1466.2,11.38,0,0
10,2024-02-03,4368.4,13.82,64.37,3.051,97.73,1461.3,11.58,0,0
10,2024-02-04,4382.3,13.91,63.93,2.933,97.72,1472.8,11.46,0,0
10,2024-02-05,4395.3,13.02,63.27,2.813,98.21,1463.5,11.29,0,0
10,2024-02-06,4410.3,14.96,62.26,3.012,97.06,1464.8,11.12,0,0
10,2024-02-07,4421.8,11.49,62.5,2.907,99.1,1463.4,10.71,0,0
10,2024-02-08,4432.6,10.79,63.64,3.088,97.52,1477.9,11.48,0,0
10,2024-02-09,4443.9,11.29,62.8,2.938,96.79,1464.1,10.88,0,0
10,2024-02-10,4451.7,7.82,64.65,2.945,98.12,1467.0,11.01,0,0
10,2024-02-11,4462.8,11.12,62.42,3.138,99.39,1444.1,10.96,0,0
10,2024-02-12,4474.2,11.42,62.61,3.005,96.26,1464.1,10.91,0,0
10,2024-02-13,4487.9,13.65,64.62,3.01,96.57,1466.5,11.42,0,0
10,2024-02-14,4497.4,9.48,61.73,3.02,97.12,1476.6,11.35,0,0
10,2024-02-15,4504.3,6.92,64.8,3.121,96.12,1470.3,11.23,0,0
10,2024-02-16,4516.3,11.97,60.56,3.357,97.86,1464.6,11.08,0,0
10,2024-02-17,4530.1,13.88,61.89,2.916,96.49,1463.5,10.56,0,0
10,2024-02-18,4545.8,15.7,61.61,2.965,96.4,1446.2,11.05,0,0
10,2024-02-19,4552.7,6.9,61.06,2.88,97.42,1459.9,11.48,0,0
10,2024-02-20,4566.2,13.46,62.05,2.941,98.62,1465.7,10.93,0,0
10,2024-02-21,4578.2,11.96,62.27,3.037,95.75,1448.5,10.91,0,0
10,2024-02-22,4584.3,6.15,62.92,3.058,95.68,1467.7,11.33,0,0
10,2024-02-23,4597.5,13.18,60.66,3.153,96.96,1475.4,11.07,0,0
10,2024-02-24,4603.8,6.26,64.54,2.928,95.4,1475.9,11.45,0,0
10,2024-02-25,4617.6,13.85,62.17,3.041,96.25,1459.1,10.81,0,0
10,2024-02-26,4630.8,13.21,62.95,2.847,96.72,1477.6,11.14,0,0
10,2024-02-27,4643.7,12.88,62.12,2.865,97.85,1463.9,11.17,0,0
10,2024-02-28,4650.9,7.2,62.74,3.117,95.55,1457.6,11.05,0,0
10,2024-02-29,4666.1,15.19,63.0,2.939,96.64,1461.7,11.48,0,0
10,2024-03-01,4681.1,14.99,63.41,2.881,96.16,1465.4,11.09,0,0
10,2024-03-02,4696.1,15.0,60.98,2.754,95.96,1447.3,11.28,0,0
10,2024-03-03,4705.7,9.6,64.53,3.131,97.05,1473.4,11.05,0,0
10,2024-03-04,4716.6,10.92,60.21,2.725,97.34,1449.8,11.07,0,0
10,2024-03-05,4723.8,7.15,62.98,2.751,96.75,1463.4,11.18,0,0
10,2024-03-06,4730.3,6.51,63.02,3.071,97.27,1473.4,10.8,0,0
10,2024-03-07,4736.9,6.59,62.02,2.95,95.77,1464.9,10.9,0,0
10,2024-03-08,4748.5,11.69,62.62,3.04,97.36,1469.2,11.04,0,0
10,2024-03-09,4757.8,9.21,,,97.48,1475.3,11.09,0,0
10,2024-03-10,4769.6,11.8,61.87,3.115,97.51,1471.6,11.07,0,0
10,2024-03-11,4781.5,11.93,60.03,3.165,94.77,1467.2,10.55,0,0
10,2024-03-12,4796.5,15.07,62.26,3.181,97.58,1487.2,11.38,0,0
10,2024-03-13,4811.4,14.82,64.61,2.95,97.34,1453.6,11.06,0,0
10,2024-03-14,4824.6,13.19,61.68,2.815,98.08,1468.3,10.68,0,0
10,2024-03-15,4838.7,14.19,62.18,2.98,95.72,1469.7,10.96,0,0
10,2024-03-16,4844.8,6.03,62.24,2.858,97.2,1450.8,11.55,0,0
10,2024-03-17,4850.9,6.16,62.24,2.897,96.5,1460.2,10.88,0,0
10,2024-03-18,4861.5,10.59,61.2,3.268,95.14,1456.7,11.67,0,0
10,2024-03-19,4874.1,12.54,63.56,3.111,96.96,1465.5,10.95,0,0
10,2024-03-20,4888.0,13.94,63.05,2.942,95.02,1462.0,11.54,0,0
10,2024-03-21,4898.5,10.47,62.42,2.969,96.6,1480.8,11.46,0,0
10,2024-03-22,4913.9,15.4,61.54,2.909,96.71,1473.9,11.12,0,0
10,2024-03-23,4928.0,14.15,62.06,3.011,96.22,1467.5,10.7,0,0
10,2024-03-24,4935.0,7.03,63.22,2.919,97.11,1464.7,10.82,0,0
10,2024-03-25,4945.4,10.4,63.12,3.146,95.46,1447.2,10.99,0,0
10,2024-03-26,4961.4,15.95,62.65,2.982,95.99,1451.3,11.18,0,0
10,2024-03-27,4971.5,10.1,63.25,2.851,98.55,1468.6,10.81,0,0
10,2024-03-28,4981.4,9.86,64.77,3.201,96.3,1466.7,10.58,0,0
10,2024-03-29,4990.3,8.94,63.84,3.054,96.32,1450.9,11.07,0,0
10,2024-03-30,5001.2,10.86,61.44,3.042,96.02,1470.0,10.8,0,0
10,2024-03-31,5014.5,13.3,64.43,2.708,97.9,1461.7,10.85,0,0
10,2024-04-01,5020.9,6.47,62.49,2.977,97.26,1456.2,10.87,0,0
10,2024-04-02,5035.3,14.36,63.49,2.875,95.81,1466.9,11.1,0,0
10,2024-04-03,5050.5,15.18,62.44,2.559,97.12,1469.6,11.27,0,0
10,2024-04-04,5064.3,13.81,60.97,2.971,97.92,1459.7,11.51,0,0
10,2024-04-05,5079.4,15.16,62.96,2.963,97.48,1470.2,10.68,0,0
10,2024-04-06,5086.4,6.95,64.09,3.172,97.73,1458.9,10.92,0,0
10,2024-04-07,5096.9,10.5,61.73,2.898,98.53,1460.8,11.26,0,0
10,2024-04-08,5103.6,6.71,62.31,2.862,95.61,1445.1,11.09,0,0
10,2024-04-09,5118.0,14.37,64.78,2.882,97.37,1467.8,10.77,0,0
10,2024-04-10,5133.5,15.53,64.02,3.021,96.11,1451.8,11.37,0,0
10,2024-04-11,5142.5,8.98,63.63,3.157,96.06,1457.1,11.08,0,0
10,2024-04-12,5153.8,11.35,63.41,2.984,97.03,1461.0,11.58,0,0
10,2024-04-13,5162.8,8.98,63.03,2.897,95.81,1473.9,11.11,0,0
10,2024-04-14,5172.6,9.79,61.85,2.956,96.7,1460.6,10.92,0,0
10,2024-04-15,5183.4,10.77,62.22,3.082,98.17,1474.4,10.93,0,0
10,2024-04-16,5197.3,13.91,64.05,3.158,97.67,1453.0,10.64,0,0
10,2024-04-17,5204.7,7.47,62.57,3.161,95.55,1469.0,11.5,0,0
10,2024-04-18,5212.3,7.57,60.96,2.967,95.31,1471.9,11.04,0,0
10,2024-04-19,5220.3,8.02,62.84,3.053,96.63,1464.4,10.53,0,0
10,2024-04-20,5226.9,6.53,60.77,3.105,96.25,1473.6,11.35,0,0
10,2024-04-21,5239.3,12.43,62.03,2.973,97.43,1462.4,10.75,0,0
10,2024-04-22,5247.2,7.9,60.99,3.086,95.82,1465.6,11.24,0,0
10,2024-04-23,5257.6,10.38,62.73,3.099,97.11,1443.0,10.93,0,0
10,2024-04-24,5270.4,12.86,62.98,3.064,97.26,1461.0,11.23,0,0
10,2024-04-25,5280.9,10.49,,3.106,96.78,1456.0,10.66,0,0
10,2024-04-26,5296.0,15.06,63.31,3.294,96.93,1472.5,11.16,0,0
10,2024-04-27,5309.7,13.69,62.25,2.86,98.82,1471.7,10.84,0,0
10,2024-04-28,5318.4,8.73,61.82,3.181,96.71,1474.5,10.54,0,0
10,2024-04-29,5325.7,7.3,63.19,3.013,97.71,1446.3,11.25,0,0
10,2024-04-30,5340.6,14.94,61.04,2.976,95.75,1466.5,11.02,0,0
10,2024-05-01,5350.6,9.97,64.25,2.901,96.26,1467.7,10.89,0,0
10,2024-05-02,5360.4,9.83,63.16,3.026,96.03,1450.0,10.91,0,0
10,2024-05-03,5374.5,14.1,61.56,2.906,97.82,1453.4,11.27,0,0
10,2024-05-04,5380.6,6.09,,2.96,97.33,1482.3,11.08,0,0
10,2024-05-05,5391.1,10.51,62.21,2.766,97.68,1471.1,11.25,0,0
10,2024-05-06,5404.3,13.14,62.65,3.0,96.79,1462.2,11.08,0,0
10,2024-05-07,5418.8,14.49,,2.849,95.28,1473.9,11.37,0,0
10,2024-05-08,5433.6,14.85,62.47,2.959,97.37,1455.4,10.66,0,0
10,2024-05-09,5444.3,10.66,63.06,2.985,97.19,1467.2,10.64,0,0
10,2024-05-10,5458.8,14.48,62.27,2.846,97.99,1470.9,11.23,0,0
10,2024-05-11,5465.1,6.36,64.18,2.843,97.43,1453.7,11.37,0,0
10,2024-05-12,5474.2,9.05,63.5,2.917,97.05,1457.6,11.22,0,0
10,2024-05-13,5480.3,6.1,63.83,2.883,97.3,1464.8,11.41,0,0
10,2024-05-14,5487.9,7.66,63.1,3.002,97.77,1474.5,11.35,0,0
10,2024-05-15,5501.2,13.25,63.91,2.963,97.72,1478.2,11.16,0,0
10,2024-05-16,5507.2,6.04,60.61,3.123,96.43,1477.8,10.5,0,0
10,2024-05-17,5518.4,11.23,62.72,2.996,95.46,1471.1,11.04,0,0
10,2024-05-18,5528.6,10.14,,3.033,97.58,1465.5,10.96,0,0
10,2024-05-19,5535.8,7.23,63.74,2.969,96.88,1487.8,11.23,0,0
10,2024-05-20,5548.7,12.86,63.35,2.751,96.66,1467.0,11.25,0,0
10,2024-05-21,5561.6,12.93,62.04,2.967,97.94,1469.8,10.61,0,0
10,2024-05-22,5574.9,13.26,63.42,2.684,96.64,1474.6,10.7,0,0
10,2024-05-23,5588.5,13.65,63.21,2.914,97.3,1457.7,10.35,0,0
10,2024-05-24,5597.7,9.15,61.43,3.07,98.23,1473.2,11.57,0,0
10,2024-05-25,5613.6,15.94,63.78,2.812,97.34,1458.2,11.24,0,0
10,2024-05-26,5620.3,6.73,62.56,2.663,96.15,1472.8,10.94,0,0
10,2024-05-27,5632.8,12.48,61.75,2.871,96.55,1473.7,11.14,0,0
10,2024-05-28,5648.5,15.71,61.51,3.007,96.94,1470.3,11.18,0,0
10,2024-05-29,5656.8,8.24,62.22,2.916,97.52,1466.9,11.29,0,0
10,2024-05-30,5665.5,8.78,63.0,2.788,97.38,1476.9,10.48,0,0
10,2024-05-31,5677.3,11.76,62.29,2.908,96.26,1453.2,10.83,0,0
10,2024-06-01,5691.1,13.81,61.84,3.059,97.4,1461.1,11.14,0,0
10,2024-06-02,5700.4,9.29,62.05,2.933,100.27,1458.2,11.09,0,0
10,2024-06-03,5714.8,14.37,62.92,3.104,97.18,1463.7,11.25,0,0
10,2024-06-04,5723.2,8.41,63.69,2.901,96.33,1464.0,10.68,0,0
10,2024-06-05,5737.9,14.74,62.8,2.758,98.13,1463.7,10.99,0,0
10,2024-06-06,5746.5,8.53,64.51,3.234,96.17,1485.4,11.05,0,0
10,2024-06-07,5758.6,12.17,61.84,3.041,98.26,1460.9,11.26,0,0
10,2024-06-08,5768.2,9.58,62.09,3.185,96.7,1464.0,11.16,0,0
10,2024-06-09,5777.4,9.22,63.29,2.969,97.48,1480.6,10.8,0,0
10,2024-06-10,5787.0,9.54,62.57,2.942,96.28,1472.0,11.41,0,0
10,2024-06-11,5798.0,10.99,63.87,3.196,97.33,1468.2,10.91,0,0
10,2024-06-12,5812.4,14.45,62.4,3.351,96.37,1470.2,10.98,0,0
10,2024-06-13,5826.0,13.59,65.08,3.056,96.19,1443.7,11.49,0,0
10,2024-06-14,5836.5,10.49,66.5,3.297,93.97,1454.6,11.4,0,0
10,2024-06-15,5845.3,8.82,65.03,3.39,,1449.4,12.16,0,0
10,2024-06-16,5859.9,14.54,66.55,3.757,93.06,1444.2,12.45,0,0
10,2024-06-17,5874.6,14.7,68.28,3.682,89.65,1429.3,12.09,0,0
10,2024-06-18,5885.1,10.54,68.57,4.007,91.21,1414.6,12.14,0,0
10,2024-06-19,5898.1,12.96,70.86,4.189,87.63,1420.7,12.79,0,0
10,2024-06-20,5907.8,9.69,72.66,4.483,87.85,1394.5,12.82,0,0
10,2024-06-21,5915.2,7.49,72.47,4.173,88.04,1403.7,12.79,0,0
10,2024-06-22,5924.5,9.21,74.77,4.648,85.72,1394.8,13.08,0,0
10,2024-06-23,5937.3,12.82,74.03,,85.85,1386.8,13.35,0,0
10,2024-06-24,5951.0,13.69,75.3,5.031,85.67,1377.0,13.09,1,0
10,2024-06-25,5965.5,14.52,76.43,5.037,84.83,1383.5,14.03,1,0
10,2024-06-26,5971.7,6.18,77.93,5.157,83.13,1368.6,13.67,1,0
10,2024-06-27,5982.5,10.86,77.52,5.038,83.35,1364.5,14.0,1,0
10,2024-06-28,5991.3,8.74,78.73,5.256,83.73,1351.3,14.36,1,0
10,2024-06-29,6004.1,12.84,79.61,5.482,81.42,1353.1,14.83,1,0
10,2024-06-30,6012.6,8.45,82.48,5.471,80.13,1334.3,15.27,1,0
10,2024-07-01,6024.2,11.66,83.61,5.793,80.19,1321.0,14.82,0,1
10,2024-07-02,6037.3,13.12,59.63,3.254,95.83,1461.1,11.36,0,0
10,2024-07-03,6051.0,13.7,64.38,2.89,97.94,1460.3,10.91,0,0
10,2024-07-04,6059.7,8.69,60.78,2.877,98.06,1446.9,11.24,0,0
10,2024-07-05,6066.6,6.88,63.64,2.896,98.8,1465.2,10.91,0,0
10,2024-07-06,6074.8,8.19,63.79,3.207,97.37,1454.3,10.57,0,0
10,2024-07-07,6086.8,11.99,63.87,2.955,95.82,1462.8,11.36,0,0
10,2024-07-08,6093.2,6.4,62.09,3.227,97.89,1465.4,10.86,0,0
10,2024-07-09,6100.8,7.59,62.85,3.1,95.29,1459.8,11.14,0,0
10,2024-07-10,6116.7,15.95,62.55,3.051,98.08,1466.4,10.59,0,0
10,2024-07-11,6126.6,9.82,64.54,3.268,97.02,1463.7,10.68,0,0
10,2024-07-12,6137.5,10.97,62.47,2.872,96.38,1457.0,10.52,0,0
10,2024-07-13,6143.6,6.11,64.12,2.72,96.47,1459.3,11.17,0,0
10,2024-07-14,6155.6,11.92,61.72,2.879,96.7,1470.5,10.78,0,0
10,2024-07-15,6164.8,9.25,62.11,2.954,98.01,1468.8,11.5,0,0
10,2024-07-16,6176.1,11.3,62.43,3.025,95.03,1485.0,10.62,0,0
10,2024-07-17,6187.4,11.26,62.75,3.1,97.28,1459.4,11.13,0,0
10,2024-07-18,6203.1,15.67,62.68,3.043,97.68,1463.4,10.46,0,0
10,2024-07-19,6211.7,8.68,62.14,3.06,95.79,1459.4,11.71,0,0
10,2024-07-20,6223.4,11.7,60.62,2.976,98.62,1456.6,10.71,0,0
10,2024-07-21,6233.3,9.82,61.47,3.079,98.08,1459.2,11.26,0,0
10,2024-07-22,6243.5,10.22,63.29,3.031,96.18,1458.2,10.91,0,0
10,2024-07-23,6250.0,6.56,63.61,3.178,97.1,1466.5,11.29,0,0
10,2024-07-24,6262.9,12.88,62.45,3.067,95.91,1460.1,10.76,0,0
10,2024-07-25,6270.9,7.95,61.93,3.099,96.49,1461.1,11.11,0,0
10,2024-07-26,6281.6,10.68,61.05,3.38,95.32,1460.0,10.89,0,0
10,2024-07-27,6291.9,10.34,64.12,,96.93,1459.9,11.88,0,0
10,2024-07-28,6302.6,10.68,63.28,3.135,95.61,1463.3,10.78,0,0
10,2024-07-29,6312.3,9.76,61.51,3.0,95.88,1483.7,10.74,0,0
10,2024-07-30,6320.8,8.42,63.07,2.947,97.31,1468.4,11.54,0,0
10,2024-07-31,6331.2,10.49,62.81,2.965,97.19,1470.2,11.29,0,0
10,2024-08-01,6337.7,6.46,63.77,3.104,95.97,1449.4,10.83,0,0
10,2024-08-02,6346.1,8.42,62.91,2.963,95.4,1465.0,11.1,0,0
10,2024-08-03,6360.0,13.85,,2.729,97.45,1459.3,11.11,0,0
10,2024-08-04,6374.4,14.43,63.35,2.915,97.57,1467.8,11.15,0,0
10,2024-08-05,6387.6,13.15,,3.198,97.9,1472.5,11.3,0,0
10,2024-08-06,6399.9,12.33,62.75,3.091,97.9,1465.7,10.73,0,0
10,2024-08-07,6414.0,14.11,61.62,2.647,97.23,1463.9,11.15,0,0
10,2024-08-08,6421.3,7.28,63.31,2.879,96.71,1464.3,10.97,0,0
10,2024-08-09,6432.5,11.25,63.36,2.822,96.31,1462.8,10.31,0,0
10,2024-08-10,6439.7,7.16,63.05,2.705,97.47,1448.2,10.91,0,0
10,2024-08-11,6453.5,13.78,63.15,2.975,95.93,1463.1,10.91,0,0
10,2024-08-12,6464.7,11.21,62.22,3.168,97.32,1456.9,11.33,0,0
10,2024-08-13,6478.8,14.1,62.87,2.841,95.19,1446.2,11.45,0,0
10,2024-08-14,6492.8,13.99,63.7,2.9,97.49,1466.7,11.26,0,0
10,2024-08-15,6503.4,10.66,63.16,2.938,97.1,1452.1,10.44,0,0
10,2024-08-16,6514.4,10.97,63.68,2.716,96.0,1465.9,11.7,0,0
10,2024-08-17,6520.7,6.28,63.66,3.307,96.79,1459.2,11.4,0,0
10,2024-08-18,6531.9,11.24,64.56,3.111,96.76,1454.5,11.05,0,0
10,2024-08-19,6544.7,12.77,63.88,3.011,98.56,1470.9,11.12,0,0
10,2024-08-20,6553.0,8.34,62.19,2.883,96.61,1469.7,11.22,0,0
10,2024-08-21,6568.9,15.87,62.29,2.792,97.16,1469.1,11.11,0,0
10,2024-08-22,6584.6,15.75,60.9,2.867,97.38,1461.2,11.33,0,0
10,2024-08-23,6593.5,8.83,61.93,3.15,96.6,1456.5,11.51,0,0
10,2024-08-24,6606.6,13.13,63.22,2.886,98.39,1460.3,10.5,0,0
10,2024-08-25,6612.9,6.3,63.65,2.973,96.99,1463.7,10.97,0,0
10,2024-08-26,6625.6,12.66,61.8,2.992,94.65,1454.0,11.19,0,0
10,2024-08-27,6637.8,12.24,63.55,3.479,96.91,1468.2,10.69,0,0
10,2024-08-28,6652.0,14.22,62.89,2.895,99.07,1477.0,11.71,0,0
10,2024-08-29,6661.1,9.04,63.88,2.814,96.37,1462.1,10.27,0,0
10,2024-08-30,6675.8,14.78,63.92,2.709,97.3,1464.8,10.87,0,0
10,2024-08-31,6690.4,14.58,63.14,2.885,96.21,1480.0,11.28,0,0
10,2024-09-01,6703.1,12.7,62.41,3.335,96.72,1470.5,11.75,0,0
10,2024-09-02,6713.8,10.72,63.04,3.07,98.03,1467.2,11.17,0,0
10,2024-09-03,6726.0,12.18,,,97.64,1460.4,11.26,0,0
10,2024-09-04,6739.3,13.3,63.98,3.053,97.2,1473.2,10.9,0,0
10,2024-09-05,6755.1,15.75,62.45,2.933,96.99,1465.6,11.67,0,0
10,2024-09-06,6762.3,7.22,64.04,3.089,96.74,1467.2,11.59,0,0
10,2024-09-07,6771.4,9.13,62.59,2.844,97.13,1444.0,11.33,0,0
10,2024-09-08,6785.2,13.81,65.39,3.082,98.01,1473.4,10.33,0,0
10,2024-09-09,6795.3,10.09,62.23,3.136,96.88,1466.2,11.11,0,0
10,2024-09-10,6808.1,12.72,61.89,3.133,97.18,1459.9,10.88,0,0
10,2024-09-11,6815.4,7.33,63.63,2.953,95.74,1472.1,11.08,0,0
10,2024-09-12,6828.5,13.09,63.52,3.165,96.03,1468.2,10.93,0,0
10,2024-09-13,6841.2,12.74,61.56,2.817,98.27,1472.7,11.2,0,0
10,2024-09-14,6853.1,11.86,62.66,3.094,97.71,1459.3,10.89,0,0
10,2024-09-15,6866.7,13.65,63.33,3.026,97.38,1460.8,11.0,0,0
10,2024-09-16,6881.5,14.8,62.78,2.879,97.98,1461.6,10.95,0,0
10,2024-09-17,6895.8,14.29,63.69,2.819,97.19,1458.2,11.19,0,0
10,2024-09-18,6903.1,7.28,63.15,2.972,97.17,1462.8,10.63,0,0
10,2024-09-19,6916.5,13.44,63.57,2.995,96.52,1471.1,10.54,0,0
10,2024-09-20,6927.0,10.5,62.99,2.89,97.13,1458.9,11.32,0,0
10,2024-09-21,6936.4,9.34,63.75,2.789,95.8,1467.6,10.95,0,0
10,2024-09-22,6951.2,14.8,63.77,3.11,95.96,1448.3,11.3,0,0
10,2024-09-23,6962.8,11.6,62.92,3.129,96.07,1468.4,11.33,0,0
10,2024-09-24,6973.8,11.01,62.72,3.299,98.5,1468.4,10.88,0,0
10,2024-09-25,6987.6,13.85,62.39,2.884,96.86,1461.2,10.9,0,0
10,2024-09-26,6999.2,11.53,62.47,2.994,97.23,1460.5,10.89,0,0
10,2024-09-27,7013.7,14.58,63.06,3.128,96.26,1472.5,10.66,0,0
10,2024-09-28,7020.8,7.03,63.47,3.142,96.71,1456.1,10.58,0,0
10,2024-09-29,7034.5,13.76,63.9,3.04,96.37,1478.1,11.03,0,0
10,2024-09-30,7042.2,7.64,61.03,3.092,95.63,1464.4,10.68,0,0
10,2024-10-01,7050.4,8.25,60.45,2.884,96.07,1460.6,11.02,0,0
10,2024-10-02,7058.2,7.79,62.59,3.001,95.26,1451.3,10.8,0,0
10,2024-10-03,7066.6,8.38,62.87,2.853,97.08,1470.3,10.81,0,0
10,2024-10-04,7079.9,13.32,60.79,3.085,97.84,1465.7,10.98,0,0
10,2024-10-05,7092.5,12.55,62.96,3.146,96.52,1470.1,11.59,0,0
10,2024-10-06,7100.8,8.3,61.62,3.505,97.37,1476.2,11.54,0,0
10,2024-10-07,7109.5,8.7,62.87,3.206,96.6,1459.0,11.39,0,0
10,2024-10-08,7116.5,6.99,60.82,2.727,97.73,1461.7,11.1,0,0
10,2024-10-09,7126.6,10.14,62.18,2.83,96.73,1457.2,10.53,0,0
10,2024-10-10,7136.4,9.79,63.0,3.207,98.34,1459.1,11.42,0,0
10,2024-10-11,7143.9,7.46,63.31,3.068,96.47,1473.5,10.87,0,0
10,2024-10-12,7158.2,14.35,62.84,3.0,98.53,1471.5,11.55,0,0
10,2024-10-13,7172.7,14.53,61.65,2.976,95.5,1466.0,10.85,0,0
10,2024-10-14,7179.8,7.09,63.12,2.84,97.0,1469.5,11.47,0,0
10,2024-10-15,7188.5,8.66,61.88,2.689,96.3,1479.4,11.3,0,0
10,2024-10-16,7201.8,13.36,63.19,2.845,97.35,1462.0,10.43,0,0
10,2024-10-17,7216.5,14.7,64.41,2.952,95.64,1471.8,11.36,0,0
10,2024-10-18,7223.3,6.72,62.42,3.016,95.89,1470.1,11.1,0,0
10,2024-10-19,7238.3,15.02,64.82,2.942,96.19,1458.9,10.68,0,0
10,2024-10-20,7244.9,6.62,63.35,2.791,96.09,1464.2,10.95,0,0
10,2024-10-21,7257.2,12.34,62.49,2.903,96.58,1459.8,11.79,0,0
10,2024-10-22,7263.5,6.22,64.63,3.003,95.13,1477.2,10.47,0,0
10,2024-10-23,7278.7,15.28,62.74,3.021,97.31,1456.0,11.1,0,0
10,2024-10-24,7288.3,9.54,61.86,2.922,97.55,1448.4,10.89,0,0
10,2024-10-25,7300.8,12.49,62.12,2.929,94.83,1452.5,11.25,0,0
10,2024-10-26,7308.6,7.85,62.82,3.104,97.81,1460.6,11.39,0,0
10,2024-10-27,7317.8,9.21,62.04,3.021,95.84,1467.3,11.15,0,0
10,2024-10-28,7331.3,13.47,62.37,2.927,96.36,1453.2,11.37,0,0
10,2024-10-29,7347.0,15.73,62.13,3.036,96.84,1467.0,10.78,0,0
10,2024-10-30,7362.9,15.92,63.31,2.682,96.48,1468.0,11.04,0,0
10,2024-10-31,7377.0,14.1,64.72,2.94,95.85,1462.0,11.59,0,0
10,2024-11-01,7391.5,14.47,62.61,2.96,96.2,1463.7,10.88,0,0
10,2024-11-02,7407.2,15.69,61.84,2.98,96.75,1469.1,10.81,0,0
10,2024-11-03,7413.6,6.4,62.66,2.853,96.52,1467.3,10.91,0,0
10,2024-11-04,7421.3,7.7,61.76,3.081,96.31,1466.1,11.24,0,0
10,2024-11-05,7427.8,6.53,65.87,2.795,96.43,1449.2,11.08,0,0
10,2024-11-06,7438.9,11.01,63.82,2.729,97.39,1460.2,11.29,0,0
10,2024-11-07,7454.4,15.58,,2.956,96.84,1455.9,10.84,0,0
10,2024-11-08,7466.3,11.82,63.58,2.895,95.32,1470.0,10.62,0,0
10,2024-11-09,7477.8,11.55,61.55,2.786,96.94,1461.3,10.87,0,0
10,2024-11-10,7492.1,14.27,63.15,3.047,97.85,1476.7,10.65,0,0
10,2024-11-11,7507.4,15.29,63.15,2.978,97.07,1474.7,11.13,0,0
10,2024-11-12,7520.4,12.99,63.83,3.126,98.3,1475.8,11.01,0,0
10,2024-11-13,7535.3,14.95,63.1,3.032,95.21,1462.1,11.1,0,0
10,2024-11-14,7543.1,7.75,61.91,2.966,96.44,1459.9,11.16,0,0
10,2024-11-15,7554.1,11.03,64.79,2.812,98.78,1462.2,10.9,0,0
10,2024-11-16,7563.7,9.65,63.59,2.809,97.37,1472.6,11.27,0,0
10,2024-11-17,7573.1,9.33,62.41,2.932,95.49,1474.5,11.13,0,0
10,2024-11-18,7581.2,8.14,62.74,2.915,97.37,1463.0,10.9,0,0
10,2024-11-19,7596.1,14.94,63.24,3.101,96.65,1474.1,11.2,0,0
10,2024-11-20,7606.7,10.5,62.41,3.102,97.69,1463.2,11.19,0,0
10,2024-11-21,7618.0,11.3,62.86,,96.63,1466.7,11.75,0,0
10,2024-11-22,7626.7,8.76,63.08,2.806,97.79,1461.5,11.26,0,0
10,2024-11-23,7642.3,15.63,62.56,2.729,96.71,1481.1,11.4,0,0
10,2024-11-24,7654.5,12.11,63.47,2.88,97.16,1480.0,10.95,0,0
10,2024-11-25,7660.5,6.01,62.43,3.152,98.24,1471.4,10.8,0,0
10,2024-11-26,7669.1,8.68,62.12,3.038,97.06,1463.1,11.25,0,0
10,2024-11-27,7685.1,15.99,63.74,3.01,95.7,1451.4,10.85,0,0
10,2024-11-28,7700.9,15.75,63.38,2.968,95.89,1465.6,10.93,0,0
10,2024-11-29,7712.3,11.45,62.72,2.88,98.12,1469.7,10.64,0,0
10,2024-11-30,7724.0,11.64,62.09,,94.68,1453.7,11.08,0,0
10,2024-12-01,7739.0,15.02,63.59,3.065,96.12,1479.1,10.99,0,0
10,2024-12-02,7752.1,13.09,62.69,3.129,99.76,1476.4,10.99,0,0
10,2024-12-03,7767.4,15.32,62.5,2.842,96.52,1457.8,11.32,0,0
10,2024-12-04,7778.2,10.79,62.16,2.939,97.2,1466.2,10.89,0,0
10,2024-12-05,7793.9,15.76,61.55,2.792,96.1,1466.9,11.1,0,0
10,2024-12-06,7805.3,11.4,63.75,2.857,97.32,1464.7,10.92,0,0
10,2024-12-07,7817.8,12.45,61.87,2.87,97.63,1467.1,10.68,0,0
10,2024-12-08,7824.6,6.83,61.37,3.058,96.52,1460.0,11.14,0,0
10,2024-12-09,7836.7,12.12,62.65,3.046,96.96,1464.1,11.21,0,0
10,2024-12-10,7850.4,13.68,63.03,3.161,95.73,1466.3,11.31,0,0
10,2024-12-11,7860.8,10.39,64.25,2.649,96.34,1460.1,11.22,0,0
10,2024-12-12,7871.8,11.02,63.05,2.942,96.88,1470.9,10.94,0,0
10,2024-12-13,7881.8,9.93,60.71,3.451,98.83,1465.2,11.63,0,0
10,2024-12-14,7897.5,15.69,61.76,3.071,95.44,1461.1,11.07,0,0
10,2024-12-15,7908.2,10.77,64.26,2.953,97.4,1457.8,11.09,0,0
10,2024-12-16,7915.5,7.26,62.71,3.102,97.84,1470.1,10.73,0,0
10,2024-12-17,7921.8,6.29,61.67,2.857,96.56,1465.8,10.88,0,0
10,2024-12-18,7935.5,13.72,61.39,2.822,97.54,1459.0,11.43,0,0
10,2024-12-19,7947.0,11.48,63.33,2.976,97.94,1462.6,11.23,0,0
10,2024-12-20,7953.0,6.03,61.82,3.028,98.85,1462.3,10.74,0,0
10,2024-12-21,7962.8,9.83,62.64,3.091,98.69,1471.8,10.73,0,0
10,2024-12-22,7978.0,15.14,62.35,3.097,94.74,1477.3,11.25,0,0
10,2024-12-23,7993.4,15.48,64.5,2.858,96.36,1463.9,10.91,0,0
10,2024-12-24,8000.0,6.54,61.65,3.034,97.31,1468.0,11.54,0,0
10,2024-12-25,8007.2,7.23,64.13,3.134,97.01,1470.1,12.04,0,0
10,2024-12-26,8013.3,6.05,64.98,3.109,97.66,1455.9,11.13,0,0
10,2024-12-27,8027.9,14.69,61.69,3.084,97.15,1465.5,11.28,0,0
10,2024-12-28,8034.7,6.71,61.31,3.064,97.16,1468.7,11.27,0,0
10,2024-12-29,8041.7,7.08,63.04,3.051,97.01,1469.2,10.95,0,0
10,2024-12-30,8050.0,8.28,62.8,2.98,97.26,1463.0,10.84,0,0
